/*
MySQL Backup
Database: acm_cloud
Backup Time: 2019-05-08 19:19:56
*/
CREATE DATABASE acm_cloud;

GRANT SELECT,INSERT,UPDATE,DELETE,CREATE,DROP,ALTER ON acm_cloud.* TO acm_cloud@localhost IDENTIFIED BY '123456';

use acm_cloud;

SET FOREIGN_KEY_CHECKS=0;
DROP TABLE IF EXISTS `acm_cloud`.`auth_client`;
DROP TABLE IF EXISTS `acm_cloud`.`auth_client_service`;
DROP TABLE IF EXISTS `acm_cloud`.`base_element`;
DROP TABLE IF EXISTS `acm_cloud`.`base_group`;
DROP TABLE IF EXISTS `acm_cloud`.`base_group_leader`;
DROP TABLE IF EXISTS `acm_cloud`.`base_group_member`;
DROP TABLE IF EXISTS `acm_cloud`.`base_group_type`;
DROP TABLE IF EXISTS `acm_cloud`.`base_menu`;
DROP TABLE IF EXISTS `acm_cloud`.`base_resource_authority`;
DROP TABLE IF EXISTS `acm_cloud`.`base_user`;
DROP TABLE IF EXISTS `acm_cloud`.`wsd_base_bo`;
DROP TABLE IF EXISTS `acm_cloud`.`wsd_base_calendar`;
DROP TABLE IF EXISTS `acm_cloud`.`wsd_base_classify`;
DROP TABLE IF EXISTS `acm_cloud`.`wsd_base_classifyassign`;
DROP TABLE IF EXISTS `acm_cloud`.`wsd_base_coderule`;
DROP TABLE IF EXISTS `acm_cloud`.`wsd_base_coderule_bo`;
DROP TABLE IF EXISTS `acm_cloud`.`wsd_base_coderule_cell`;
DROP TABLE IF EXISTS `acm_cloud`.`wsd_base_coderule_type`;
DROP TABLE IF EXISTS `acm_cloud`.`wsd_base_currency`;
DROP TABLE IF EXISTS `acm_cloud`.`wsd_base_dict`;
DROP TABLE IF EXISTS `acm_cloud`.`wsd_base_dict_type`;
DROP TABLE IF EXISTS `acm_cloud`.`wsd_base_set`;
DROP TABLE IF EXISTS `acm_cloud`.`wsd_base_time`;
DROP TABLE IF EXISTS `acm_cloud`.`wsd_base_tmpldelv`;
DROP TABLE IF EXISTS `acm_cloud`.`wsd_base_tmpldelv_type`;
DROP TABLE IF EXISTS `acm_cloud`.`wsd_base_tmpldoc`;
DROP TABLE IF EXISTS `acm_cloud`.`wsd_base_tmplfile`;
DROP TABLE IF EXISTS `acm_cloud`.`wsd_base_tmplplan`;
DROP TABLE IF EXISTS `acm_cloud`.`wsd_base_tmpltask`;
DROP TABLE IF EXISTS `acm_cloud`.`wsd_base_tmpltaskdelv`;
DROP TABLE IF EXISTS `acm_cloud`.`wsd_base_tmpltaskpred`;
DROP TABLE IF EXISTS `acm_cloud`.`wsd_sys_bizvar`;
DROP TABLE IF EXISTS `acm_cloud`.`wsd_sys_bizvar_wf`;
DROP TABLE IF EXISTS `acm_cloud`.`wsd_sys_favorites`;
DROP TABLE IF EXISTS `acm_cloud`.`wsd_sys_favorites_copy`;
DROP TABLE IF EXISTS `acm_cloud`.`wsd_sys_func`;
DROP TABLE IF EXISTS `acm_cloud`.`wsd_sys_i18n`;
DROP TABLE IF EXISTS `acm_cloud`.`wsd_sys_i18n_relation`;
DROP TABLE IF EXISTS `acm_cloud`.`wsd_sys_ipaccess`;
DROP TABLE IF EXISTS `acm_cloud`.`wsd_sys_ipt`;
DROP TABLE IF EXISTS `acm_cloud`.`wsd_sys_menu`;
DROP TABLE IF EXISTS `acm_cloud`.`wsd_sys_message`;
DROP TABLE IF EXISTS `acm_cloud`.`wsd_sys_message_drafts`;
DROP TABLE IF EXISTS `acm_cloud`.`wsd_sys_message_drafts_user`;
DROP TABLE IF EXISTS `acm_cloud`.`wsd_sys_message_relation`;
DROP TABLE IF EXISTS `acm_cloud`.`wsd_sys_message_user`;
DROP TABLE IF EXISTS `acm_cloud`.`wsd_sys_operation_audit`;
DROP TABLE IF EXISTS `acm_cloud`.`wsd_sys_org`;
DROP TABLE IF EXISTS `acm_cloud`.`wsd_sys_pwdrule`;
DROP TABLE IF EXISTS `acm_cloud`.`wsd_sys_role`;
DROP TABLE IF EXISTS `acm_cloud`.`wsd_sys_roleauth`;
DROP TABLE IF EXISTS `acm_cloud`.`wsd_sys_user`;
DROP TABLE IF EXISTS `acm_cloud`.`wsd_sys_useript`;
DROP TABLE IF EXISTS `acm_cloud`.`wsd_sys_user_copy`;
DROP TABLE IF EXISTS `acm_cloud`.`wsd_sys_useript_role`;
DROP TABLE IF EXISTS `acm_cloud`.`wsd_sys_userorg`;
DROP TABLE IF EXISTS `acm_cloud`.`wsd_sys_userorg_role`;
CREATE TABLE `auth_client` (
  `id` int(11) NOT NULL AUTO_INCREMENT,
  `code` varchar(255) DEFAULT NULL COMMENT '服务编码',
  `secret` varchar(255) DEFAULT NULL COMMENT '服务密钥',
  `name` varchar(255) DEFAULT NULL COMMENT '服务名',
  `locked` char(1) DEFAULT NULL COMMENT '是否锁定',
  `description` varchar(255) DEFAULT NULL COMMENT '描述',
  `crt_time` datetime DEFAULT NULL COMMENT '创建时间',
  `crt_user` varchar(255) DEFAULT NULL COMMENT '创建人',
  `crt_name` varchar(255) DEFAULT NULL COMMENT '创建人姓名',
  `crt_host` varchar(255) DEFAULT NULL COMMENT '创建主机',
  `upd_time` datetime DEFAULT NULL COMMENT '更新时间',
  `upd_user` varchar(255) DEFAULT NULL COMMENT '更新人',
  `upd_name` varchar(255) DEFAULT NULL COMMENT '更新姓名',
  `upd_host` varchar(255) DEFAULT NULL COMMENT '更新主机',
  `attr1` varchar(255) DEFAULT NULL,
  `attr2` varchar(255) DEFAULT NULL,
  `attr3` varchar(255) DEFAULT NULL,
  `attr4` varchar(255) DEFAULT NULL,
  `attr5` varchar(255) DEFAULT NULL,
  `attr6` varchar(255) DEFAULT NULL,
  `attr7` varchar(255) DEFAULT NULL,
  `attr8` varchar(255) DEFAULT NULL,
  PRIMARY KEY (`id`)
) ENGINE=InnoDB AUTO_INCREMENT=29 DEFAULT CHARSET=utf8mb4;
CREATE TABLE `auth_client_service` (
  `id` int(11) NOT NULL AUTO_INCREMENT,
  `service_id` varchar(255) DEFAULT NULL,
  `client_id` varchar(255) DEFAULT NULL,
  `description` varchar(255) DEFAULT NULL,
  `crt_time` datetime DEFAULT NULL,
  `crt_user` varchar(255) DEFAULT NULL,
  `crt_name` varchar(255) DEFAULT NULL,
  `crt_host` varchar(255) DEFAULT NULL,
  `attr1` varchar(255) DEFAULT NULL,
  `attr2` varchar(255) DEFAULT NULL,
  `attr3` varchar(255) DEFAULT NULL,
  `attr4` varchar(255) DEFAULT NULL,
  `attr5` varchar(255) DEFAULT NULL,
  `attr6` varchar(255) DEFAULT NULL,
  `attr7` varchar(255) DEFAULT NULL,
  `attr8` varchar(255) DEFAULT NULL,
  PRIMARY KEY (`id`)
) ENGINE=InnoDB AUTO_INCREMENT=43 DEFAULT CHARSET=utf8mb4;
CREATE TABLE `base_element` (
  `id` int(11) NOT NULL AUTO_INCREMENT,
  `code` varchar(255) DEFAULT NULL COMMENT '资源编码',
  `type` varchar(255) DEFAULT NULL COMMENT '资源类型',
  `name` varchar(255) DEFAULT NULL COMMENT '资源名称',
  `uri` varchar(255) DEFAULT NULL COMMENT '资源路径',
  `menu_id` varchar(255) DEFAULT NULL COMMENT '资源关联菜单',
  `parent_id` varchar(255) DEFAULT NULL,
  `path` varchar(2000) DEFAULT NULL COMMENT '资源树状检索路径',
  `method` varchar(10) DEFAULT NULL COMMENT '资源请求类型',
  `description` varchar(255) DEFAULT NULL COMMENT '描述',
  `crt_time` datetime DEFAULT NULL,
  `crt_user` varchar(255) DEFAULT NULL,
  `crt_name` varchar(255) DEFAULT NULL,
  `crt_host` varchar(255) DEFAULT NULL,
  `attr1` varchar(255) DEFAULT NULL,
  `attr2` varchar(255) DEFAULT NULL,
  `attr3` varchar(255) DEFAULT NULL,
  `attr4` varchar(255) DEFAULT NULL,
  `attr5` varchar(255) DEFAULT NULL,
  `attr6` varchar(255) DEFAULT NULL,
  `attr7` varchar(255) DEFAULT NULL,
  `attr8` varchar(255) DEFAULT NULL,
  PRIMARY KEY (`id`)
) ENGINE=InnoDB AUTO_INCREMENT=47 DEFAULT CHARSET=utf8mb4;
CREATE TABLE `base_group` (
  `id` int(11) NOT NULL AUTO_INCREMENT,
  `code` varchar(255) DEFAULT NULL COMMENT '角色编码',
  `name` varchar(255) DEFAULT NULL COMMENT '角色名称',
  `parent_id` int(11) NOT NULL COMMENT '上级节点',
  `path` varchar(2000) DEFAULT NULL COMMENT '树状关系',
  `type` char(1) DEFAULT NULL COMMENT '类型',
  `group_type` int(11) NOT NULL COMMENT '角色组类型',
  `description` varchar(255) DEFAULT NULL,
  `crt_time` datetime DEFAULT NULL,
  `crt_user` varchar(255) DEFAULT NULL,
  `crt_name` varchar(255) DEFAULT NULL,
  `crt_host` varchar(255) DEFAULT NULL,
  `upd_time` datetime DEFAULT NULL,
  `upd_user` varchar(255) DEFAULT NULL,
  `upd_name` varchar(255) DEFAULT NULL,
  `upd_host` varchar(255) DEFAULT NULL,
  `attr1` varchar(255) DEFAULT NULL,
  `attr2` varchar(255) DEFAULT NULL,
  `attr3` varchar(255) DEFAULT NULL,
  `attr4` varchar(255) DEFAULT NULL,
  `attr5` varchar(255) DEFAULT NULL,
  `attr6` varchar(255) DEFAULT NULL,
  `attr7` varchar(255) DEFAULT NULL,
  `attr8` varchar(255) DEFAULT NULL,
  PRIMARY KEY (`id`)
) ENGINE=InnoDB AUTO_INCREMENT=10 DEFAULT CHARSET=utf8mb4;
CREATE TABLE `base_group_leader` (
  `id` int(11) NOT NULL AUTO_INCREMENT,
  `group_id` varchar(255) DEFAULT NULL,
  `user_id` varchar(255) DEFAULT NULL,
  `description` varchar(255) DEFAULT NULL,
  `crt_time` datetime DEFAULT NULL,
  `crt_user` varchar(255) DEFAULT NULL,
  `crt_name` varchar(255) DEFAULT NULL,
  `crt_host` varchar(255) DEFAULT NULL,
  `upd_time` datetime DEFAULT NULL,
  `upd_user` varchar(255) DEFAULT NULL,
  `upd_name` varchar(255) DEFAULT NULL,
  `upd_host` varchar(255) DEFAULT NULL,
  `attr1` varchar(255) DEFAULT NULL,
  `attr2` varchar(255) DEFAULT NULL,
  `attr3` varchar(255) DEFAULT NULL,
  `attr4` varchar(255) DEFAULT NULL,
  `attr5` varchar(255) DEFAULT NULL,
  `attr6` varchar(255) DEFAULT NULL,
  `attr7` varchar(255) DEFAULT NULL,
  `attr8` varchar(255) DEFAULT NULL,
  PRIMARY KEY (`id`)
) ENGINE=InnoDB AUTO_INCREMENT=14 DEFAULT CHARSET=utf8mb4;
CREATE TABLE `base_group_member` (
  `id` int(11) NOT NULL AUTO_INCREMENT,
  `group_id` varchar(255) DEFAULT NULL,
  `user_id` varchar(255) DEFAULT NULL,
  `description` varchar(255) DEFAULT NULL,
  `crt_time` datetime DEFAULT NULL,
  `crt_user` varchar(255) DEFAULT NULL,
  `crt_name` varchar(255) DEFAULT NULL,
  `crt_host` varchar(255) DEFAULT NULL,
  `upd_time` datetime DEFAULT NULL,
  `upd_user` varchar(255) DEFAULT NULL,
  `upd_name` varchar(255) DEFAULT NULL,
  `upd_host` varchar(255) DEFAULT NULL,
  `attr1` varchar(255) DEFAULT NULL,
  `attr2` varchar(255) DEFAULT NULL,
  `attr3` varchar(255) DEFAULT NULL,
  `attr4` varchar(255) DEFAULT NULL,
  `attr5` varchar(255) DEFAULT NULL,
  `attr6` varchar(255) DEFAULT NULL,
  `attr7` varchar(255) DEFAULT NULL,
  `attr8` varchar(255) DEFAULT NULL,
  PRIMARY KEY (`id`)
) ENGINE=InnoDB AUTO_INCREMENT=11 DEFAULT CHARSET=utf8mb4;
CREATE TABLE `base_group_type` (
  `id` int(11) NOT NULL AUTO_INCREMENT,
  `code` varchar(255) DEFAULT NULL COMMENT '编码',
  `name` varchar(255) DEFAULT NULL COMMENT '类型名称',
  `description` varchar(255) DEFAULT NULL COMMENT '描述',
  `crt_time` datetime DEFAULT NULL COMMENT '创建时间',
  `crt_user` varchar(255) DEFAULT NULL COMMENT '创建人ID',
  `crt_name` varchar(255) DEFAULT NULL COMMENT '创建人',
  `crt_host` varchar(255) DEFAULT NULL COMMENT '创建主机',
  `upd_time` datetime DEFAULT NULL COMMENT '最后更新时间',
  `upd_user` varchar(255) DEFAULT NULL COMMENT '最后更新人ID',
  `upd_name` varchar(255) DEFAULT NULL COMMENT '最后更新人',
  `upd_host` varchar(255) DEFAULT NULL COMMENT '最后更新主机',
  `attr1` varchar(255) DEFAULT NULL,
  `attr2` varchar(255) DEFAULT NULL,
  `attr3` varchar(255) DEFAULT NULL,
  `attr4` varchar(255) DEFAULT NULL,
  `attr5` varchar(255) DEFAULT NULL,
  `attr6` varchar(255) DEFAULT NULL,
  `attr7` varchar(255) DEFAULT NULL,
  `attr8` varchar(255) DEFAULT NULL,
  PRIMARY KEY (`id`)
) ENGINE=InnoDB AUTO_INCREMENT=4 DEFAULT CHARSET=utf8mb4;
CREATE TABLE `base_menu` (
  `id` int(11) NOT NULL AUTO_INCREMENT,
  `code` varchar(255) DEFAULT NULL COMMENT '路径编码',
  `title` varchar(255) DEFAULT NULL COMMENT '标题',
  `parent_id` int(11) NOT NULL COMMENT '父级节点',
  `href` varchar(255) DEFAULT NULL COMMENT '资源路径',
  `icon` varchar(255) DEFAULT NULL COMMENT '图标',
  `type` char(10) DEFAULT NULL,
  `order_num` int(11) NOT NULL DEFAULT '0' COMMENT '排序',
  `description` varchar(255) DEFAULT NULL COMMENT '描述',
  `path` varchar(500) DEFAULT NULL COMMENT '菜单上下级关系',
  `enabled` char(1) DEFAULT NULL COMMENT '启用禁用',
  `crt_time` datetime DEFAULT NULL,
  `crt_user` varchar(255) DEFAULT NULL,
  `crt_name` varchar(255) DEFAULT NULL,
  `crt_host` varchar(255) DEFAULT NULL,
  `upd_time` datetime DEFAULT NULL,
  `upd_user` varchar(255) DEFAULT NULL,
  `upd_name` varchar(255) DEFAULT NULL,
  `upd_host` varchar(255) DEFAULT NULL,
  `attr1` varchar(255) DEFAULT NULL,
  `attr2` varchar(255) DEFAULT NULL,
  `attr3` varchar(255) DEFAULT NULL,
  `attr4` varchar(255) DEFAULT NULL,
  `attr5` varchar(255) DEFAULT NULL,
  `attr6` varchar(255) DEFAULT NULL,
  `attr7` varchar(255) DEFAULT NULL,
  `attr8` varchar(255) DEFAULT NULL,
  PRIMARY KEY (`id`)
) ENGINE=InnoDB AUTO_INCREMENT=35 DEFAULT CHARSET=utf8mb4;
CREATE TABLE `base_resource_authority` (
  `id` int(11) NOT NULL AUTO_INCREMENT,
  `authority_id` varchar(255) DEFAULT NULL COMMENT '角色ID',
  `authority_type` varchar(255) DEFAULT NULL COMMENT '角色类型',
  `resource_id` varchar(255) DEFAULT NULL COMMENT '资源ID',
  `resource_type` varchar(255) DEFAULT NULL COMMENT '资源类型',
  `parent_id` varchar(255) DEFAULT NULL,
  `path` varchar(2000) DEFAULT NULL,
  `description` varchar(255) DEFAULT NULL,
  `crt_time` datetime DEFAULT NULL,
  `crt_user` varchar(255) DEFAULT NULL,
  `crt_name` varchar(255) DEFAULT NULL,
  `crt_host` varchar(255) DEFAULT NULL,
  `attr1` varchar(255) DEFAULT NULL,
  `attr2` varchar(255) DEFAULT NULL,
  `attr3` varchar(255) DEFAULT NULL,
  `attr4` varchar(255) DEFAULT NULL,
  `attr5` varchar(255) DEFAULT NULL,
  `attr6` varchar(255) DEFAULT NULL,
  `attr7` varchar(255) DEFAULT NULL,
  `attr8` varchar(255) DEFAULT NULL,
  PRIMARY KEY (`id`)
) ENGINE=InnoDB AUTO_INCREMENT=986 DEFAULT CHARSET=utf8mb4;
CREATE TABLE `base_user` (
  `id` int(11) NOT NULL AUTO_INCREMENT,
  `username` varchar(255) DEFAULT NULL,
  `password` varchar(255) DEFAULT NULL,
  `name` varchar(255) DEFAULT NULL,
  `birthday` varchar(255) DEFAULT NULL,
  `address` varchar(255) DEFAULT NULL,
  `mobile_phone` varchar(255) DEFAULT NULL,
  `tel_phone` varchar(255) DEFAULT NULL,
  `email` varchar(255) DEFAULT NULL,
  `sex` char(1) DEFAULT NULL,
  `type` char(1) DEFAULT NULL,
  `status` char(1) DEFAULT NULL,
  `description` varchar(255) DEFAULT NULL,
  `crt_time` datetime DEFAULT NULL,
  `crt_user` varchar(255) DEFAULT NULL,
  `crt_name` varchar(255) DEFAULT NULL,
  `crt_host` varchar(255) DEFAULT NULL,
  `upd_time` datetime DEFAULT NULL,
  `upd_user` varchar(255) DEFAULT NULL,
  `upd_name` varchar(255) DEFAULT NULL,
  `upd_host` varchar(255) DEFAULT NULL,
  `attr1` varchar(255) DEFAULT NULL,
  `attr2` varchar(255) DEFAULT NULL,
  `attr3` varchar(255) DEFAULT NULL,
  `attr4` varchar(255) DEFAULT NULL,
  `attr5` varchar(255) DEFAULT NULL,
  `attr6` varchar(255) DEFAULT NULL,
  `attr7` varchar(255) DEFAULT NULL,
  `attr8` varchar(255) DEFAULT NULL,
  PRIMARY KEY (`id`)
) ENGINE=InnoDB AUTO_INCREMENT=5 DEFAULT CHARSET=utf8mb4;
CREATE TABLE `wsd_base_bo` (
  `ID` int(60) NOT NULL AUTO_INCREMENT,
  `BO_CODE` varchar(100) COLLATE utf8mb4_bin NOT NULL COMMENT '业务对象代码',
  `BO_NAME` varchar(200) COLLATE utf8mb4_bin NOT NULL COMMENT '业务对象名称',
  `BO_TYPE` varchar(100) COLLATE utf8mb4_bin DEFAULT NULL COMMENT '业务对象类型:1、数字字典，2、分类码',
  `LAST_UPD_TIME` datetime DEFAULT NULL,
  `LAST_UPD_USER` int(60) DEFAULT NULL,
  `CREAT_TIME` datetime DEFAULT NULL,
  `CREATOR` int(60) DEFAULT NULL,
  `LAST_UPD_IP` varchar(200) COLLATE utf8mb4_bin DEFAULT NULL,
  `WSDVER` int(16) DEFAULT NULL,
  `SORT_NUM` int(12) DEFAULT NULL,
  PRIMARY KEY (`ID`)
) ENGINE=InnoDB AUTO_INCREMENT=22 DEFAULT CHARSET=utf8mb4 COLLATE=utf8mb4_bin;
CREATE TABLE `wsd_base_calendar` (
  `ID` int(60) NOT NULL AUTO_INCREMENT COMMENT '主键ID',
  `PROJECT_ID` int(60) DEFAULT NULL COMMENT '项目',
  `CAL_NAME` varchar(200) COLLATE utf8mb4_bin DEFAULT NULL COMMENT '日历名称',
  `CAL_TYPE` varchar(100) COLLATE utf8mb4_bin DEFAULT NULL COMMENT '日历类型',
  `week_days` text COLLATE utf8mb4_bin COMMENT '日历数据',
  `exceptions` text COLLATE utf8mb4_bin COMMENT '例外数据',
  `IS_DEFAULT` int(2) DEFAULT NULL COMMENT '全局默认',
  `DAY_HR_CNT` decimal(16,0) DEFAULT NULL COMMENT '每天工时',
  `WEEK_HR_CNT` decimal(16,0) DEFAULT NULL COMMENT '每周工时',
  `MONTH_HR_CNT` decimal(16,0) DEFAULT NULL COMMENT '每月工时',
  `YEAR_HR_CNT` decimal(16,0) DEFAULT NULL COMMENT '每年工时',
  `LAST_UPD_TIME` datetime DEFAULT NULL,
  `LAST_UPD_USER` int(60) DEFAULT NULL,
  `CREAT_TIME` datetime DEFAULT NULL,
  `CREATOR` int(60) DEFAULT NULL,
  `LAST_UPD_IP` varchar(100) COLLATE utf8mb4_bin DEFAULT NULL,
  `WSDVER` decimal(16,0) DEFAULT NULL,
  `SORT_NUM` decimal(12,0) DEFAULT NULL,
  PRIMARY KEY (`ID`)
) ENGINE=InnoDB AUTO_INCREMENT=183 DEFAULT CHARSET=utf8mb4 COLLATE=utf8mb4_bin;
CREATE TABLE `wsd_base_classify` (
  `ID` int(60) NOT NULL AUTO_INCREMENT,
  `PARENT_ID` int(60) DEFAULT NULL COMMENT '父节点',
  `CLASSIFY_CODE` varchar(100) COLLATE utf8mb4_bin DEFAULT NULL COMMENT '代码',
  `CLASSIFY_TYPE` varchar(200) COLLATE utf8mb4_bin DEFAULT NULL COMMENT '类型1分类码，2码值',
  `BO_CODE` varchar(50) COLLATE utf8mb4_bin DEFAULT NULL COMMENT '业务对象',
  `CLASSIFY_NAME` varchar(2000) COLLATE utf8mb4_bin DEFAULT NULL COMMENT '分类码名称/说明',
  `LAST_UPD_TIME` datetime DEFAULT NULL,
  `LAST_UPD_USER` int(100) DEFAULT NULL,
  `CREAT_TIME` datetime DEFAULT NULL,
  `CREATOR` int(100) DEFAULT NULL,
  `LAST_UPD_IP` varchar(100) COLLATE utf8mb4_bin DEFAULT NULL,
  `WSDVER` decimal(16,0) DEFAULT NULL,
  `SORT_NUM` decimal(12,0) DEFAULT NULL,
  PRIMARY KEY (`ID`)
) ENGINE=InnoDB AUTO_INCREMENT=233 DEFAULT CHARSET=utf8mb4 COLLATE=utf8mb4_bin;
CREATE TABLE `wsd_base_classifyassign` (
  `ID` int(11) NOT NULL AUTO_INCREMENT,
  `CLASSIFY_ID` int(11) DEFAULT NULL COMMENT '码值id',
  `CLASSIFY_TYPE_ID` int(11) DEFAULT NULL COMMENT '分类码id',
  `bo_code` varchar(10) COLLATE utf8mb4_bin DEFAULT NULL COMMENT '业务代码',
  `biz_id` int(11) DEFAULT NULL COMMENT '业务ID',
  `LAST_UPD_TIME` datetime DEFAULT NULL,
  `LAST_UPD_USER` int(60) DEFAULT NULL,
  `CREAT_TIME` datetime DEFAULT NULL,
  `CREATOR` int(60) DEFAULT NULL,
  `LAST_UPD_IP` varchar(100) COLLATE utf8mb4_bin DEFAULT NULL,
  `WSDVER` decimal(16,0) DEFAULT NULL,
  `SORT_NUM` decimal(12,0) DEFAULT NULL,
  PRIMARY KEY (`ID`)
) ENGINE=InnoDB AUTO_INCREMENT=108 DEFAULT CHARSET=utf8mb4 COLLATE=utf8mb4_bin;
CREATE TABLE `wsd_base_coderule` (
  `id` int(11) NOT NULL AUTO_INCREMENT COMMENT '主键',
  `rule_bo_id` int(11) NOT NULL COMMENT '规则id',
  `rule_name` varchar(64) COLLATE utf8mb4_bin DEFAULT NULL COMMENT '名称',
  `default_flag` int(1) DEFAULT NULL COMMENT '默认',
  `modified` int(1) DEFAULT NULL COMMENT '能否修改',
  `status` varchar(24) COLLATE utf8mb4_bin DEFAULT NULL COMMENT '状态（CORRECT/ERROR/空）',
  `LAST_UPD_TIME` datetime DEFAULT NULL COMMENT '最新修改时间',
  `LAST_UPD_USER` int(11) DEFAULT NULL COMMENT '最新修改人',
  `CREAT_TIME` datetime DEFAULT NULL COMMENT '创建时间',
  `CREATOR` int(11) DEFAULT NULL COMMENT '创建人',
  `LAST_UPD_IP` varchar(100) COLLATE utf8mb4_bin DEFAULT NULL COMMENT '最后修改ip',
  `WSDVER` int(11) DEFAULT NULL COMMENT '版本',
  `SORT_NUM` int(11) DEFAULT NULL COMMENT '排序号',
  PRIMARY KEY (`id`)
) ENGINE=InnoDB AUTO_INCREMENT=81 DEFAULT CHARSET=utf8mb4 COLLATE=utf8mb4_bin;
CREATE TABLE `wsd_base_coderule_bo` (
  `id` int(11) NOT NULL AUTO_INCREMENT COMMENT '主键',
  `bo_code` varchar(32) COLLATE utf8mb4_bin NOT NULL COMMENT '代码',
  `bo_name` varchar(64) COLLATE utf8mb4_bin NOT NULL COMMENT '名称',
  `table_name` varchar(64) COLLATE utf8mb4_bin NOT NULL COMMENT '表名',
  `code_column_name` varchar(48) COLLATE utf8mb4_bin NOT NULL COMMENT '代码字段',
  `assign_column_name` varchar(48) COLLATE utf8mb4_bin DEFAULT NULL COMMENT '被分配列名',
  `seq_scope` varchar(64) COLLATE utf8mb4_bin DEFAULT NULL COMMENT '流水号范围',
  `LAST_UPD_TIME` datetime DEFAULT NULL COMMENT '最新修改时间',
  `LAST_UPD_USER` int(11) DEFAULT NULL COMMENT '最新修改人',
  `CREAT_TIME` datetime DEFAULT NULL COMMENT '创建时间',
  `CREATOR` int(11) DEFAULT NULL COMMENT '创建人',
  `LAST_UPD_IP` varchar(100) COLLATE utf8mb4_bin DEFAULT NULL COMMENT '最后修改ip',
  `WSDVER` int(11) DEFAULT NULL COMMENT '版本',
  `SORT_NUM` int(11) DEFAULT NULL COMMENT '排序号',
  PRIMARY KEY (`id`)
) ENGINE=InnoDB AUTO_INCREMENT=22 DEFAULT CHARSET=utf8mb4 COLLATE=utf8mb4_bin;
CREATE TABLE `wsd_base_coderule_cell` (
  `id` int(11) NOT NULL AUTO_INCREMENT COMMENT '主键',
  `rule_id` int(11) NOT NULL COMMENT 'wsd_coderule的id',
  `rule_type_id` int(11) DEFAULT NULL COMMENT 'wsd_coderule_type的id',
  `rule_type` varchar(16) COLLATE utf8mb4_bin DEFAULT NULL COMMENT 'wsd_coderule_type的rule_type（ATTRIBUTE, // 属性\r\n\r\n	FIXED_VALUE, // 固定值\r\n\r\n	DATE, // 时间\r\n\r\n	SEQUENCE, // 序列\r\n	\r\n	USER_DEFINE; // 自定义）',
  `position` int(11) DEFAULT NULL COMMENT '第X段',
  `rule_cell_name` varchar(64) COLLATE utf8mb4_bin DEFAULT NULL COMMENT '名称',
  `cell_sql` varchar(1000) COLLATE utf8mb4_bin DEFAULT NULL COMMENT 'cellSql',
  `cell_value` varchar(2000) COLLATE utf8mb4_bin DEFAULT NULL COMMENT '值（来自coderule_type表rule_type=FIXED_VALUE时）',
  `table_name` varchar(64) COLLATE utf8mb4_bin DEFAULT NULL COMMENT '表名',
  `column_name` varchar(64) COLLATE utf8mb4_bin DEFAULT NULL COMMENT '列名',
  `foreign_key` varchar(64) COLLATE utf8mb4_bin DEFAULT NULL COMMENT '关联字段',
  `connector` varchar(11) COLLATE utf8mb4_bin DEFAULT NULL COMMENT '连接符（字典）',
  `max_length` int(8) DEFAULT NULL COMMENT '固定长度',
  `fill_char` varchar(1) COLLATE utf8mb4_bin DEFAULT NULL COMMENT '填充字符',
  `fill_direction` int(11) DEFAULT NULL,
  `intercept_direction` int(11) DEFAULT NULL,
  `seq_min_value` int(11) DEFAULT NULL COMMENT '流水号最小值',
  `seq_steep` int(11) DEFAULT NULL COMMENT '流水号步长',
  `LAST_UPD_TIME` datetime DEFAULT NULL COMMENT '最新修改时间',
  `LAST_UPD_USER` int(11) DEFAULT NULL COMMENT '最新修改人',
  `CREAT_TIME` datetime DEFAULT NULL COMMENT '创建时间',
  `CREATOR` int(11) DEFAULT NULL COMMENT '创建人',
  `LAST_UPD_IP` varchar(100) COLLATE utf8mb4_bin DEFAULT NULL COMMENT '最新修改ip',
  `WSDVER` int(11) DEFAULT NULL COMMENT '版本',
  `SORT_NUM` int(11) DEFAULT NULL COMMENT '排序号',
  PRIMARY KEY (`id`)
) ENGINE=InnoDB AUTO_INCREMENT=49 DEFAULT CHARSET=utf8mb4 COLLATE=utf8mb4_bin;
CREATE TABLE `wsd_base_coderule_type` (
  `id` int(11) NOT NULL AUTO_INCREMENT COMMENT '主键',
  `rule_bo_id` int(11) DEFAULT NULL COMMENT 'boId',
  `global` int(1) DEFAULT NULL COMMENT '是否国际化',
  `rule_type` varchar(16) COLLATE utf8mb4_bin NOT NULL COMMENT '类别(ATTRIBUTE, // 属性\r\n\r\n	FIXED_VALUE, // 固定值\r\n\r\n	DATE, // 时间\r\n\r\n	SEQUENCE, // 序列\r\n	\r\n	USER_DEFINE; // 自定义)',
  `rule_type_name` varchar(100) COLLATE utf8mb4_bin DEFAULT NULL COMMENT '名称',
  `type_sql` varchar(1000) COLLATE utf8mb4_bin DEFAULT NULL COMMENT 'sql',
  `table_name` varchar(64) COLLATE utf8mb4_bin DEFAULT NULL COMMENT '表名',
  `column_name` varchar(64) COLLATE utf8mb4_bin DEFAULT NULL COMMENT '列名',
  `foreign_key` varchar(64) COLLATE utf8mb4_bin DEFAULT NULL COMMENT '关联字段',
  `dict_type` varchar(256) COLLATE utf8mb4_bin DEFAULT NULL COMMENT '字典type',
  `dict_bo` varchar(64) COLLATE utf8mb4_bin DEFAULT NULL COMMENT '字典bo(重定向到字典)',
  `attribute_type` varchar(36) COLLATE utf8mb4_bin DEFAULT NULL COMMENT '类型(重定向到字典)',
  `LAST_UPD_TIME` datetime DEFAULT NULL COMMENT '最新修改时间',
  `LAST_UPD_USER` int(11) DEFAULT NULL COMMENT '最新修改人',
  `CREAT_TIME` datetime DEFAULT NULL COMMENT '创建时间',
  `CREATOR` int(11) DEFAULT NULL COMMENT '创建人',
  `LAST_UPD_IP` varchar(100) COLLATE utf8mb4_bin DEFAULT NULL COMMENT '最后修改ip',
  `WSDVER` int(11) DEFAULT NULL COMMENT '版本',
  `SORT_NUM` int(11) DEFAULT NULL COMMENT '排序号',
  PRIMARY KEY (`id`)
) ENGINE=InnoDB AUTO_INCREMENT=33 DEFAULT CHARSET=utf8mb4 COLLATE=utf8mb4_bin;
CREATE TABLE `wsd_base_currency` (
  `ID` int(60) NOT NULL AUTO_INCREMENT,
  `CURRENCY_NAME` varchar(200) COLLATE utf8mb4_bin DEFAULT NULL COMMENT '货币名称',
  `CURRENCY_CODE` varchar(100) COLLATE utf8mb4_bin DEFAULT NULL COMMENT '货币代码',
  `CURRENCY_SYMBOL` varchar(100) COLLATE utf8mb4_bin DEFAULT NULL COMMENT '货币符号',
  `BASE_EXCH_RATE` decimal(16,6) DEFAULT NULL COMMENT '汇率',
  `CURRENCY_BASE` int(2) DEFAULT NULL COMMENT '基准货币',
  `remark` varchar(2000) COLLATE utf8mb4_bin DEFAULT NULL COMMENT '备注',
  `LAST_UPD_TIME` datetime DEFAULT NULL,
  `LAST_UPD_USER` int(100) DEFAULT NULL,
  `CREAT_TIME` datetime DEFAULT NULL,
  `CREATOR` int(100) DEFAULT NULL,
  `LAST_UPD_IP` varchar(100) COLLATE utf8mb4_bin DEFAULT NULL,
  `WSDVER` decimal(16,0) DEFAULT NULL,
  `SORT_NUM` decimal(12,0) DEFAULT NULL,
  PRIMARY KEY (`ID`)
) ENGINE=InnoDB AUTO_INCREMENT=60 DEFAULT CHARSET=utf8mb4 COLLATE=utf8mb4_bin;
CREATE TABLE `wsd_base_dict` (
  `ID` int(60) NOT NULL AUTO_INCREMENT,
  `PARENT_ID` int(60) DEFAULT NULL COMMENT '父节点',
  `BO_CODE` varchar(100) COLLATE utf8mb4_bin DEFAULT NULL COMMENT '业务对象',
  `TYPE_CODE` varchar(200) COLLATE utf8mb4_bin DEFAULT NULL COMMENT '字典类型',
  `DICT_CODE` varchar(100) COLLATE utf8mb4_bin DEFAULT NULL COMMENT '代码',
  `DICT_NAME` varchar(100) COLLATE utf8mb4_bin DEFAULT NULL COMMENT '名称',
  `REMARK` varchar(2000) COLLATE utf8mb4_bin DEFAULT NULL COMMENT '说明',
  `LAST_UPD_TIME` datetime DEFAULT NULL,
  `LAST_UPD_USER` int(60) DEFAULT NULL,
  `CREAT_TIME` datetime DEFAULT NULL,
  `CREATOR` int(60) DEFAULT NULL,
  `LAST_UPD_IP` varchar(100) COLLATE utf8mb4_bin DEFAULT NULL,
  `WSDVER` decimal(16,0) DEFAULT NULL,
  `SORT_NUM` decimal(12,0) DEFAULT NULL,
  PRIMARY KEY (`ID`)
) ENGINE=InnoDB AUTO_INCREMENT=245 DEFAULT CHARSET=utf8mb4 COLLATE=utf8mb4_bin;
CREATE TABLE `wsd_base_dict_type` (
  `ID` int(60) NOT NULL AUTO_INCREMENT,
  `BO_CODE` varchar(60) COLLATE utf8mb4_bin DEFAULT NULL COMMENT '对应业务对象名称',
  `TYPE_NAME` varchar(200) COLLATE utf8mb4_bin DEFAULT NULL COMMENT '数字类型名称',
  `TYPE_CODE` varchar(100) COLLATE utf8mb4_bin DEFAULT NULL COMMENT '数字类型代码',
  `LAST_UPD_TIME` datetime DEFAULT NULL,
  `LAST_UPD_USER` int(100) DEFAULT NULL,
  `CREAT_TIME` datetime DEFAULT NULL,
  `CREATOR` int(100) DEFAULT NULL,
  `LAST_UPD_IP` varchar(100) COLLATE utf8mb4_bin DEFAULT NULL,
  `WSDVER` int(16) DEFAULT NULL,
  `SORT_NUM` int(12) DEFAULT NULL,
  PRIMARY KEY (`ID`)
) ENGINE=InnoDB AUTO_INCREMENT=129 DEFAULT CHARSET=utf8mb4 COLLATE=utf8mb4_bin;
CREATE TABLE `wsd_base_set` (
  `ID` int(60) NOT NULL AUTO_INCREMENT,
  `BO_CODE` varchar(100) COLLATE utf8mb4_bin DEFAULT NULL COMMENT '业务对象(project/doc/time)',
  `bs_key` varchar(100) COLLATE utf8mb4_bin DEFAULT NULL COMMENT '属性',
  `bs_value` varchar(200) COLLATE utf8mb4_bin DEFAULT NULL COMMENT '属性值',
  `LAST_UPD_TIME` datetime DEFAULT NULL,
  `LAST_UPD_USER` int(60) DEFAULT NULL,
  `CREAT_TIME` datetime DEFAULT NULL,
  `CREATOR` int(60) DEFAULT NULL,
  `LAST_UPD_IP` varchar(100) COLLATE utf8mb4_bin DEFAULT NULL,
  `WSDVER` decimal(16,0) DEFAULT NULL,
  `SORT_NUM` decimal(12,0) DEFAULT NULL,
  PRIMARY KEY (`ID`)
) ENGINE=InnoDB AUTO_INCREMENT=74 DEFAULT CHARSET=utf8mb4 COLLATE=utf8mb4_bin;
CREATE TABLE `wsd_base_time` (
  `ID` int(60) NOT NULL AUTO_INCREMENT,
  `TIME_NAME` varchar(200) COLLATE utf8mb4_bin DEFAULT NULL COMMENT '名称',
  `TIME_WH` varchar(100) COLLATE utf8mb4_bin DEFAULT NULL COMMENT '工时单位',
  `TIME_DRTN` varchar(100) COLLATE utf8mb4_bin DEFAULT NULL COMMENT '工期单位',
  `TIME_FORMAT` varchar(100) COLLATE utf8mb4_bin DEFAULT NULL COMMENT '格式',
  `IS_GLOBAL` varchar(4) COLLATE utf8mb4_bin DEFAULT NULL COMMENT '是否全局',
  `LAST_UPD_TIME` datetime DEFAULT NULL,
  `LAST_UPD_USER` int(100) DEFAULT NULL,
  `CREAT_TIME` datetime DEFAULT NULL,
  `CREATOR` int(100) DEFAULT NULL,
  `LAST_UPD_IP` varchar(100) COLLATE utf8mb4_bin DEFAULT NULL,
  `WSDVER` decimal(16,0) DEFAULT NULL,
  `SORT_NUM` decimal(12,0) DEFAULT NULL,
  PRIMARY KEY (`ID`)
) ENGINE=InnoDB AUTO_INCREMENT=2 DEFAULT CHARSET=utf8mb4 COLLATE=utf8mb4_bin;
CREATE TABLE `wsd_base_tmpldelv` (
  `ID` int(60) NOT NULL AUTO_INCREMENT,
  `TYPE_ID` int(60) DEFAULT NULL,
  `PARENT_ID` int(60) DEFAULT NULL COMMENT '父节点',
  `DELV_TITLE` varchar(200) COLLATE utf8mb4_bin DEFAULT NULL COMMENT '标题',
  `DELV_NUM` varchar(100) COLLATE utf8mb4_bin DEFAULT NULL COMMENT '编号',
  `DELV_VERSION` varchar(20) COLLATE utf8mb4_bin DEFAULT NULL COMMENT '版本',
  `DELV_TYPE` varchar(100) COLLATE utf8mb4_bin DEFAULT NULL COMMENT '类别',
  `DELV_DESC` varchar(1000) COLLATE utf8mb4_bin DEFAULT NULL COMMENT '备注',
  `TYPE` varchar(4) COLLATE utf8mb4_bin DEFAULT NULL COMMENT '是否是PBS',
  `LAST_UPD_TIME` datetime DEFAULT NULL,
  `LAST_UPD_USER` int(100) DEFAULT NULL,
  `CREAT_TIME` datetime DEFAULT NULL,
  `CREATOR` int(100) DEFAULT NULL,
  `LAST_UPD_IP` varchar(100) COLLATE utf8mb4_bin DEFAULT NULL,
  `WSDVER` decimal(16,0) DEFAULT NULL,
  `SORT_NUM` decimal(12,0) DEFAULT NULL,
  PRIMARY KEY (`ID`)
) ENGINE=InnoDB AUTO_INCREMENT=75 DEFAULT CHARSET=utf8mb4 COLLATE=utf8mb4_bin;
CREATE TABLE `wsd_base_tmpldelv_type` (
  `ID` int(60) NOT NULL AUTO_INCREMENT,
  `TYPE_TITLE` varchar(200) COLLATE utf8mb4_bin DEFAULT NULL COMMENT '标题',
  `TYPE_NUM` varchar(100) COLLATE utf8mb4_bin DEFAULT NULL COMMENT '编号',
  `TYPE_VERSION` varchar(20) COLLATE utf8mb4_bin DEFAULT NULL COMMENT '版本',
  `TYPE_TYPE` varchar(100) COLLATE utf8mb4_bin DEFAULT NULL COMMENT '类别',
  `TYPE_DESC` varchar(1000) COLLATE utf8mb4_bin DEFAULT NULL COMMENT '备注',
  `LAST_UPD_TIME` datetime DEFAULT NULL,
  `LAST_UPD_USER` int(100) DEFAULT NULL,
  `CREAT_TIME` datetime DEFAULT NULL,
  `CREATOR` int(100) DEFAULT NULL,
  `LAST_UPD_IP` varchar(100) COLLATE utf8mb4_bin DEFAULT NULL,
  `WSDVER` decimal(16,0) DEFAULT NULL,
  `SORT_NUM` decimal(12,0) DEFAULT NULL,
  PRIMARY KEY (`ID`)
) ENGINE=InnoDB AUTO_INCREMENT=18 DEFAULT CHARSET=utf8mb4 COLLATE=utf8mb4_bin;
CREATE TABLE `wsd_base_tmpldoc` (
  `ID` int(60) NOT NULL AUTO_INCREMENT,
  `DOC_TITLE` varchar(200) COLLATE utf8mb4_bin DEFAULT NULL COMMENT '标题',
  `DOC_NUM` varchar(100) COLLATE utf8mb4_bin DEFAULT NULL COMMENT '编号',
  `DOC_VERSION` varchar(20) COLLATE utf8mb4_bin DEFAULT NULL COMMENT '版本',
  `FILE_ID` int(60) DEFAULT NULL,
  `DOC_OBJECT` varchar(100) COLLATE utf8mb4_bin DEFAULT NULL COMMENT '所属业务对象',
  `IS_USE` varchar(4) COLLATE utf8mb4_bin DEFAULT NULL COMMENT '是否启用',
  `profession` varchar(20) COLLATE utf8mb4_bin DEFAULT NULL COMMENT '文档专业',
  `secuty_level` varchar(10) COLLATE utf8mb4_bin DEFAULT NULL COMMENT '密级',
  `author` varchar(20) COLLATE utf8mb4_bin DEFAULT NULL COMMENT '文档作者',
  `doc_classify` varchar(20) COLLATE utf8mb4_bin DEFAULT NULL COMMENT '文档类别',
  `LAST_UPD_TIME` datetime DEFAULT NULL,
  `LAST_UPD_USER` int(100) DEFAULT NULL,
  `CREAT_TIME` datetime DEFAULT NULL,
  `CREATOR` int(100) DEFAULT NULL,
  `LAST_UPD_IP` varchar(100) COLLATE utf8mb4_bin DEFAULT NULL,
  `WSDVER` decimal(16,0) DEFAULT NULL,
  `SORT_NUM` decimal(12,0) DEFAULT NULL,
  PRIMARY KEY (`ID`),
  UNIQUE KEY `doc_num_uk` (`DOC_NUM`) USING HASH
) ENGINE=InnoDB AUTO_INCREMENT=16 DEFAULT CHARSET=utf8mb4 COLLATE=utf8mb4_bin;
CREATE TABLE `wsd_base_tmplfile` (
  `ID` int(60) NOT NULL AUTO_INCREMENT,
  `DOC_ID` int(60) DEFAULT NULL,
  `FILE_NAME` varchar(200) COLLATE utf8mb4_bin DEFAULT NULL,
  `CONTENT` longblob,
  `LAST_UPD_TIME` datetime DEFAULT NULL,
  `LAST_UPD_USER` int(100) DEFAULT NULL,
  `CREAT_TIME` datetime DEFAULT NULL,
  `CREATOR` int(100) DEFAULT NULL,
  `LAST_UPD_IP` varchar(100) COLLATE utf8mb4_bin DEFAULT NULL,
  `WSDVER` decimal(16,0) DEFAULT NULL,
  `SORT_NUM` decimal(12,0) DEFAULT NULL,
  PRIMARY KEY (`ID`)
) ENGINE=InnoDB DEFAULT CHARSET=utf8mb4 COLLATE=utf8mb4_bin;
CREATE TABLE `wsd_base_tmplplan` (
  `ID` int(60) NOT NULL AUTO_INCREMENT,
  `TMPL_CODE` varchar(100) COLLATE utf8mb4_bin DEFAULT NULL COMMENT '模板代码',
  `TMPL_NAME` varchar(200) COLLATE utf8mb4_bin DEFAULT NULL COMMENT '模板名称',
  `IS_GLOBAL` int(4) DEFAULT NULL COMMENT '是否全局',
  `STATUS` varchar(60) COLLATE utf8mb4_bin DEFAULT NULL COMMENT '状态',
  `LAST_UPD_TIME` datetime DEFAULT NULL,
  `LAST_UPD_USER` int(100) DEFAULT NULL,
  `CREAT_TIME` datetime DEFAULT NULL,
  `CREATOR` int(100) DEFAULT NULL,
  `LAST_UPD_IP` varchar(100) COLLATE utf8mb4_bin DEFAULT NULL,
  `WSDVER` decimal(16,0) DEFAULT NULL,
  `SORT_NUM` decimal(12,0) DEFAULT NULL,
  PRIMARY KEY (`ID`)
) ENGINE=InnoDB AUTO_INCREMENT=44 DEFAULT CHARSET=utf8mb4 COLLATE=utf8mb4_bin;
CREATE TABLE `wsd_base_tmpltask` (
  `ID` int(60) NOT NULL AUTO_INCREMENT,
  `TMPL_ID` int(60) DEFAULT NULL COMMENT '模板id',
  `PARENT_ID` int(60) DEFAULT NULL COMMENT '父节点',
  `TASK_CODE` varchar(100) COLLATE utf8mb4_bin DEFAULT NULL COMMENT '代码',
  `TASK_NAME` varchar(200) COLLATE utf8mb4_bin DEFAULT NULL COMMENT '名称',
  `PLAN_DRTN` double(16,4) DEFAULT NULL COMMENT '计划工期',
  `PLAN_QTY` double(16,4) DEFAULT NULL COMMENT '计划工时',
  `PLAN_TYPE` varchar(60) COLLATE utf8mb4_bin DEFAULT NULL COMMENT '计划类型',
  `PLAN_LEVEL` int(2) DEFAULT NULL COMMENT '计划级别',
  `IS_FEEDBACK` int(2) DEFAULT NULL COMMENT '是否WBS反馈',
  `CONTROL_ACCOUNT` int(2) DEFAULT NULL COMMENT '控制账户',
  `TASK_TYPE` varchar(60) COLLATE utf8mb4_bin DEFAULT NULL COMMENT '作业类型',
  `DRTN_TYPE` varchar(40) COLLATE utf8mb4_bin DEFAULT NULL COMMENT '工期类型',
  `REMARK` varchar(2000) COLLATE utf8mb4_bin DEFAULT NULL COMMENT '备注',
  `STATUS` varchar(20) COLLATE utf8mb4_bin DEFAULT NULL COMMENT '计划状态',
  `LAST_UPD_TIME` datetime DEFAULT NULL,
  `LAST_UPD_USER` int(100) DEFAULT NULL,
  `CREAT_TIME` datetime DEFAULT NULL,
  `CREATOR` int(100) DEFAULT NULL,
  `LAST_UPD_IP` varchar(100) COLLATE utf8mb4_bin DEFAULT NULL,
  `WSDVER` decimal(16,0) DEFAULT NULL,
  `SORT_NUM` decimal(12,0) DEFAULT NULL,
  PRIMARY KEY (`ID`)
) ENGINE=InnoDB AUTO_INCREMENT=81 DEFAULT CHARSET=utf8mb4 COLLATE=utf8mb4_bin;
CREATE TABLE `wsd_base_tmpltaskdelv` (
  `ID` int(60) NOT NULL AUTO_INCREMENT COMMENT '主键ID',
  `TASK_ID` int(60) DEFAULT NULL COMMENT '计划ID',
  `DELV_ID` int(60) DEFAULT NULL COMMENT '交付清单名称',
  `LAST_UPD_TIME` datetime DEFAULT NULL,
  `LAST_UPD_USER` varchar(100) COLLATE utf8mb4_bin DEFAULT NULL,
  `CREAT_TIME` datetime DEFAULT NULL COMMENT '创建时间',
  `CREATOR` varchar(100) COLLATE utf8mb4_bin DEFAULT NULL COMMENT '创建人',
  `LAST_UPD_IP` varchar(100) COLLATE utf8mb4_bin DEFAULT NULL,
  `WSDVER` decimal(16,0) DEFAULT NULL,
  `SORT_NUM` decimal(12,0) DEFAULT NULL,
  PRIMARY KEY (`ID`)
) ENGINE=InnoDB AUTO_INCREMENT=76 DEFAULT CHARSET=utf8mb4 COLLATE=utf8mb4_bin;
CREATE TABLE `wsd_base_tmpltaskpred` (
  `ID` int(60) NOT NULL AUTO_INCREMENT,
  `TASK_ID` int(60) DEFAULT NULL COMMENT '任务',
  `PRED_TASK_ID` int(60) DEFAULT NULL COMMENT '紧前任务',
  `RELATION_TYPE` varchar(10) COLLATE utf8mb4_bin DEFAULT NULL COMMENT '关系类型',
  `LAG_QTY` decimal(16,6) DEFAULT NULL COMMENT '延迟',
  `LAST_UPD_TIME` datetime DEFAULT NULL,
  `LAST_UPD_USER` int(100) DEFAULT NULL,
  `CREAT_TIME` datetime DEFAULT NULL,
  `CREATOR` int(100) DEFAULT NULL,
  `LAST_UPD_IP` varchar(100) COLLATE utf8mb4_bin DEFAULT NULL,
  `WSDVER` decimal(16,0) DEFAULT NULL,
  `SORT_NUM` decimal(12,0) DEFAULT NULL,
  PRIMARY KEY (`ID`)
) ENGINE=InnoDB AUTO_INCREMENT=42 DEFAULT CHARSET=utf8mb4 COLLATE=utf8mb4_bin;
CREATE TABLE `wsd_sys_bizvar` (
  `ID` int(60) NOT NULL AUTO_INCREMENT,
  `TABLE_NAME` varchar(100) COLLATE utf8mb4_bin DEFAULT NULL COMMENT '表名',
  `TABLE_TITLE` varchar(200) COLLATE utf8mb4_bin DEFAULT NULL COMMENT '表显示名称',
  `FIELD_NAME` varchar(100) COLLATE utf8mb4_bin DEFAULT NULL COMMENT '字段名',
  `FIELD_TITLE` varchar(200) COLLATE utf8mb4_bin DEFAULT NULL COMMENT '字段显示名称',
  `FIELD_TYPE` varchar(10) COLLATE utf8mb4_bin DEFAULT NULL COMMENT '字段类型',
  `SQL` varchar(1000) COLLATE utf8mb4_bin DEFAULT NULL COMMENT '自定义sql ',
  `TYPE` varchar(2) COLLATE utf8mb4_bin DEFAULT NULL COMMENT '类型',
  `TITLE` varchar(200) COLLATE utf8mb4_bin DEFAULT NULL COMMENT '流程业务变量',
  `XPATH` varchar(100) COLLATE utf8mb4_bin DEFAULT NULL COMMENT 'xpath ',
  `CATALOGUUID` int(100) DEFAULT NULL,
  `LAST_UPD_TIME` datetime DEFAULT NULL,
  `LAST_UPD_USER` int(60) DEFAULT NULL,
  `CREAT_TIME` datetime DEFAULT NULL,
  `CREATOR` int(60) DEFAULT NULL,
  `LAST_UPD_IP` varchar(100) COLLATE utf8mb4_bin DEFAULT NULL,
  `WSDVER` decimal(16,0) DEFAULT NULL,
  `SORT_NUM` decimal(12,0) DEFAULT NULL,
  PRIMARY KEY (`ID`)
) ENGINE=InnoDB AUTO_INCREMENT=2 DEFAULT CHARSET=utf8mb4 COLLATE=utf8mb4_bin;
CREATE TABLE `wsd_sys_bizvar_wf` (
  `ID` int(60) NOT NULL AUTO_INCREMENT,
  `BIZVAR_ID` int(60) DEFAULT NULL,
  `PROCESSDEFID` int(60) DEFAULT NULL,
  `LAST_UPD_TIME` datetime DEFAULT NULL,
  `LAST_UPD_USER` int(60) DEFAULT NULL,
  `CREAT_TIME` datetime DEFAULT NULL,
  `CREATOR` int(60) DEFAULT NULL,
  `LAST_UPD_IP` varchar(100) COLLATE utf8mb4_bin DEFAULT NULL,
  `WSDVER` decimal(16,0) DEFAULT NULL,
  `SORT_NUM` decimal(12,0) DEFAULT NULL,
  PRIMARY KEY (`ID`)
) ENGINE=InnoDB DEFAULT CHARSET=utf8mb4 COLLATE=utf8mb4_bin;
CREATE TABLE `wsd_sys_favorites` (
  `id` int(12) NOT NULL AUTO_INCREMENT,
  `user_id` int(12) DEFAULT NULL COMMENT '用户id',
  `menu_code` varchar(20) COLLATE utf8mb4_bin DEFAULT NULL COMMENT '菜单类型',
  `menu_type` int(20) DEFAULT NULL,
  `last_upd_user` varchar(20) COLLATE utf8mb4_bin DEFAULT NULL,
  `last_upd_time` datetime DEFAULT NULL,
  `creat_time` datetime DEFAULT NULL,
  `creator` varchar(10) COLLATE utf8mb4_bin DEFAULT NULL,
  `last_upd_ip` varchar(20) COLLATE utf8mb4_bin DEFAULT NULL,
  `wsdver` varchar(10) COLLATE utf8mb4_bin DEFAULT NULL,
  `sort_num` int(20) DEFAULT NULL,
  `menu_url` varchar(50) COLLATE utf8mb4_bin DEFAULT NULL,
  `menu_id` int(20) DEFAULT NULL,
  PRIMARY KEY (`id`)
) ENGINE=InnoDB AUTO_INCREMENT=89 DEFAULT CHARSET=utf8mb4 COLLATE=utf8mb4_bin;
CREATE TABLE `wsd_sys_favorites_copy` (
  `id` int(12) NOT NULL AUTO_INCREMENT,
  `user_id` int(12) DEFAULT NULL COMMENT '用户id',
  `content` text COLLATE utf8mb4_bin COMMENT '菜单类型',
  `biz_type` varchar(20) COLLATE utf8mb4_bin DEFAULT NULL,
  `last_upd_user` varchar(20) COLLATE utf8mb4_bin DEFAULT NULL,
  `last_upd_time` datetime DEFAULT NULL,
  `creat_time` datetime DEFAULT NULL,
  `creator` varchar(10) COLLATE utf8mb4_bin DEFAULT NULL,
  `last_upd_ip` varchar(20) COLLATE utf8mb4_bin DEFAULT NULL,
  `wsdver` varchar(10) COLLATE utf8mb4_bin DEFAULT NULL,
  `sort_num` int(20) DEFAULT NULL,
  PRIMARY KEY (`id`)
) ENGINE=InnoDB AUTO_INCREMENT=89 DEFAULT CHARSET=utf8mb4 COLLATE=utf8mb4_bin;
CREATE TABLE `wsd_sys_func` (
  `id` int(60) NOT NULL AUTO_INCREMENT COMMENT '主键id',
  `menu_id` int(60) DEFAULT NULL COMMENT '菜单id',
  `func_code` varchar(100) DEFAULT NULL COMMENT '功能编码',
  `func_name` varchar(100) DEFAULT NULL COMMENT '功能名称',
  `remark` varchar(2000) DEFAULT NULL COMMENT '功能描述',
  `del` int(1) DEFAULT NULL COMMENT '有效/无效',
  `creator` int(11) DEFAULT NULL,
  `creat_time` timestamp NULL DEFAULT NULL ON UPDATE CURRENT_TIMESTAMP,
  `last_upd_user` varchar(100) DEFAULT NULL,
  `last_upd_time` timestamp NULL DEFAULT NULL ON UPDATE CURRENT_TIMESTAMP,
  `wsdver` decimal(9,0) DEFAULT NULL,
  `sort_num` int(9) unsigned DEFAULT NULL,
  `last_upd_ip` varchar(20) DEFAULT NULL,
  `short_code` varchar(20) DEFAULT NULL COMMENT '功能简码',
  PRIMARY KEY (`id`) USING BTREE
) ENGINE=InnoDB AUTO_INCREMENT=138 DEFAULT CHARSET=utf8 ROW_FORMAT=DYNAMIC;
CREATE TABLE `wsd_sys_i18n` (
  `id` int(11) NOT NULL AUTO_INCREMENT COMMENT '主键',
  `menu_id` int(11) DEFAULT NULL COMMENT '所属模块id',
  `short_code` varchar(100) COLLATE utf8mb4_bin DEFAULT NULL COMMENT '简码',
  `code` varchar(100) COLLATE utf8mb4_bin DEFAULT NULL COMMENT '代码',
  `creator` int(11) DEFAULT NULL,
  `creat_time` datetime DEFAULT NULL,
  `last_upd_user` int(11) DEFAULT NULL,
  `last_upd_time` datetime DEFAULT NULL,
  `wsdver` decimal(9,0) DEFAULT NULL,
  `sort_num` decimal(9,0) DEFAULT NULL,
  `last_upd_ip` varchar(100) COLLATE utf8mb4_bin DEFAULT NULL,
  PRIMARY KEY (`id`)
) ENGINE=InnoDB AUTO_INCREMENT=9 DEFAULT CHARSET=utf8mb4 COLLATE=utf8mb4_bin;
CREATE TABLE `wsd_sys_i18n_relation` (
  `id` int(11) NOT NULL AUTO_INCREMENT COMMENT '主键',
  `i18n_id` int(11) DEFAULT NULL COMMENT '国际化id',
  `i18n_code` varchar(100) COLLATE utf8mb4_bin DEFAULT NULL COMMENT '语种代码',
  `i18n_value` varchar(100) COLLATE utf8mb4_bin DEFAULT NULL COMMENT '国际化值',
  `LAST_UPD_TIME` datetime DEFAULT NULL COMMENT '最新修改时间',
  `LAST_UPD_USER` int(11) DEFAULT NULL COMMENT '最近修改人',
  `CREAT_TIME` datetime DEFAULT NULL COMMENT '创建时间',
  `CREATOR` int(11) DEFAULT NULL COMMENT '创建人',
  `LAST_UPD_IP` varchar(100) COLLATE utf8mb4_bin DEFAULT NULL COMMENT '最后修改ip',
  `WSDVER` int(11) DEFAULT NULL COMMENT '版本',
  `SORT_NUM` int(11) DEFAULT NULL COMMENT '排序号',
  PRIMARY KEY (`id`)
) ENGINE=InnoDB AUTO_INCREMENT=5 DEFAULT CHARSET=utf8mb4 COLLATE=utf8mb4_bin;
CREATE TABLE `wsd_sys_ipaccess` (
  `id` int(20) NOT NULL AUTO_INCREMENT COMMENT '主键',
  `start_ip` varchar(40) COLLATE utf8mb4_bin DEFAULT NULL COMMENT '起始ip',
  `end_ip` varchar(40) COLLATE utf8mb4_bin DEFAULT NULL COMMENT '结束ip',
  `access_rule` varchar(40) COLLATE utf8mb4_bin DEFAULT NULL COMMENT '规则类型',
  `is_effect` int(20) DEFAULT NULL COMMENT '是否生效（1：生效  0：失效）',
  `remark` varchar(40) COLLATE utf8mb4_bin DEFAULT NULL COMMENT '备注',
  `CREATOR` int(11) DEFAULT NULL,
  `CREAT_TIME` datetime DEFAULT CURRENT_TIMESTAMP,
  `LAST_UPD_USER` varchar(255) COLLATE utf8mb4_bin DEFAULT NULL,
  `LAST_UPD_TIME` datetime DEFAULT null,
  `WSDVER` varchar(255) COLLATE utf8mb4_bin DEFAULT NULL,
  `SORT_NUM` int(10) DEFAULT NULL,
  `LAST_UPD_IP` varchar(255) COLLATE utf8mb4_bin DEFAULT NULL,
  PRIMARY KEY (`id`)
) ENGINE=InnoDB AUTO_INCREMENT=28 DEFAULT CHARSET=utf8mb4 COLLATE=utf8mb4_bin;
CREATE TABLE `wsd_sys_ipt` (
  `id` int(12) NOT NULL AUTO_INCREMENT COMMENT '主键',
  `parent_id` int(12) DEFAULT NULL COMMENT '父id',
  `ipt_code` varchar(100) DEFAULT NULL COMMENT 'ipt编码',
  `ipt_name` varchar(200) DEFAULT NULL COMMENT 'ipt名称',
  `project_id` int(12) DEFAULT NULL COMMENT '项目id',
  `del` int(5) DEFAULT NULL COMMENT '删除标识',
  `level` varchar(10) DEFAULT NULL,
  `remark` varchar(100) DEFAULT NULL COMMENT '备注',
  `last_upd_time` datetime DEFAULT NULL,
  `last_upd_user` varchar(100) DEFAULT NULL,
  `creat_time` datetime DEFAULT NULL,
  `creator` int(11) DEFAULT NULL,
  `last_upd_ip` varchar(100) DEFAULT NULL,
  `wsdver` decimal(16,0) DEFAULT NULL,
  `sort_num` decimal(12,0) DEFAULT NULL,
  PRIMARY KEY (`id`) USING BTREE,
  KEY `FK_PMO_IPDT_IPD_PAREN_PMO_IPDT` (`parent_id`) USING BTREE
) ENGINE=InnoDB AUTO_INCREMENT=401 DEFAULT CHARSET=utf8 ROW_FORMAT=DYNAMIC;
CREATE TABLE `wsd_sys_menu` (
  `id` int(60) NOT NULL AUTO_INCREMENT COMMENT '主键',
  `parent_id` int(60) DEFAULT NULL COMMENT '父id',
  `menu_code` varchar(100) DEFAULT NULL COMMENT '菜单编码',
  `menu_local` int(10) DEFAULT NULL COMMENT '菜单位置（null：菜单栏 1：九宫格）',
  `menu_name` varchar(200) DEFAULT NULL COMMENT '菜单名称',
  `short_code` varchar(30) DEFAULT NULL COMMENT '简码',
  `menu_type` int(4) DEFAULT NULL COMMENT '菜单类型',
  `i18n` varchar(20) DEFAULT NULL COMMENT '国际化',
  `menu_group` int(4) DEFAULT NULL COMMENT '组',
  `url` varchar(500) DEFAULT NULL COMMENT '菜单链接地址',
  `image` varchar(200) DEFAULT NULL COMMENT '图标',
  `is_menu` int(4) DEFAULT NULL COMMENT '是否是菜单',
  `share` int(4) DEFAULT NULL COMMENT '共享',
  `hidden` int(4) DEFAULT NULL COMMENT '是否隐藏',
  `active` int(4) DEFAULT NULL COMMENT '是否激活',
  `creator` int(11) DEFAULT NULL,
  `creat_time` datetime DEFAULT NULL,
  `last_upd_user` varchar(100) DEFAULT NULL,
  `last_upd_time` datetime DEFAULT NULL,
  `wsdver` decimal(9,0) DEFAULT NULL,
  `sort_num` decimal(9,0) DEFAULT NULL,
  `menu_desc` varchar(200) DEFAULT NULL,
  `last_upd_ip` varchar(60) DEFAULT NULL,
  PRIMARY KEY (`id`) USING BTREE
) ENGINE=InnoDB AUTO_INCREMENT=502 DEFAULT CHARSET=utf8 ROW_FORMAT=DYNAMIC;
CREATE TABLE `wsd_sys_message` (
  `ID` int(11) NOT NULL AUTO_INCREMENT,
  `TITLE` varchar(128) CHARACTER SET utf8 DEFAULT NULL COMMENT '标题',
  `CONTENT` longtext CHARACTER SET utf8 COMMENT '内容',
  `SEND_USER` int(11) DEFAULT NULL COMMENT '发送人',
  `SEND_TIME` datetime DEFAULT NULL COMMENT '发送时间',
  `type` varchar(24) COLLATE utf8mb4_bin DEFAULT NULL COMMENT '消息类型',
  `source` int(1) DEFAULT NULL COMMENT '消息来源（0用户/1系统）',
  `DEL` int(1) DEFAULT NULL COMMENT '是否删除（0普通1移入删除2移入草稿箱）',
  `collect` int(1) DEFAULT NULL COMMENT '是否收藏（0未收藏1已收藏）',
  `CLAIM_DEAL_TYPE` varchar(30) CHARACTER SET utf8 DEFAULT NULL COMMENT '需要回复类型',
  `CLAIM_DEAL_TIME` datetime DEFAULT NULL COMMENT '回复时间',
  `PARENT_ID` int(11) DEFAULT NULL COMMENT '转发消息的ID/回复消息的ID',
  `OPT_TYPE` int(1) DEFAULT NULL COMMENT '操作类型（0普通，1回复，2转发）',
  `LAST_UPD_TIME` datetime DEFAULT NULL,
  `LAST_UPD_USER` varchar(100) CHARACTER SET utf8 DEFAULT NULL,
  `CREAT_TIME` datetime DEFAULT NULL,
  `CREATOR` int(40) DEFAULT NULL,
  `LAST_UPD_IP` varchar(100) CHARACTER SET utf8 DEFAULT NULL,
  `WSDVER` decimal(16,0) DEFAULT NULL,
  `SORT_NUM` decimal(12,0) DEFAULT NULL,
  PRIMARY KEY (`ID`)
) ENGINE=InnoDB AUTO_INCREMENT=71 DEFAULT CHARSET=utf8mb4 COLLATE=utf8mb4_bin;
CREATE TABLE `wsd_sys_message_drafts` (
  `ID` int(11) NOT NULL AUTO_INCREMENT,
  `TITLE` varchar(128) CHARACTER SET utf8 DEFAULT NULL COMMENT '标题',
  `CONTENT` longtext CHARACTER SET utf8 COMMENT '内容',
  `SEND_USER` int(11) DEFAULT NULL COMMENT '发送人',
  `SEND_TIME` datetime DEFAULT NULL COMMENT '发送时间',
  `type` varchar(10) COLLATE utf8mb4_bin DEFAULT NULL COMMENT '分类',
  `CLAIM_DEAL_TYPE` varchar(11) CHARACTER SET utf8 DEFAULT NULL COMMENT '需要回复类型',
  `CLAIM_DEAL_TIME` datetime DEFAULT NULL COMMENT '回复时间',
  `PARENT_ID` int(11) DEFAULT NULL COMMENT '转发消息的ID/回复消息的ID',
  `OPT_TYPE` int(1) DEFAULT NULL COMMENT '操作类型（0普通，1回复，2转发）',
  `LAST_UPD_TIME` datetime DEFAULT NULL,
  `LAST_UPD_USER` varchar(100) CHARACTER SET utf8 DEFAULT NULL,
  `CREAT_TIME` datetime DEFAULT NULL,
  `CREATOR` int(40) DEFAULT NULL,
  `LAST_UPD_IP` varchar(100) CHARACTER SET utf8 DEFAULT NULL,
  `WSDVER` decimal(16,0) DEFAULT NULL,
  `SORT_NUM` decimal(12,0) DEFAULT NULL,
  PRIMARY KEY (`ID`) USING BTREE
) ENGINE=InnoDB AUTO_INCREMENT=2 DEFAULT CHARSET=utf8mb4 COLLATE=utf8mb4_bin;
CREATE TABLE `wsd_sys_message_drafts_user` (
  `ID` int(20) NOT NULL AUTO_INCREMENT,
  `MESSAGE_ID` int(20) DEFAULT NULL COMMENT '消息ID',
  `RECV_USER` int(40) DEFAULT NULL COMMENT '收件人',
  `RECV_TIME` datetime DEFAULT NULL COMMENT '收件时间',
  `TYPE` int(1) DEFAULT NULL COMMENT '收件人类型：1收件人2抄送人',
  `LAST_UPD_TIME` datetime DEFAULT NULL,
  `LAST_UPD_USER` varchar(100) CHARACTER SET utf8 DEFAULT NULL,
  `CREAT_TIME` datetime DEFAULT NULL,
  `CREATOR` int(40) DEFAULT NULL,
  `LAST_UPD_IP` varchar(100) CHARACTER SET utf8 DEFAULT NULL,
  `WSDVER` decimal(16,0) DEFAULT NULL,
  `SORT_NUM` decimal(12,0) DEFAULT NULL,
  PRIMARY KEY (`ID`) USING BTREE
) ENGINE=InnoDB DEFAULT CHARSET=utf8mb4 COLLATE=utf8mb4_bin;
CREATE TABLE `wsd_sys_message_relation` (
  `ID` int(20) NOT NULL AUTO_INCREMENT,
  `BIZ_TYPE` varchar(10) CHARACTER SET utf8 DEFAULT NULL,
  `BIZ_ID` int(11) DEFAULT NULL,
  `MESSAGE_ID` int(11) DEFAULT NULL,
  `LAST_UPD_TIME` datetime DEFAULT NULL,
  `LAST_UPD_USER` varchar(100) CHARACTER SET utf8 DEFAULT NULL,
  `CREAT_TIME` datetime DEFAULT NULL,
  `CREATOR` int(40) DEFAULT NULL,
  `LAST_UPD_IP` varchar(100) CHARACTER SET utf8 DEFAULT NULL,
  `WSDVER` decimal(16,0) DEFAULT NULL,
  `SORT_NUM` decimal(12,0) DEFAULT NULL,
  PRIMARY KEY (`ID`)
) ENGINE=InnoDB AUTO_INCREMENT=83 DEFAULT CHARSET=utf8mb4 COLLATE=utf8mb4_bin;
CREATE TABLE `wsd_sys_message_user` (
  `ID` int(20) NOT NULL AUTO_INCREMENT,
  `MESSAGE_ID` int(20) DEFAULT NULL COMMENT '消息ID',
  `RECV_USER` int(40) DEFAULT NULL COMMENT '收件人',
  `RECV_TIME` datetime DEFAULT NULL COMMENT '收件时间',
  `REAL_STATUS` int(1) DEFAULT NULL COMMENT '是否已读（0未读1已读）',
  `TYPE` int(1) DEFAULT NULL COMMENT '收件人类型：1收件人2抄送人',
  `del` int(1) DEFAULT NULL COMMENT '是否删除（0未删除1删除）',
  `collect` int(1) DEFAULT NULL COMMENT '收藏(0未收藏1已收藏)',
  `LAST_UPD_TIME` datetime DEFAULT NULL,
  `LAST_UPD_USER` varchar(100) CHARACTER SET utf8 DEFAULT NULL,
  `CREAT_TIME` datetime DEFAULT NULL,
  `CREATOR` int(40) DEFAULT NULL,
  `LAST_UPD_IP` varchar(100) CHARACTER SET utf8 DEFAULT NULL,
  `WSDVER` decimal(16,0) DEFAULT NULL,
  `SORT_NUM` decimal(12,0) DEFAULT NULL,
  PRIMARY KEY (`ID`) USING BTREE
) ENGINE=InnoDB AUTO_INCREMENT=152 DEFAULT CHARSET=utf8mb4 COLLATE=utf8mb4_bin;
CREATE TABLE `wsd_sys_operation_audit` (
  `id` int(60) NOT NULL AUTO_INCREMENT COMMENT '主键',
  `logger_type` varchar(40) COLLATE utf8mb4_bin DEFAULT NULL COMMENT '日志类型',
  `application_name` varchar(40) COLLATE utf8mb4_bin DEFAULT NULL COMMENT '应用名称',
  `module_name` varchar(40) COLLATE utf8mb4_bin DEFAULT NULL COMMENT '模块名称',
  `operation_name` varchar(40) COLLATE utf8mb4_bin DEFAULT NULL COMMENT '操作名称',
  `operation_result` varchar(20) COLLATE utf8mb4_bin DEFAULT NULL COMMENT '操作结果',
  `operation_user` int(20) DEFAULT NULL COMMENT '操作人',
  `exception` varchar(40) COLLATE utf8mb4_bin DEFAULT NULL COMMENT '异常信息',
  `operation_desc` varchar(40) COLLATE utf8mb4_bin DEFAULT NULL COMMENT '操作描述',
  `ip_address` varchar(40) COLLATE utf8mb4_bin DEFAULT NULL COMMENT '访问ip地址',
  `last_upd_time` datetime DEFAULT NULL,
  `last_upd_user` varchar(20) COLLATE utf8mb4_bin DEFAULT NULL,
  `creator` varchar(20) COLLATE utf8mb4_bin DEFAULT NULL,
  `creat_time` datetime DEFAULT NULL,
  `sort_num` int(12) DEFAULT NULL,
  `last_upd_ip` varchar(20) COLLATE utf8mb4_bin DEFAULT NULL,
  `wsdver` int(10) DEFAULT NULL,
  PRIMARY KEY (`id`)
) ENGINE=InnoDB AUTO_INCREMENT=466 DEFAULT CHARSET=utf8mb4 COLLATE=utf8mb4_bin ROW_FORMAT=DYNAMIC;
CREATE TABLE `wsd_sys_org` (
  `id` int(20) NOT NULL AUTO_INCREMENT COMMENT '主键',
  `parent_id` int(20) DEFAULT NULL COMMENT '父id',
  `biz_type` varchar(16) DEFAULT NULL COMMENT '业务对象类型(prepa/project)',
  `biz_id` int(20) DEFAULT NULL COMMENT '项目ID/立项id',
  `org_code` varchar(100) DEFAULT NULL COMMENT '组织编码',
  `org_name` varchar(200) DEFAULT NULL COMMENT '组织名称',
  `del` varchar(5) DEFAULT NULL COMMENT '删除标识',
  `org_type` int(10) DEFAULT NULL COMMENT '组织类型',
  `org_level` varchar(5) DEFAULT NULL COMMENT '组织级别',
  `remark` varchar(40) DEFAULT NULL COMMENT '备注',
  `last_upd_time` datetime DEFAULT NULL,
  `last_upd_user` varchar(100) DEFAULT NULL,
  `creat_time` datetime DEFAULT NULL,
  `creator` int(11) DEFAULT NULL,
  `last_upd_ip` varchar(100) DEFAULT NULL,
  `wsdver` decimal(16,0) DEFAULT NULL,
  `sort_num` decimal(12,0) DEFAULT NULL,
  `status` varchar(10) DEFAULT NULL COMMENT '组织状态',
  `grog_loc` varchar(200) DEFAULT NULL COMMENT '所属地域',
  `org_address` varchar(200) DEFAULT NULL COMMENT '组织地址',
  `zip_code` varchar(40) DEFAULT NULL COMMENT '邮编',
  `org_contract` varchar(20) DEFAULT NULL COMMENT '联系人',
  `contract_num` varchar(100) DEFAULT NULL COMMENT '联系电话',
  `org_email` varchar(100) DEFAULT NULL COMMENT '电子邮箱',
  `web_address` varchar(200) DEFAULT NULL COMMENT '网站地址',
  `effect_date` datetime DEFAULT NULL COMMENT '有效日期',
  `invalid_date` datetime DEFAULT NULL COMMENT '失效日期',
  PRIMARY KEY (`id`) USING BTREE
) ENGINE=InnoDB AUTO_INCREMENT=411 DEFAULT CHARSET=utf8 ROW_FORMAT=DYNAMIC;
CREATE TABLE `wsd_sys_pwdrule` (
  `id` int(60) NOT NULL AUTO_INCREMENT,
  `cycle` int(60) DEFAULT NULL COMMENT '修改周期',
  `length` int(60) DEFAULT NULL COMMENT '密码长度',
  `errornumber` int(20) DEFAULT NULL COMMENT '错误次数',
  `locktime` int(60) DEFAULT NULL COMMENT '锁定时长（分钟）',
  `LAST_UPD_IP` varchar(255) COLLATE utf8mb4_bin DEFAULT NULL,
  `SORT_NUM` int(11) DEFAULT NULL,
  `WSDVER` varchar(255) COLLATE utf8mb4_bin DEFAULT NULL,
  `LAST_UPD_TIME` datetime DEFAULT CURRENT_TIMESTAMP,
  `LAST_UPD_USER` varchar(255) COLLATE utf8mb4_bin DEFAULT NULL,
  `CREAT_TIME` datetime DEFAULT NULL,
  `CREATOR` int(11) DEFAULT NULL,
  PRIMARY KEY (`id`)
) ENGINE=InnoDB AUTO_INCREMENT=2 DEFAULT CHARSET=utf8mb4 COLLATE=utf8mb4_bin;
CREATE TABLE `wsd_sys_role` (
  `ID` int(60) NOT NULL AUTO_INCREMENT,
  `role_code` varchar(64) DEFAULT NULL COMMENT '角色编码',
  `role_name` varchar(64) DEFAULT NULL COMMENT '角色名称',
  `role_desc` varchar(255) DEFAULT NULL COMMENT '角色描述',
  `last_upd_time` datetime DEFAULT NULL COMMENT '最后修改时间',
  `last_upd_user` varchar(100) DEFAULT NULL COMMENT '最后修改人',
  `creat_time` datetime DEFAULT NULL COMMENT '创建时间',
  `creator` int(11) DEFAULT NULL COMMENT '创建人',
  `last_upd_ip` varchar(100) DEFAULT NULL COMMENT '上次修改ip',
  `wsdver` varchar(10) DEFAULT NULL COMMENT '版本号',
  `sort_num` int(20) DEFAULT NULL COMMENT '排序号',
  PRIMARY KEY (`ID`) USING BTREE
) ENGINE=InnoDB AUTO_INCREMENT=220 DEFAULT CHARSET=utf8 ROW_FORMAT=DYNAMIC;
CREATE TABLE `wsd_sys_roleauth` (
  `id` int(60) NOT NULL AUTO_INCREMENT COMMENT '主键',
  `role_id` int(60) DEFAULT NULL COMMENT '角色id',
  `res_code` varchar(60) CHARACTER SET utf8 NOT NULL COMMENT '菜单||权限 编码',
  `res_type` varchar(10) DEFAULT NULL COMMENT '权限类型（menu/func）',
  `creator` int(11) DEFAULT NULL,
  `creat_time` datetime DEFAULT NULL,
  `last_upd_user` varchar(100) CHARACTER SET utf8 DEFAULT NULL,
  `last_upd_time` datetime DEFAULT NULL,
  `wsdver` decimal(9,0) DEFAULT NULL,
  `sort_num` decimal(9,0) DEFAULT NULL,
  `last_upd_ip` varchar(10) CHARACTER SET utf8 DEFAULT NULL,
  PRIMARY KEY (`id`) USING BTREE
) ENGINE=InnoDB AUTO_INCREMENT=501 DEFAULT CHARSET=utf8mb4 ROW_FORMAT=DYNAMIC;
CREATE TABLE `wsd_sys_user` (
  `id` int(12) NOT NULL AUTO_INCREMENT COMMENT '主键',
  `actu_name` varchar(64) NOT NULL COMMENT '真实姓名',
  `password` varchar(100) DEFAULT NULL COMMENT '密码',
  `user_name` varchar(64) DEFAULT NULL COMMENT '用户账号',
  `status` int(16) DEFAULT NULL COMMENT '1：正常，2:  锁定；',
  `user_type` int(10) DEFAULT NULL COMMENT '1:普通用户；2：安全审计员；3：安全管理员；4：系统管理员',
  `lastlogin_time` datetime(6) DEFAULT NULL COMMENT '上次登录时间',
  `ipaddress` varchar(128) DEFAULT NULL COMMENT 'ip地址',
  `update_pwd_time` datetime DEFAULT NULL COMMENT '上次修改密码时间',
  `error_time` datetime DEFAULT NULL COMMENT '登录验证错误时间',
  `error_number` int(10) DEFAULT NULL COMMENT '错误次数',
  `email` varchar(255) DEFAULT NULL COMMENT 'email',
  `level` int(4) DEFAULT NULL,
  `remark` varchar(1000) DEFAULT NULL COMMENT '备注',
  `birth` datetime DEFAULT NULL COMMENT '出生日期',
  `sex` int(10) DEFAULT NULL COMMENT '1 ： 男 ； 2 : 女',
  `visits` int(12) DEFAULT NULL,
  `phone` varchar(20) DEFAULT NULL COMMENT '手机号码',
  `quit_date` datetime DEFAULT NULL COMMENT '离职日期',
  `staff_status` varchar(10) DEFAULT NULL COMMENT '人员状态:1、在岗',
  `entry_date` datetime DEFAULT NULL COMMENT '入职日期',
  `card_num` varchar(40) DEFAULT NULL COMMENT '证件号码',
  `card_type` varchar(20) DEFAULT NULL COMMENT '证件类型',
  `wsdver` decimal(16,0) DEFAULT NULL,
  `last_upd_user` varchar(100) DEFAULT NULL,
  `creat_time` datetime DEFAULT NULL,
  `creator` int(11) DEFAULT NULL,
  `sort_num` decimal(12,0) DEFAULT NULL,
  `last_upd_time` datetime DEFAULT NULL,
  `last_upd_ip` varchar(100) DEFAULT NULL,
  PRIMARY KEY (`id`) USING BTREE
) ENGINE=InnoDB AUTO_INCREMENT=561 DEFAULT CHARSET=utf8 ROW_FORMAT=DYNAMIC;
CREATE TABLE `wsd_sys_useript` (
  `ID` int(60) NOT NULL AUTO_INCREMENT COMMENT '主键',
  `USER_ID` int(60) DEFAULT NULL COMMENT '用户id',
  `IPT_ID` int(60) DEFAULT NULL COMMENT 'iptId',
  `CREATOR` int(11) DEFAULT NULL,
  `CREAT_TIME` datetime DEFAULT NULL ON UPDATE CURRENT_TIMESTAMP,
  `LAST_UPD_USER` varchar(100) CHARACTER SET utf8 DEFAULT NULL,
  `LAST_UPD_TIME` datetime DEFAULT NULL ON UPDATE CURRENT_TIMESTAMP,
  `WSDVER` decimal(9,0) DEFAULT NULL,
  `SORT_NUM` decimal(9,0) DEFAULT NULL,
  `LAST_UPD_IP` varchar(100) CHARACTER SET utf8 DEFAULT NULL,
  PRIMARY KEY (`ID`) USING BTREE
) ENGINE=InnoDB AUTO_INCREMENT=179 DEFAULT CHARSET=utf8mb4 ROW_FORMAT=DYNAMIC;
CREATE TABLE `wsd_sys_user_copy` (
  `id` int(12) NOT NULL AUTO_INCREMENT COMMENT '主键',
  `actu_name` varchar(64) NOT NULL COMMENT '真实姓名',
  `password` varchar(100) DEFAULT NULL COMMENT '密码',
  `user_name` varchar(64) DEFAULT NULL COMMENT '用户账号',
  `status` int(16) DEFAULT NULL COMMENT '1：正常，2:  锁定；',
  `user_type` int(10) DEFAULT NULL COMMENT '1:普通用户；2：安全审计员；3：安全管理员；4：系统管理员',
  `lastlogin_time` datetime(6) DEFAULT NULL COMMENT '上次登录时间',
  `ipaddress` varchar(128) DEFAULT NULL COMMENT 'ip地址',
  `update_pwd_time` datetime DEFAULT NULL COMMENT '上次修改密码时间',
  `error_time` datetime DEFAULT NULL COMMENT '登录验证错误时间',
  `error_number` int(10) DEFAULT NULL COMMENT '错误次数',
  `email` varchar(255) DEFAULT NULL COMMENT 'email',
  `level` int(4) DEFAULT NULL,
  `remark` varchar(1000) DEFAULT NULL COMMENT '备注',
  `birth` datetime DEFAULT NULL COMMENT '出生日期',
  `sex` int(10) DEFAULT NULL COMMENT '1 ： 男 ； 2 : 女',
  `visits` int(12) DEFAULT NULL,
  `phone` varchar(20) DEFAULT NULL COMMENT '手机号码',
  `quit_date` datetime DEFAULT NULL COMMENT '离职日期',
  `staff_status` varchar(10) DEFAULT NULL COMMENT '人员状态:1、在岗',
  `entry_date` datetime DEFAULT NULL COMMENT '入职日期',
  `card_num` varchar(40) DEFAULT NULL COMMENT '证件号码',
  `card_type` varchar(20) DEFAULT NULL COMMENT '证件类型',
  `wsdver` decimal(16,0) DEFAULT NULL,
  `last_upd_user` varchar(100) DEFAULT NULL,
  `creat_time` datetime DEFAULT NULL,
  `creator` int(11) DEFAULT NULL,
  `sort_num` decimal(12,0) DEFAULT NULL,
  `last_upd_time` datetime DEFAULT NULL,
  `last_upd_ip` varchar(100) DEFAULT NULL,
  PRIMARY KEY (`id`) USING BTREE
) ENGINE=InnoDB AUTO_INCREMENT=350 DEFAULT CHARSET=utf8 ROW_FORMAT=DYNAMIC;
CREATE TABLE `wsd_sys_useript_role` (
  `id` int(60) NOT NULL AUTO_INCREMENT COMMENT '主键',
  `user_id` int(60) DEFAULT NULL COMMENT '用户id',
  `ipt_id` int(60) DEFAULT NULL COMMENT '组织id',
  `role_id` int(60) DEFAULT NULL COMMENT '角色id',
  `creator` int(11) DEFAULT NULL,
  `creat_time` datetime DEFAULT NULL,
  `last_upd_user` varchar(100) CHARACTER SET utf8 DEFAULT NULL,
  `last_upd_time` datetime DEFAULT NULL,
  `wsdver` decimal(9,0) DEFAULT NULL,
  `sort_num` decimal(9,0) DEFAULT NULL,
  `last_upd_ip` varchar(100) CHARACTER SET utf8 DEFAULT NULL,
  PRIMARY KEY (`id`)
) ENGINE=InnoDB AUTO_INCREMENT=186 DEFAULT CHARSET=utf8mb4 ROW_FORMAT=DYNAMIC;
CREATE TABLE `wsd_sys_userorg` (
  `id` int(12) NOT NULL AUTO_INCREMENT COMMENT '主键',
  `user_id` int(12) DEFAULT NULL COMMENT '用户id',
  `org_id` int(12) DEFAULT NULL COMMENT '组织id',
  `main_org` int(2) DEFAULT NULL COMMENT '主部门（ 1 : 是）',
  `creator` int(11) DEFAULT NULL,
  `creat_time` datetime DEFAULT NULL,
  `last_upd_user` varchar(100) CHARACTER SET utf8 DEFAULT NULL,
  `last_upd_time` datetime DEFAULT NULL,
  `wsdver` decimal(9,0) DEFAULT NULL,
  `sort_num` decimal(9,0) DEFAULT NULL,
  `last_upd_ip` varchar(100) CHARACTER SET utf8 DEFAULT NULL,
  PRIMARY KEY (`id`) USING BTREE
) ENGINE=InnoDB AUTO_INCREMENT=1123 DEFAULT CHARSET=utf8mb4 ROW_FORMAT=DYNAMIC;
CREATE TABLE `wsd_sys_userorg_role` (
  `id` int(12) NOT NULL AUTO_INCREMENT COMMENT '主键',
  `user_id` int(12) DEFAULT NULL COMMENT '用户id',
  `org_id` int(12) DEFAULT NULL COMMENT '组织id',
  `role_id` int(12) DEFAULT NULL COMMENT '角色id',
  `creator` int(11) DEFAULT NULL,
  `creat_time` datetime DEFAULT NULL,
  `last_upd_user` varchar(100) CHARACTER SET utf8 DEFAULT NULL,
  `last_upd_time` datetime DEFAULT NULL,
  `wsdver` decimal(9,0) DEFAULT NULL,
  `sort_num` decimal(9,0) DEFAULT NULL,
  `last_upd_ip` varchar(100) CHARACTER SET utf8 DEFAULT NULL,
  PRIMARY KEY (`id`) USING BTREE
) ENGINE=InnoDB AUTO_INCREMENT=1324 DEFAULT CHARSET=utf8mb4 ROW_FORMAT=DYNAMIC;
BEGIN;
LOCK TABLES `acm_cloud`.`auth_client` WRITE;
DELETE FROM `acm_cloud`.`auth_client`;
INSERT INTO `acm_cloud`.`auth_client` (`id`,`code`,`secret`,`name`,`locked`,`description`,`crt_time`,`crt_user`,`crt_name`,`crt_host`,`upd_time`,`upd_user`,`upd_name`,`upd_host`,`attr1`,`attr2`,`attr3`,`attr4`,`attr5`,`attr6`,`attr7`,`attr8`) VALUES (1, 'acm-gate', '123456', 'acm-gate', '0', '', NULL, '', '', '', '2017-07-07 21:51:32', '1', '管理员', '0:0:0:0:0:0:0:1', '', '', '', '', '', '', '', ''),(3, 'acm-module-sys', '123456', 'acm-module-sys', '0', '', NULL, NULL, NULL, NULL, '2017-07-06 21:42:17', '1', '管理员', '0:0:0:0:0:0:0:1', NULL, NULL, NULL, NULL, NULL, NULL, NULL, NULL),(6, 'acm-auth-server', '123456', 'acm-auth-server', '0', NULL, NULL, NULL, NULL, NULL, NULL, NULL, NULL, NULL, NULL, NULL, NULL, NULL, NULL, NULL, NULL, NULL),(23, 'acm-module-base', '123456', 'acm-module-base', '0', NULL, NULL, NULL, NULL, NULL, NULL, NULL, NULL, NULL, NULL, NULL, NULL, NULL, NULL, NULL, NULL, NULL);
UNLOCK TABLES;
COMMIT;
BEGIN;
LOCK TABLES `acm_cloud`.`auth_client_service` WRITE;
DELETE FROM `acm_cloud`.`auth_client_service`;
INSERT INTO `acm_cloud`.`auth_client_service` (`id`,`service_id`,`client_id`,`description`,`crt_time`,`crt_user`,`crt_name`,`crt_host`,`attr1`,`attr2`,`attr3`,`attr4`,`attr5`,`attr6`,`attr7`,`attr8`) VALUES (21, '4', '5', NULL, NULL, NULL, NULL, NULL, NULL, NULL, NULL, NULL, NULL, NULL, NULL, NULL),(23, '3', '6', NULL, NULL, NULL, NULL, NULL, NULL, NULL, NULL, NULL, NULL, NULL, NULL, NULL),(41, '3', '1', NULL, '2017-12-31 08:58:03', 'null', 'null', 'null', NULL, NULL, NULL, NULL, NULL, NULL, NULL, NULL),(42, '6', '1', NULL, '2017-12-31 08:58:03', 'null', 'null', 'null', NULL, NULL, NULL, NULL, NULL, NULL, NULL, NULL);
UNLOCK TABLES;
COMMIT;
BEGIN;
LOCK TABLES `acm_cloud`.`base_element` WRITE;
DELETE FROM `acm_cloud`.`base_element`;
INSERT INTO `acm_cloud`.`base_element` (`id`,`code`,`type`,`name`,`uri`,`menu_id`,`parent_id`,`path`,`method`,`description`,`crt_time`,`crt_user`,`crt_name`,`crt_host`,`attr1`,`attr2`,`attr3`,`attr4`,`attr5`,`attr6`,`attr7`,`attr8`) VALUES (3, 'userManager:btn_add', 'button', '新增', '/admin/user', '1', NULL, NULL, 'POST', '', NULL, NULL, NULL, NULL, NULL, NULL, NULL, NULL, NULL, NULL, NULL, NULL),(4, 'userManager:btn_edit', 'button', '编辑', '/admin/user/{*}', '1', NULL, NULL, 'PUT', '', NULL, NULL, NULL, NULL, NULL, NULL, NULL, NULL, NULL, NULL, NULL, NULL),(5, 'userManager:btn_del', 'button', '删除', '/admin/user/{*}', '1', NULL, NULL, 'DELETE', '', NULL, NULL, NULL, NULL, NULL, NULL, NULL, NULL, NULL, NULL, NULL, NULL),(9, 'menuManager:element', 'uri', '按钮页面', '/admin/element', '6', NULL, NULL, 'GET', '', NULL, NULL, NULL, NULL, NULL, NULL, NULL, NULL, NULL, NULL, NULL, NULL),(10, 'menuManager:btn_add', 'button', '新增', '/admin/menu/{*}', '6', NULL, NULL, 'POST', '', NULL, NULL, NULL, NULL, NULL, NULL, NULL, NULL, NULL, NULL, NULL, NULL),(11, 'menuManager:btn_edit', 'button', '编辑', '/admin/menu/{*}', '6', '', '', 'PUT', '', '2017-06-24 00:00:00', '', '', '', '', '', '', '', '', '', '', ''),(12, 'menuManager:btn_del', 'button', '删除', '/admin/menu/{*}', '6', '', '', 'DELETE', '', '2017-06-24 00:00:00', '', '', '', '', '', '', '', '', '', '', ''),(13, 'menuManager:btn_element_add', 'button', '新增元素', '/admin/element', '6', NULL, NULL, 'POST', '', NULL, NULL, NULL, NULL, NULL, NULL, NULL, NULL, NULL, NULL, NULL, NULL),(14, 'menuManager:btn_element_edit', 'button', '编辑元素', '/admin/element/{*}', '6', NULL, NULL, 'PUT', '', NULL, NULL, NULL, NULL, NULL, NULL, NULL, NULL, NULL, NULL, NULL, NULL),(15, 'menuManager:btn_element_del', 'button', '删除元素', '/admin/element/{*}', '6', NULL, NULL, 'DELETE', '', NULL, NULL, NULL, NULL, NULL, NULL, NULL, NULL, NULL, NULL, NULL, NULL),(16, 'groupManager:btn_add', 'button', '新增', '/admin/group', '7', NULL, NULL, 'POST', '', NULL, NULL, NULL, NULL, NULL, NULL, NULL, NULL, NULL, NULL, NULL, NULL),(17, 'groupManager:btn_edit', 'button', '编辑', '/admin/group/{*}', '7', NULL, NULL, 'PUT', '', NULL, NULL, NULL, NULL, NULL, NULL, NULL, NULL, NULL, NULL, NULL, NULL),(18, 'groupManager:btn_del', 'button', '删除', '/admin/group/{*}', '7', NULL, NULL, 'DELETE', '', NULL, NULL, NULL, NULL, NULL, NULL, NULL, NULL, NULL, NULL, NULL, NULL),(19, 'groupManager:btn_userManager', 'button', '分配用户', '/admin/group/{*}/user', '7', NULL, NULL, 'PUT', '', NULL, NULL, NULL, NULL, NULL, NULL, NULL, NULL, NULL, NULL, NULL, NULL),(20, 'groupManager:btn_resourceManager', 'button', '分配权限', '/admin/group/{*}/authority', '7', NULL, NULL, 'GET', '', NULL, NULL, NULL, NULL, NULL, NULL, NULL, NULL, NULL, NULL, NULL, NULL),(21, 'groupManager:menu', 'uri', '分配菜单', '/admin/group/{*}/authority/menu', '7', NULL, NULL, 'POST', '', NULL, NULL, NULL, NULL, NULL, NULL, NULL, NULL, NULL, NULL, NULL, NULL),(22, 'groupManager:element', 'uri', '分配资源', '/admin/group/{*}/authority/element', '7', NULL, NULL, 'POST', '', NULL, NULL, NULL, NULL, NULL, NULL, NULL, NULL, NULL, NULL, NULL, NULL),(23, 'userManager:view', 'uri', '查看', '/admin/user/{*}', '1', '', '', 'GET', '', '2017-06-26 00:00:00', '', '', '', '', '', '', '', '', '', '', ''),(24, 'menuManager:view', 'uri', '查看', '/admin/menu/{*}', '6', '', '', 'GET', '', '2017-06-26 00:00:00', '', '', '', '', '', '', '', '', '', '', ''),(27, 'menuManager:element_view', 'uri', '查看', '/admin/element/{*}', '6', NULL, NULL, 'GET', NULL, NULL, NULL, NULL, NULL, NULL, NULL, NULL, NULL, NULL, NULL, NULL, NULL),(28, 'groupManager:view', 'uri', '查看', '/admin/group/{*}', '7', NULL, NULL, 'GET', NULL, NULL, NULL, NULL, NULL, NULL, NULL, NULL, NULL, NULL, NULL, NULL, NULL),(32, 'groupTypeManager:view', 'uri', '查看', '/admin/groupType/{*}', '8', NULL, NULL, 'GET', '', NULL, NULL, NULL, NULL, NULL, NULL, NULL, NULL, NULL, NULL, NULL, NULL),(33, 'groupTypeManager:btn_add', 'button', '新增', '/admin/groupType', '8', NULL, NULL, 'POST', NULL, NULL, NULL, NULL, NULL, NULL, NULL, NULL, NULL, NULL, NULL, NULL, NULL),(34, 'groupTypeManager:btn_edit', 'button', '编辑', '/admin/groupType/{*}', '8', NULL, NULL, 'PUT', NULL, NULL, NULL, NULL, NULL, NULL, NULL, NULL, NULL, NULL, NULL, NULL, NULL),(35, 'groupTypeManager:btn_del', 'button', '删除', '/admin/groupType/{*}', '8', NULL, NULL, 'DELETE', NULL, NULL, NULL, NULL, NULL, NULL, NULL, NULL, NULL, NULL, NULL, NULL, NULL),(41, 'gateLogManager:view', 'button', '查看', '/admin/gateLog', '27', NULL, NULL, 'GET', '', '2017-07-01 00:00:00', '1', 'admin', '0:0:0:0:0:0:0:1', NULL, NULL, NULL, NULL, NULL, NULL, NULL, NULL),(42, 'serviceManager:view', 'URI', '查看', '/auth/service/{*}', '30', NULL, NULL, 'GET', NULL, '2017-12-26 20:17:42', '1', 'Mr.AG', '192.168.3.145', NULL, NULL, NULL, NULL, NULL, NULL, NULL, NULL),(43, 'serviceManager:btn_add', 'button', '新增', '/auth/service', '30', NULL, NULL, 'POST', NULL, NULL, NULL, NULL, NULL, NULL, NULL, NULL, NULL, NULL, NULL, NULL, NULL),(44, 'serviceManager:btn_edit', 'button', '编辑', '/auth/service/{*}', '30', NULL, NULL, 'PUT', NULL, NULL, NULL, NULL, NULL, NULL, NULL, NULL, NULL, NULL, NULL, NULL, NULL),(45, 'serviceManager:btn_del', 'button', '删除', '/auth/service/{*}', '30', NULL, NULL, 'DELETE', NULL, NULL, NULL, NULL, NULL, NULL, NULL, NULL, NULL, NULL, NULL, NULL, NULL),(46, 'serviceManager:btn_clientManager', 'button', '服务授权', '/auth/service/{*}/client', '30', NULL, NULL, 'POST', NULL, '2017-12-30 16:32:48', '1', 'Mr.AG', '192.168.3.145', NULL, NULL, NULL, NULL, NULL, NULL, NULL, NULL);
UNLOCK TABLES;
COMMIT;
BEGIN;
LOCK TABLES `acm_cloud`.`base_group` WRITE;
DELETE FROM `acm_cloud`.`base_group`;
INSERT INTO `acm_cloud`.`base_group` (`id`,`code`,`name`,`parent_id`,`path`,`type`,`group_type`,`description`,`crt_time`,`crt_user`,`crt_name`,`crt_host`,`upd_time`,`upd_user`,`upd_name`,`upd_host`,`attr1`,`attr2`,`attr3`,`attr4`,`attr5`,`attr6`,`attr7`,`attr8`) VALUES (1, 'adminRole', '管理员', -1, '/adminRole', NULL, 1, '', NULL, NULL, NULL, NULL, NULL, NULL, NULL, NULL, NULL, NULL, NULL, NULL, NULL, NULL, NULL, NULL),(3, 'testGroup', '体验组', -1, '/testGroup', NULL, 1, '', NULL, NULL, NULL, NULL, NULL, NULL, NULL, NULL, NULL, NULL, NULL, NULL, NULL, NULL, NULL, NULL),(4, 'visitorRole', '游客', 3, '/testGroup/visitorRole', NULL, 1, '', NULL, NULL, NULL, NULL, NULL, NULL, NULL, NULL, NULL, NULL, NULL, NULL, NULL, NULL, NULL, NULL),(6, 'company', 'AG集团', -1, '/company', NULL, 2, '', NULL, NULL, NULL, NULL, NULL, NULL, NULL, NULL, NULL, NULL, NULL, NULL, NULL, NULL, NULL, NULL),(7, 'financeDepart', '财务部', 6, '/company/financeDepart', NULL, 2, '', NULL, NULL, NULL, NULL, NULL, NULL, NULL, NULL, NULL, NULL, NULL, NULL, NULL, NULL, NULL, NULL),(8, 'hrDepart', '人力资源部', 6, '/company/hrDepart', NULL, 2, '', NULL, NULL, NULL, NULL, NULL, NULL, NULL, NULL, NULL, NULL, NULL, NULL, NULL, NULL, NULL, NULL),(9, 'blogAdmin', '博客管理员', -1, '/blogAdmin', NULL, 1, '', '2017-07-16 16:59:30', '1', 'Mr.AG', '0:0:0:0:0:0:0:1', NULL, NULL, NULL, NULL, NULL, NULL, NULL, NULL, NULL, NULL, NULL, NULL);
UNLOCK TABLES;
COMMIT;
BEGIN;
LOCK TABLES `acm_cloud`.`base_group_leader` WRITE;
DELETE FROM `acm_cloud`.`base_group_leader`;
INSERT INTO `acm_cloud`.`base_group_leader` (`id`,`group_id`,`user_id`,`description`,`crt_time`,`crt_user`,`crt_name`,`crt_host`,`upd_time`,`upd_user`,`upd_name`,`upd_host`,`attr1`,`attr2`,`attr3`,`attr4`,`attr5`,`attr6`,`attr7`,`attr8`) VALUES (6, '9', '4', NULL, NULL, NULL, NULL, NULL, NULL, NULL, NULL, NULL, NULL, NULL, NULL, NULL, NULL, NULL, NULL, NULL),(13, '1', '1', NULL, NULL, NULL, NULL, NULL, NULL, NULL, NULL, NULL, NULL, NULL, NULL, NULL, NULL, NULL, NULL, NULL);
UNLOCK TABLES;
COMMIT;
BEGIN;
LOCK TABLES `acm_cloud`.`base_group_member` WRITE;
DELETE FROM `acm_cloud`.`base_group_member`;
INSERT INTO `acm_cloud`.`base_group_member` (`id`,`group_id`,`user_id`,`description`,`crt_time`,`crt_user`,`crt_name`,`crt_host`,`upd_time`,`upd_user`,`upd_name`,`upd_host`,`attr1`,`attr2`,`attr3`,`attr4`,`attr5`,`attr6`,`attr7`,`attr8`) VALUES (2, '4', '2', NULL, NULL, NULL, NULL, NULL, NULL, NULL, NULL, NULL, NULL, NULL, NULL, NULL, NULL, NULL, NULL, NULL),(9, '9', '4', NULL, NULL, NULL, NULL, NULL, NULL, NULL, NULL, NULL, NULL, NULL, NULL, NULL, NULL, NULL, NULL, NULL),(10, '1', '2', NULL, NULL, NULL, NULL, NULL, NULL, NULL, NULL, NULL, NULL, NULL, NULL, NULL, NULL, NULL, NULL, NULL);
UNLOCK TABLES;
COMMIT;
BEGIN;
LOCK TABLES `acm_cloud`.`base_group_type` WRITE;
DELETE FROM `acm_cloud`.`base_group_type`;
INSERT INTO `acm_cloud`.`base_group_type` (`id`,`code`,`name`,`description`,`crt_time`,`crt_user`,`crt_name`,`crt_host`,`upd_time`,`upd_user`,`upd_name`,`upd_host`,`attr1`,`attr2`,`attr3`,`attr4`,`attr5`,`attr6`,`attr7`,`attr8`) VALUES (1, 'role', '角色类型', 'role', NULL, NULL, NULL, NULL, '2017-08-25 17:52:37', '1', 'Mr.AG', '192.168.3.145', NULL, NULL, NULL, NULL, NULL, NULL, NULL, NULL),(2, 'depart', '部门类型', NULL, NULL, NULL, NULL, NULL, '2017-08-25 17:52:43', '1', 'Mr.AG', '192.168.3.145', NULL, NULL, NULL, NULL, NULL, NULL, NULL, NULL),(3, 'free', '自定义类型', 'sadf', NULL, NULL, NULL, NULL, '2017-08-26 08:22:25', '1', 'Mr.AG', '192.168.3.145', NULL, NULL, NULL, NULL, NULL, NULL, NULL, NULL);
UNLOCK TABLES;
COMMIT;
BEGIN;
LOCK TABLES `acm_cloud`.`base_menu` WRITE;
DELETE FROM `acm_cloud`.`base_menu`;
INSERT INTO `acm_cloud`.`base_menu` (`id`,`code`,`title`,`parent_id`,`href`,`icon`,`type`,`order_num`,`description`,`path`,`enabled`,`crt_time`,`crt_user`,`crt_name`,`crt_host`,`upd_time`,`upd_user`,`upd_name`,`upd_host`,`attr1`,`attr2`,`attr3`,`attr4`,`attr5`,`attr6`,`attr7`,`attr8`) VALUES (1, 'userManager', '用户管理', 5, '/admin/user', 'fa-user', 'menu', 0, '', '/adminSys/baseManager/userManager', NULL, NULL, NULL, NULL, NULL, '2017-09-05 21:06:51', '1', 'Mr.AG', '192.168.3.145', '_import(\'admin/user/index\')', NULL, NULL, NULL, NULL, NULL, NULL, NULL),(5, 'baseManager', '基础配置管理', 13, '/admin', 'setting', 'dirt', 0, '', '/adminSys/baseManager', NULL, NULL, NULL, NULL, NULL, '2017-09-05 21:46:11', '1', 'Mr.AG', '192.168.3.145', 'Layout', NULL, NULL, NULL, NULL, NULL, NULL, NULL),(6, 'menuManager', '菜单管理', 5, '/admin/menu', 'category', 'menu', 0, '', '/adminSys/baseManager/menuManager', NULL, NULL, NULL, NULL, NULL, '2017-09-05 21:10:25', '1', 'Mr.AG', '192.168.3.145', '_import(\'admin/menu/index\')', NULL, NULL, NULL, NULL, NULL, NULL, NULL),(7, 'groupManager', '角色权限管理', 5, '/admin/group', 'group_fill', 'menu', 0, '', '/adminSys/baseManager/groupManager', NULL, NULL, NULL, NULL, NULL, '2017-09-05 21:11:34', '1', 'Mr.AG', '192.168.3.145', 'import(\'admin/group/index\')', NULL, NULL, NULL, NULL, NULL, NULL, NULL),(8, 'groupTypeManager', '角色类型管理', 5, '/admin/groupType', 'fa-users', 'menu', 0, '', '/adminSys/baseManager/groupTypeManager', NULL, NULL, NULL, NULL, NULL, '2017-09-05 21:12:28', '1', 'Mr.AG', '192.168.3.145', '_import(\'admin/groupType/index\')', NULL, NULL, NULL, NULL, NULL, NULL, NULL),(13, 'adminSys', '权限管理系统', -1, '/base', 'setting', 'dirt', 0, '', '/adminSys', NULL, NULL, NULL, NULL, NULL, '2017-09-28 12:09:22', '1', 'Mr.AG', '192.168.3.145', 'Layout', NULL, NULL, NULL, NULL, NULL, NULL, NULL),(21, 'dictManager', '数据字典', 5, '', 'fa fa-book', NULL, 0, '', '/adminSys/baseManager/dictManager', NULL, NULL, NULL, NULL, NULL, NULL, NULL, NULL, NULL, NULL, NULL, NULL, NULL, NULL, NULL, NULL, NULL),(27, 'gateLogManager', '操作日志', 5, '/admin/gateLog', 'viewlist', 'menu', 0, '', '/adminSys/baseManager/gateLogManager', NULL, '2017-07-01 00:00:00', '1', 'admin', '0:0:0:0:0:0:0:1', '2017-09-05 22:32:55', '1', 'Mr.AG', '192.168.3.145', '_import(\'admin/gateLog/index\')', NULL, NULL, NULL, NULL, NULL, NULL, NULL),(29, 'authManager', '服务权限管理', 13, '/auth', 'service', NULL, 0, '服务权限管理', '/adminSys/authManager', NULL, '2017-12-26 19:54:45', '1', 'Mr.AG', '192.168.3.145', '2017-12-26 19:55:18', '1', 'Mr.AG', '192.168.3.145', NULL, NULL, NULL, NULL, NULL, NULL, NULL, NULL),(30, 'serviceManager', '服务管理', 29, '/auth/service', 'client', NULL, 0, '服务管理', '/adminSys/authManager/serviceManager', NULL, '2017-12-26 19:56:06', '1', 'Mr.AG', '192.168.3.145', '2017-12-26 19:56:06', '1', 'Mr.AG', '192.168.3.145', NULL, NULL, NULL, NULL, NULL, NULL, NULL, NULL),(31, 'monitorManager', '监控模块管理', 13, NULL, 'service', NULL, 0, NULL, '/adminSys/monitorManager', NULL, '2018-02-25 09:36:35', '1', 'Mr.AG', '192.168.3.145', '2018-02-25 09:38:55', '1', 'Mr.AG', '192.168.3.145', NULL, NULL, NULL, NULL, NULL, NULL, NULL, NULL),(32, 'serviceEurekaManager', '服务注册中心', 31, NULL, 'client', NULL, 0, NULL, '/adminSys/monitorManager/serviceEurekaManager', NULL, '2018-02-25 09:37:04', '1', 'Mr.AG', '192.168.3.145', '2018-02-25 09:37:41', '1', 'Mr.AG', '192.168.3.145', NULL, NULL, NULL, NULL, NULL, NULL, NULL, NULL),(33, 'serviceMonitorManager', '服务状态监控', 31, NULL, 'client', NULL, 0, NULL, '/adminSys/monitorManager/serviceEurekaManager', NULL, '2018-02-25 09:37:05', '1', 'Mr.AG', '192.168.3.145', '2018-02-25 09:37:35', '1', 'Mr.AG', '192.168.3.145', NULL, NULL, NULL, NULL, NULL, NULL, NULL, NULL),(34, 'serviceZipkinManager', '服务链路监控', 31, NULL, 'client', NULL, 0, NULL, '/adminSys/monitorManager/serviceZipkinManager', NULL, '2018-02-25 09:38:05', '1', 'Mr.AG', '192.168.3.145', '2018-02-25 09:38:05', '1', 'Mr.AG', '192.168.3.145', NULL, NULL, NULL, NULL, NULL, NULL, NULL, NULL);
UNLOCK TABLES;
COMMIT;
BEGIN;
LOCK TABLES `acm_cloud`.`base_resource_authority` WRITE;
DELETE FROM `acm_cloud`.`base_resource_authority`;
INSERT INTO `acm_cloud`.`base_resource_authority` (`id`,`authority_id`,`authority_type`,`resource_id`,`resource_type`,`parent_id`,`path`,`description`,`crt_time`,`crt_user`,`crt_name`,`crt_host`,`attr1`,`attr2`,`attr3`,`attr4`,`attr5`,`attr6`,`attr7`,`attr8`) VALUES (287, '1', 'group', '5', 'button', '-1', NULL, NULL, NULL, NULL, NULL, NULL, NULL, NULL, NULL, NULL, NULL, NULL, NULL, NULL),(288, '1', 'group', '9', 'button', '-1', NULL, NULL, NULL, NULL, NULL, NULL, NULL, NULL, NULL, NULL, NULL, NULL, NULL, NULL),(289, '1', 'group', '10', 'button', '-1', NULL, NULL, NULL, NULL, NULL, NULL, NULL, NULL, NULL, NULL, NULL, NULL, NULL, NULL),(290, '1', 'group', '11', 'button', '-1', NULL, NULL, NULL, NULL, NULL, NULL, NULL, NULL, NULL, NULL, NULL, NULL, NULL, NULL),(291, '1', 'group', '12', 'button', '-1', NULL, NULL, NULL, NULL, NULL, NULL, NULL, NULL, NULL, NULL, NULL, NULL, NULL, NULL),(294, '1', 'group', '5', 'button', '-1', NULL, NULL, NULL, NULL, NULL, NULL, NULL, NULL, NULL, NULL, NULL, NULL, NULL, NULL),(295, '1', 'group', '9', 'button', '-1', NULL, NULL, NULL, NULL, NULL, NULL, NULL, NULL, NULL, NULL, NULL, NULL, NULL, NULL),(296, '1', 'group', '10', 'button', '-1', NULL, NULL, NULL, NULL, NULL, NULL, NULL, NULL, NULL, NULL, NULL, NULL, NULL, NULL),(297, '1', 'group', '11', 'button', '-1', NULL, NULL, NULL, NULL, NULL, NULL, NULL, NULL, NULL, NULL, NULL, NULL, NULL, NULL),(298, '1', 'group', '12', 'button', '-1', NULL, NULL, NULL, NULL, NULL, NULL, NULL, NULL, NULL, NULL, NULL, NULL, NULL, NULL),(299, '1', 'group', '9', 'button', '-1', NULL, NULL, NULL, NULL, NULL, NULL, NULL, NULL, NULL, NULL, NULL, NULL, NULL, NULL),(300, '1', 'group', '12', 'button', '-1', NULL, NULL, NULL, NULL, NULL, NULL, NULL, NULL, NULL, NULL, NULL, NULL, NULL, NULL),(301, '1', 'group', '10', 'button', '-1', NULL, NULL, NULL, NULL, NULL, NULL, NULL, NULL, NULL, NULL, NULL, NULL, NULL, NULL),(302, '1', 'group', '11', 'button', '-1', NULL, NULL, NULL, NULL, NULL, NULL, NULL, NULL, NULL, NULL, NULL, NULL, NULL, NULL),(303, '1', 'group', '13', 'button', '-1', NULL, NULL, NULL, NULL, NULL, NULL, NULL, NULL, NULL, NULL, NULL, NULL, NULL, NULL),(304, '1', 'group', '14', 'button', '-1', NULL, NULL, NULL, NULL, NULL, NULL, NULL, NULL, NULL, NULL, NULL, NULL, NULL, NULL),(305, '1', 'group', '15', 'button', '-1', NULL, NULL, NULL, NULL, NULL, NULL, NULL, NULL, NULL, NULL, NULL, NULL, NULL, NULL),(306, '1', 'group', '10', 'button', '-1', NULL, NULL, NULL, NULL, NULL, NULL, NULL, NULL, NULL, NULL, NULL, NULL, NULL, NULL),(307, '1', 'group', '11', 'button', '-1', NULL, NULL, NULL, NULL, NULL, NULL, NULL, NULL, NULL, NULL, NULL, NULL, NULL, NULL),(308, '1', 'group', '12', 'button', '-1', NULL, NULL, NULL, NULL, NULL, NULL, NULL, NULL, NULL, NULL, NULL, NULL, NULL, NULL),(309, '1', 'group', '13', 'button', '-1', NULL, NULL, NULL, NULL, NULL, NULL, NULL, NULL, NULL, NULL, NULL, NULL, NULL, NULL),(310, '1', 'group', '14', 'button', '-1', NULL, NULL, NULL, NULL, NULL, NULL, NULL, NULL, NULL, NULL, NULL, NULL, NULL, NULL),(311, '1', 'group', '9', 'button', '-1', NULL, NULL, NULL, NULL, NULL, NULL, NULL, NULL, NULL, NULL, NULL, NULL, NULL, NULL),(312, '1', 'group', '15', 'button', '-1', NULL, NULL, NULL, NULL, NULL, NULL, NULL, NULL, NULL, NULL, NULL, NULL, NULL, NULL),(313, '1', 'group', '16', 'button', '-1', NULL, NULL, NULL, NULL, NULL, NULL, NULL, NULL, NULL, NULL, NULL, NULL, NULL, NULL),(314, '1', 'group', '17', 'button', '-1', NULL, NULL, NULL, NULL, NULL, NULL, NULL, NULL, NULL, NULL, NULL, NULL, NULL, NULL),(315, '1', 'group', '18', 'button', '-1', NULL, NULL, NULL, NULL, NULL, NULL, NULL, NULL, NULL, NULL, NULL, NULL, NULL, NULL),(317, '1', 'group', '20', 'button', '-1', NULL, NULL, NULL, NULL, NULL, NULL, NULL, NULL, NULL, NULL, NULL, NULL, NULL, NULL),(318, '1', 'group', '21', 'button', '-1', NULL, NULL, NULL, NULL, NULL, NULL, NULL, NULL, NULL, NULL, NULL, NULL, NULL, NULL),(319, '1', 'group', '22', 'button', '-1', NULL, NULL, NULL, NULL, NULL, NULL, NULL, NULL, NULL, NULL, NULL, NULL, NULL, NULL),(349, '4', 'group', '9', 'button', '-1', NULL, NULL, NULL, NULL, NULL, NULL, NULL, NULL, NULL, NULL, NULL, NULL, NULL, NULL),(371, '1', 'group', '23', 'button', '-1', NULL, NULL, NULL, NULL, NULL, NULL, NULL, NULL, NULL, NULL, NULL, NULL, NULL, NULL),(372, '1', 'group', '24', 'button', '-1', NULL, NULL, NULL, NULL, NULL, NULL, NULL, NULL, NULL, NULL, NULL, NULL, NULL, NULL),(373, '1', 'group', '27', 'button', '-1', NULL, NULL, NULL, NULL, NULL, NULL, NULL, NULL, NULL, NULL, NULL, NULL, NULL, NULL),(374, '1', 'group', '28', 'button', '-1', NULL, NULL, NULL, NULL, NULL, NULL, NULL, NULL, NULL, NULL, NULL, NULL, NULL, NULL),(375, '1', 'group', '23', 'button', '-1', NULL, NULL, NULL, NULL, NULL, NULL, NULL, NULL, NULL, NULL, NULL, NULL, NULL, NULL),(378, '1', 'group', '5', 'button', '-1', NULL, NULL, NULL, NULL, NULL, NULL, NULL, NULL, NULL, NULL, NULL, NULL, NULL, NULL),(379, '1', 'group', '9', 'button', '-1', NULL, NULL, NULL, NULL, NULL, NULL, NULL, NULL, NULL, NULL, NULL, NULL, NULL, NULL),(380, '1', 'group', '11', 'button', '-1', NULL, NULL, NULL, NULL, NULL, NULL, NULL, NULL, NULL, NULL, NULL, NULL, NULL, NULL),(381, '1', 'group', '14', 'button', '-1', NULL, NULL, NULL, NULL, NULL, NULL, NULL, NULL, NULL, NULL, NULL, NULL, NULL, NULL),(382, '1', 'group', '13', 'button', '-1', NULL, NULL, NULL, NULL, NULL, NULL, NULL, NULL, NULL, NULL, NULL, NULL, NULL, NULL),(383, '1', 'group', '15', 'button', '-1', NULL, NULL, NULL, NULL, NULL, NULL, NULL, NULL, NULL, NULL, NULL, NULL, NULL, NULL),(384, '1', 'group', '12', 'button', '-1', NULL, NULL, NULL, NULL, NULL, NULL, NULL, NULL, NULL, NULL, NULL, NULL, NULL, NULL),(385, '1', 'group', '24', 'button', '-1', NULL, NULL, NULL, NULL, NULL, NULL, NULL, NULL, NULL, NULL, NULL, NULL, NULL, NULL),(386, '1', 'group', '10', 'button', '-1', NULL, NULL, NULL, NULL, NULL, NULL, NULL, NULL, NULL, NULL, NULL, NULL, NULL, NULL),(387, '1', 'group', '27', 'button', '-1', NULL, NULL, NULL, NULL, NULL, NULL, NULL, NULL, NULL, NULL, NULL, NULL, NULL, NULL),(388, '1', 'group', '16', 'button', '-1', NULL, NULL, NULL, NULL, NULL, NULL, NULL, NULL, NULL, NULL, NULL, NULL, NULL, NULL),(389, '1', 'group', '18', 'button', '-1', NULL, NULL, NULL, NULL, NULL, NULL, NULL, NULL, NULL, NULL, NULL, NULL, NULL, NULL),(390, '1', 'group', '17', 'button', '-1', NULL, NULL, NULL, NULL, NULL, NULL, NULL, NULL, NULL, NULL, NULL, NULL, NULL, NULL),(392, '1', 'group', '20', 'button', '-1', NULL, NULL, NULL, NULL, NULL, NULL, NULL, NULL, NULL, NULL, NULL, NULL, NULL, NULL),(393, '1', 'group', '28', 'button', '-1', NULL, NULL, NULL, NULL, NULL, NULL, NULL, NULL, NULL, NULL, NULL, NULL, NULL, NULL),(394, '1', 'group', '22', 'button', '-1', NULL, NULL, NULL, NULL, NULL, NULL, NULL, NULL, NULL, NULL, NULL, NULL, NULL, NULL),(395, '1', 'group', '21', 'button', '-1', NULL, NULL, NULL, NULL, NULL, NULL, NULL, NULL, NULL, NULL, NULL, NULL, NULL, NULL),(396, '4', 'group', '23', 'button', '-1', NULL, NULL, NULL, NULL, NULL, NULL, NULL, NULL, NULL, NULL, NULL, NULL, NULL, NULL),(397, '4', 'group', '9', 'button', '-1', NULL, NULL, NULL, NULL, NULL, NULL, NULL, NULL, NULL, NULL, NULL, NULL, NULL, NULL),(398, '4', 'group', '27', 'button', '-1', NULL, NULL, NULL, NULL, NULL, NULL, NULL, NULL, NULL, NULL, NULL, NULL, NULL, NULL),(399, '4', 'group', '24', 'button', '-1', NULL, NULL, NULL, NULL, NULL, NULL, NULL, NULL, NULL, NULL, NULL, NULL, NULL, NULL),(400, '4', 'group', '28', 'button', '-1', NULL, NULL, NULL, NULL, NULL, NULL, NULL, NULL, NULL, NULL, NULL, NULL, NULL, NULL),(401, '1', 'group', '30', 'button', '-1', NULL, NULL, NULL, NULL, NULL, NULL, NULL, NULL, NULL, NULL, NULL, NULL, NULL, NULL),(402, '1', 'group', '30', 'button', '-1', NULL, NULL, NULL, NULL, NULL, NULL, NULL, NULL, NULL, NULL, NULL, NULL, NULL, NULL),(403, '1', 'group', '31', 'button', '-1', NULL, NULL, NULL, NULL, NULL, NULL, NULL, NULL, NULL, NULL, NULL, NULL, NULL, NULL),(421, '1', 'group', '31', 'button', '-1', NULL, NULL, NULL, NULL, NULL, NULL, NULL, NULL, NULL, NULL, NULL, NULL, NULL, NULL),(422, '1', 'group', '30', 'button', '-1', NULL, NULL, NULL, NULL, NULL, NULL, NULL, NULL, NULL, NULL, NULL, NULL, NULL, NULL),(423, '4', 'group', '31', 'button', '-1', NULL, NULL, NULL, NULL, NULL, NULL, NULL, NULL, NULL, NULL, NULL, NULL, NULL, NULL),(424, '4', 'group', '30', 'button', '-1', NULL, NULL, NULL, NULL, NULL, NULL, NULL, NULL, NULL, NULL, NULL, NULL, NULL, NULL),(436, '1', 'group', '32', 'button', '-1', NULL, NULL, NULL, NULL, NULL, NULL, NULL, NULL, NULL, NULL, NULL, NULL, NULL, NULL),(437, '1', 'group', '33', 'button', '-1', NULL, NULL, NULL, NULL, NULL, NULL, NULL, NULL, NULL, NULL, NULL, NULL, NULL, NULL),(438, '1', 'group', '34', 'button', '-1', NULL, NULL, NULL, NULL, NULL, NULL, NULL, NULL, NULL, NULL, NULL, NULL, NULL, NULL),(439, '1', 'group', '35', 'button', '-1', NULL, NULL, NULL, NULL, NULL, NULL, NULL, NULL, NULL, NULL, NULL, NULL, NULL, NULL),(440, '4', 'group', '32', 'button', '-1', NULL, NULL, NULL, NULL, NULL, NULL, NULL, NULL, NULL, NULL, NULL, NULL, NULL, NULL),(464, '1', 'group', '30', 'button', '-1', NULL, NULL, NULL, NULL, NULL, NULL, NULL, NULL, NULL, NULL, NULL, NULL, NULL, NULL),(465, '1', 'group', '31', 'button', '-1', NULL, NULL, NULL, NULL, NULL, NULL, NULL, NULL, NULL, NULL, NULL, NULL, NULL, NULL),(466, '1', 'group', '30', 'button', '-1', NULL, NULL, NULL, NULL, NULL, NULL, NULL, NULL, NULL, NULL, NULL, NULL, NULL, NULL),(467, '1', 'group', '31', 'button', '-1', NULL, NULL, NULL, NULL, NULL, NULL, NULL, NULL, NULL, NULL, NULL, NULL, NULL, NULL),(468, '1', 'group', '30', 'button', '-1', NULL, NULL, NULL, NULL, NULL, NULL, NULL, NULL, NULL, NULL, NULL, NULL, NULL, NULL),(469, '1', 'group', '31', 'button', '-1', NULL, NULL, NULL, NULL, NULL, NULL, NULL, NULL, NULL, NULL, NULL, NULL, NULL, NULL),(470, '1', 'group', '30', 'button', '-1', NULL, NULL, NULL, NULL, NULL, NULL, NULL, NULL, NULL, NULL, NULL, NULL, NULL, NULL),(471, '1', 'group', '31', 'button', '-1', NULL, NULL, NULL, NULL, NULL, NULL, NULL, NULL, NULL, NULL, NULL, NULL, NULL, NULL),(472, '1', 'group', '40', 'button', '-1', NULL, NULL, NULL, NULL, NULL, NULL, NULL, NULL, NULL, NULL, NULL, NULL, NULL, NULL),(492, '1', 'group', '30', 'button', '-1', NULL, NULL, NULL, NULL, NULL, NULL, NULL, NULL, NULL, NULL, NULL, NULL, NULL, NULL),(493, '1', 'group', '31', 'button', '-1', NULL, NULL, NULL, NULL, NULL, NULL, NULL, NULL, NULL, NULL, NULL, NULL, NULL, NULL),(494, '1', 'group', '40', 'button', '-1', NULL, NULL, NULL, NULL, NULL, NULL, NULL, NULL, NULL, NULL, NULL, NULL, NULL, NULL),(516, '4', 'group', '41', 'button', '-1', NULL, NULL, NULL, NULL, NULL, NULL, NULL, NULL, NULL, NULL, NULL, NULL, NULL, NULL),(517, '4', 'group', '30', 'button', '-1', NULL, NULL, NULL, NULL, NULL, NULL, NULL, NULL, NULL, NULL, NULL, NULL, NULL, NULL),(518, '4', 'group', '31', 'button', '-1', NULL, NULL, NULL, NULL, NULL, NULL, NULL, NULL, NULL, NULL, NULL, NULL, NULL, NULL),(519, '4', 'group', '40', 'button', '-1', NULL, NULL, NULL, NULL, NULL, NULL, NULL, NULL, NULL, NULL, NULL, NULL, NULL, NULL),(611, '4', 'group', '42', 'button', '-1', NULL, NULL, NULL, NULL, NULL, NULL, NULL, NULL, NULL, NULL, NULL, NULL, NULL, NULL),(612, '4', 'group', '36', 'button', '-1', NULL, NULL, NULL, NULL, NULL, NULL, NULL, NULL, NULL, NULL, NULL, NULL, NULL, NULL),(628, '4', 'group', '13', 'menu', '-1', NULL, NULL, NULL, NULL, NULL, NULL, NULL, NULL, NULL, NULL, NULL, NULL, NULL, NULL),(629, '4', 'group', '5', 'menu', '-1', NULL, NULL, NULL, NULL, NULL, NULL, NULL, NULL, NULL, NULL, NULL, NULL, NULL, NULL),(630, '4', 'group', '1', 'menu', '-1', NULL, NULL, NULL, NULL, NULL, NULL, NULL, NULL, NULL, NULL, NULL, NULL, NULL, NULL),(631, '4', 'group', '6', 'menu', '-1', NULL, NULL, NULL, NULL, NULL, NULL, NULL, NULL, NULL, NULL, NULL, NULL, NULL, NULL),(632, '4', 'group', '7', 'menu', '-1', NULL, NULL, NULL, NULL, NULL, NULL, NULL, NULL, NULL, NULL, NULL, NULL, NULL, NULL),(633, '4', 'group', '8', 'menu', '-1', NULL, NULL, NULL, NULL, NULL, NULL, NULL, NULL, NULL, NULL, NULL, NULL, NULL, NULL),(634, '4', 'group', '27', 'menu', '-1', NULL, NULL, NULL, NULL, NULL, NULL, NULL, NULL, NULL, NULL, NULL, NULL, NULL, NULL),(635, '4', 'group', '9', 'menu', '-1', NULL, NULL, NULL, NULL, NULL, NULL, NULL, NULL, NULL, NULL, NULL, NULL, NULL, NULL),(636, '4', 'group', '24', 'menu', '-1', NULL, NULL, NULL, NULL, NULL, NULL, NULL, NULL, NULL, NULL, NULL, NULL, NULL, NULL),(637, '4', 'group', '22', 'menu', '-1', NULL, NULL, NULL, NULL, NULL, NULL, NULL, NULL, NULL, NULL, NULL, NULL, NULL, NULL),(638, '4', 'group', '23', 'menu', '-1', NULL, NULL, NULL, NULL, NULL, NULL, NULL, NULL, NULL, NULL, NULL, NULL, NULL, NULL),(639, '4', 'group', '25', 'menu', '-1', NULL, NULL, NULL, NULL, NULL, NULL, NULL, NULL, NULL, NULL, NULL, NULL, NULL, NULL),(640, '4', 'group', '26', 'menu', '-1', NULL, NULL, NULL, NULL, NULL, NULL, NULL, NULL, NULL, NULL, NULL, NULL, NULL, NULL),(641, '4', 'group', '28', 'menu', '-1', NULL, NULL, NULL, NULL, NULL, NULL, NULL, NULL, NULL, NULL, NULL, NULL, NULL, NULL),(666, '1', 'group', '41', 'button', '-1', NULL, NULL, NULL, NULL, NULL, NULL, NULL, NULL, NULL, NULL, NULL, NULL, NULL, NULL),(689, '1', 'group', '43', 'button', '-1', NULL, NULL, NULL, NULL, NULL, NULL, NULL, NULL, NULL, NULL, NULL, NULL, NULL, NULL),(691, '1', 'group', '44', 'button', '-1', NULL, NULL, NULL, NULL, NULL, NULL, NULL, NULL, NULL, NULL, NULL, NULL, NULL, NULL),(710, '9', 'group', '42', 'button', '-1', NULL, NULL, NULL, NULL, NULL, NULL, NULL, NULL, NULL, NULL, NULL, NULL, NULL, NULL),(711, '9', 'group', '43', 'button', '-1', NULL, NULL, NULL, NULL, NULL, NULL, NULL, NULL, NULL, NULL, NULL, NULL, NULL, NULL),(712, '9', 'group', '44', 'button', '-1', NULL, NULL, NULL, NULL, NULL, NULL, NULL, NULL, NULL, NULL, NULL, NULL, NULL, NULL),(713, '9', 'group', '45', 'button', '-1', NULL, NULL, NULL, NULL, NULL, NULL, NULL, NULL, NULL, NULL, NULL, NULL, NULL, NULL),(718, '9', 'group', '42', 'button', '-1', NULL, NULL, NULL, NULL, NULL, NULL, NULL, NULL, NULL, NULL, NULL, NULL, NULL, NULL),(719, '9', 'group', '44', 'button', '-1', NULL, NULL, NULL, NULL, NULL, NULL, NULL, NULL, NULL, NULL, NULL, NULL, NULL, NULL),(720, '9', 'group', '45', 'button', '-1', NULL, NULL, NULL, NULL, NULL, NULL, NULL, NULL, NULL, NULL, NULL, NULL, NULL, NULL),(721, '9', 'group', '43', 'button', '-1', NULL, NULL, NULL, NULL, NULL, NULL, NULL, NULL, NULL, NULL, NULL, NULL, NULL, NULL),(722, '1', 'group', '41', 'button', '-1', NULL, NULL, NULL, NULL, NULL, NULL, NULL, NULL, NULL, NULL, NULL, NULL, NULL, NULL),(749, '10', 'group', '13', 'menu', '-1', NULL, NULL, NULL, NULL, NULL, NULL, NULL, NULL, NULL, NULL, NULL, NULL, NULL, NULL),(750, '10', 'group', '14', 'menu', '-1', NULL, NULL, NULL, NULL, NULL, NULL, NULL, NULL, NULL, NULL, NULL, NULL, NULL, NULL),(751, '10', 'group', '-1', 'menu', '-1', NULL, NULL, NULL, NULL, NULL, NULL, NULL, NULL, NULL, NULL, NULL, NULL, NULL, NULL),(752, '10', 'group', '5', 'menu', '-1', NULL, NULL, NULL, NULL, NULL, NULL, NULL, NULL, NULL, NULL, NULL, NULL, NULL, NULL),(753, '10', 'group', '6', 'menu', '-1', NULL, NULL, NULL, NULL, NULL, NULL, NULL, NULL, NULL, NULL, NULL, NULL, NULL, NULL),(754, '10', 'group', '17', 'menu', '-1', NULL, NULL, NULL, NULL, NULL, NULL, NULL, NULL, NULL, NULL, NULL, NULL, NULL, NULL),(755, '10', 'group', '20', 'menu', '-1', NULL, NULL, NULL, NULL, NULL, NULL, NULL, NULL, NULL, NULL, NULL, NULL, NULL, NULL),(774, '1', 'group', '3', 'button', '-1', NULL, NULL, NULL, NULL, NULL, NULL, NULL, NULL, NULL, NULL, NULL, NULL, NULL, NULL),(775, '1', 'group', '4', 'button', '-1', NULL, NULL, NULL, NULL, NULL, NULL, NULL, NULL, NULL, NULL, NULL, NULL, NULL, NULL),(812, '1', 'group', '19', 'button', '-1', NULL, NULL, NULL, NULL, NULL, NULL, NULL, NULL, NULL, NULL, NULL, NULL, NULL, NULL),(924, '1', 'group', '42', 'button', '-1', NULL, NULL, NULL, NULL, NULL, NULL, NULL, NULL, NULL, NULL, NULL, NULL, NULL, NULL),(945, '1', 'group', '45', 'button', '-1', NULL, NULL, NULL, NULL, NULL, NULL, NULL, NULL, NULL, NULL, NULL, NULL, NULL, NULL),(956, '1', 'group', '46', 'button', '-1', NULL, NULL, NULL, NULL, NULL, NULL, NULL, NULL, NULL, NULL, NULL, NULL, NULL, NULL),(967, '1', 'group', '33', 'menu', '-1', NULL, NULL, NULL, NULL, NULL, NULL, NULL, NULL, NULL, NULL, NULL, NULL, NULL, NULL),(968, '1', 'group', '34', 'menu', '-1', NULL, NULL, NULL, NULL, NULL, NULL, NULL, NULL, NULL, NULL, NULL, NULL, NULL, NULL),(969, '1', 'group', '13', 'menu', '-1', NULL, NULL, NULL, NULL, NULL, NULL, NULL, NULL, NULL, NULL, NULL, NULL, NULL, NULL),(970, '1', 'group', '-1', 'menu', '-1', NULL, NULL, NULL, NULL, NULL, NULL, NULL, NULL, NULL, NULL, NULL, NULL, NULL, NULL),(971, '1', 'group', '27', 'menu', '-1', NULL, NULL, NULL, NULL, NULL, NULL, NULL, NULL, NULL, NULL, NULL, NULL, NULL, NULL),(972, '1', 'group', '29', 'menu', '-1', NULL, NULL, NULL, NULL, NULL, NULL, NULL, NULL, NULL, NULL, NULL, NULL, NULL, NULL),(973, '1', 'group', '1', 'menu', '-1', NULL, NULL, NULL, NULL, NULL, NULL, NULL, NULL, NULL, NULL, NULL, NULL, NULL, NULL),(974, '1', 'group', '5', 'menu', '-1', NULL, NULL, NULL, NULL, NULL, NULL, NULL, NULL, NULL, NULL, NULL, NULL, NULL, NULL),(975, '1', 'group', '6', 'menu', '-1', NULL, NULL, NULL, NULL, NULL, NULL, NULL, NULL, NULL, NULL, NULL, NULL, NULL, NULL),(976, '1', 'group', '7', 'menu', '-1', NULL, NULL, NULL, NULL, NULL, NULL, NULL, NULL, NULL, NULL, NULL, NULL, NULL, NULL),(977, '1', 'group', '8', 'menu', '-1', NULL, NULL, NULL, NULL, NULL, NULL, NULL, NULL, NULL, NULL, NULL, NULL, NULL, NULL),(978, '1', 'group', '30', 'menu', '-1', NULL, NULL, NULL, NULL, NULL, NULL, NULL, NULL, NULL, NULL, NULL, NULL, NULL, NULL),(979, '1', 'group', '31', 'menu', '-1', NULL, NULL, NULL, NULL, NULL, NULL, NULL, NULL, NULL, NULL, NULL, NULL, NULL, NULL),(980, '1', 'group', '32', 'menu', '-1', NULL, NULL, NULL, NULL, NULL, NULL, NULL, NULL, NULL, NULL, NULL, NULL, NULL, NULL),(981, '9', 'group', '23', 'button', '-1', NULL, NULL, NULL, NULL, NULL, NULL, NULL, NULL, NULL, NULL, NULL, NULL, NULL, NULL),(982, '9', 'group', '1', 'menu', '-1', NULL, NULL, NULL, NULL, NULL, NULL, NULL, NULL, NULL, NULL, NULL, NULL, NULL, NULL),(983, '9', 'group', '13', 'menu', '-1', NULL, NULL, NULL, NULL, NULL, NULL, NULL, NULL, NULL, NULL, NULL, NULL, NULL, NULL),(984, '9', 'group', '-1', 'menu', '-1', NULL, NULL, NULL, NULL, NULL, NULL, NULL, NULL, NULL, NULL, NULL, NULL, NULL, NULL),(985, '9', 'group', '5', 'menu', '-1', NULL, NULL, NULL, NULL, NULL, NULL, NULL, NULL, NULL, NULL, NULL, NULL, NULL, NULL);
UNLOCK TABLES;
COMMIT;
BEGIN;
LOCK TABLES `acm_cloud`.`base_user` WRITE;
DELETE FROM `acm_cloud`.`base_user`;
INSERT INTO `acm_cloud`.`base_user` (`id`,`username`,`password`,`name`,`birthday`,`address`,`mobile_phone`,`tel_phone`,`email`,`sex`,`type`,`status`,`description`,`crt_time`,`crt_user`,`crt_name`,`crt_host`,`upd_time`,`upd_user`,`upd_name`,`upd_host`,`attr1`,`attr2`,`attr3`,`attr4`,`attr5`,`attr6`,`attr7`,`attr8`) VALUES (1, 'admin', '$2a$12$S/yLlj9kzi5Dgsz97H4rAekxrPlk/10eXp1lUJcAVAx.2M9tOpWie', 'Mr.AG', '', NULL, '', NULL, '', '男', NULL, NULL, '', NULL, NULL, NULL, NULL, '2017-11-16 23:23:49', '1', 'Mr.AG', '192.168.3.145', NULL, NULL, NULL, NULL, NULL, NULL, NULL, NULL),(2, 'test', '$2a$12$zWe6knO6rGp15UVfdWTTxu.Ykt.k3QnD5FPoj6a1cnL63csHY2A1S', '测试账户', '', NULL, '', NULL, '', '男', NULL, NULL, '', NULL, NULL, NULL, NULL, '2017-07-15 19:18:07', '1', '管理员', '0:0:0:0:0:0:0:1', NULL, NULL, NULL, NULL, NULL, NULL, NULL, NULL),(4, 'blog', '$2a$12$S/yLlj9kzi5Dgsz97H4rAekxrPlk/10eXp1lUJcAVAx.2M9tOpWie', 'Mr.AG(博主)', '', NULL, '', NULL, '', '女', NULL, NULL, '12', NULL, NULL, NULL, NULL, '2018-03-07 11:21:10', '1', 'Mr.AG', '192.168.3.145', NULL, NULL, NULL, NULL, NULL, NULL, NULL, NULL);
UNLOCK TABLES;
COMMIT;
BEGIN;
LOCK TABLES `acm_cloud`.`wsd_base_bo` WRITE;
DELETE FROM `acm_cloud`.`wsd_base_bo`;
INSERT INTO `acm_cloud`.`wsd_base_bo` (`ID`,`BO_CODE`,`BO_NAME`,`BO_TYPE`,`LAST_UPD_TIME`,`LAST_UPD_USER`,`CREAT_TIME`,`CREATOR`,`LAST_UPD_IP`,`WSDVER`,`SORT_NUM`) VALUES (1, 'plan', '计划', '1', NULL, NULL, NULL, NULL, NULL, NULL, NULL),(2, 'comu', '沟通', '1', NULL, NULL, NULL, NULL, NULL, NULL, NULL),(3, 'sys', '系统', '1', NULL, NULL, NULL, NULL, NULL, NULL, NULL),(4, 'base', '基础数据', '1', NULL, NULL, NULL, NULL, NULL, NULL, NULL),(13, 'doc', '文档', '1', NULL, NULL, NULL, NULL, NULL, NULL, NULL),(14, 'comm', '公共', '1', NULL, NULL, NULL, NULL, NULL, NULL, NULL),(15, 'project', '项目', '2', NULL, NULL, NULL, NULL, NULL, NULL, NULL),(16, 'task', '任务', '2', NULL, NULL, NULL, NULL, NULL, NULL, NULL),(17, 'define', '计划定义', '2', NULL, NULL, NULL, NULL, NULL, NULL, NULL),(18, 'projectdoc', '项目文档', '2', NULL, NULL, NULL, NULL, NULL, NULL, NULL),(19, 'rsrc', '资源', '1', NULL, NULL, NULL, NULL, NULL, NULL, NULL),(20, 'resource', '资源', '2', NULL, NULL, NULL, NULL, NULL, NULL, NULL),(21, 'delv', '项目交付物', '2', NULL, NULL, NULL, NULL, NULL, NULL, NULL);
UNLOCK TABLES;
COMMIT;
BEGIN;
LOCK TABLES `acm_cloud`.`wsd_base_calendar` WRITE;
DELETE FROM `acm_cloud`.`wsd_base_calendar`;
INSERT INTO `acm_cloud`.`wsd_base_calendar` (`ID`,`PROJECT_ID`,`CAL_NAME`,`CAL_TYPE`,`week_days`,`exceptions`,`IS_DEFAULT`,`DAY_HR_CNT`,`WEEK_HR_CNT`,`MONTH_HR_CNT`,`YEAR_HR_CNT`,`LAST_UPD_TIME`,`LAST_UPD_USER`,`CREAT_TIME`,`CREATOR`,`LAST_UPD_IP`,`WSDVER`,`SORT_NUM`) VALUES (23, NULL, '标准五天工作日', NULL, '[{\"workingTimes\":[{\"fromTime\":\"00:00:00\",\"toTime\":\"00:30:00\"},{\"fromTime\":\"03:30:00\",\"toTime\":\"04:00:00\"},{\"fromTime\":\"07:00:00\",\"toTime\":\"07:30:00\"},{\"fromTime\":\"10:30:00\",\"toTime\":\"11:00:00\"},{\"fromTime\":\"12:00:00\",\"toTime\":\"12:30:00\"}],\"dayType\":1,\"dayWorking\":0},{\"workingTimes\":[{\"fromTime\":\"00:00:00\",\"toTime\":\"00:30:00\"},{\"fromTime\":\"03:30:00\",\"toTime\":\"04:00:00\"},{\"fromTime\":\"07:00:00\",\"toTime\":\"07:30:00\"},{\"fromTime\":\"10:30:00\",\"toTime\":\"11:00:00\"},{\"fromTime\":\"12:00:00\",\"toTime\":\"12:30:00\"}],\"dayType\":2,\"dayWorking\":1},{\"workingTimes\":[{\"fromTime\":\"03:30:00\",\"toTime\":\"04:00:00\"},{\"fromTime\":\"04:30:00\",\"toTime\":\"04:00:00\"},{\"fromTime\":\"05:00:00\",\"toTime\":\"05:30:00\"},{\"fromTime\":\"06:00:00\",\"toTime\":\"06:30:00\"},{\"fromTime\":\"08:00:00\",\"toTime\":\"12:00:00\"},{\"fromTime\":\"13:00:00\",\"toTime\":\"17:00:00\"}],\"dayType\":3,\"dayWorking\":1},{\"workingTimes\":[{\"fromTime\":\"08:00:00\",\"toTime\":\"12:00:00\"},{\"fromTime\":\"13:00:00\",\"toTime\":\"17:00:00\"}],\"dayType\":4,\"dayWorking\":1},{\"workingTimes\":[{\"fromTime\":\"08:00:00\",\"toTime\":\"12:00:00\"},{\"fromTime\":\"13:00:00\",\"toTime\":\"17:00:00\"}],\"dayType\":5,\"dayWorking\":1},{\"workingTimes\":[{\"fromTime\":\"08:00:00\",\"toTime\":\"12:00:00\"},{\"fromTime\":\"13:00:00\",\"toTime\":\"17:00:00\"}],\"dayType\":6,\"dayWorking\":1},{\"workingTimes\":null,\"dayType\":7,\"dayWorking\":0}]', '[{\"name\":\"国庆节\",\"dayWorking\":0,\"dayType\":null,\"fromDate\":\"2019-10-01\",\"toDate\":\"2019-10-07\",\"workingTimes\":null},{\"name\":\"国庆节不假期\",\"dayWorking\":1,\"dayType\":null,\"fromDate\":\"2019-09-28\",\"toDate\":\"2019-09-29\",\"workingTimes\":[{\"fromTime\":\"08:00:00\",\"toTime\":\"12:00:00\"},{\"fromTime\":\"13:00:00\",\"toTime\":\"17:00:00\"}]},{\"name\":\"2019-08-13\",\"dayWorking\":1,\"dayType\":3,\"fromDate\":\"2019-08-13\",\"toDate\":null,\"workingTimes\":[{\"fromTime\":\"05:00:00\",\"toTime\":\"05:30:00\"},{\"fromTime\":\"06:00:00\",\"toTime\":\"06:30:00\"},{\"fromTime\":\"08:00:00\",\"toTime\":\"12:00:00\"},{\"fromTime\":\"13:00:00\",\"toTime\":\"17:00:00\"}]},{\"name\":\"2019-08-13\",\"dayWorking\":1,\"dayType\":3,\"fromDate\":\"2019-08-13\",\"toDate\":null,\"workingTimes\":[{\"fromTime\":\"05:00:00\",\"toTime\":\"05:30:00\"},{\"fromTime\":\"06:00:00\",\"toTime\":\"06:30:00\"},{\"fromTime\":\"08:00:00\",\"toTime\":\"12:00:00\"},{\"fromTime\":\"13:00:00\",\"toTime\":\"17:00:00\"}]},{\"name\":\"2019-08-13\",\"dayWorking\":1,\"dayType\":3,\"fromDate\":\"2019-08-13\",\"toDate\":null,\"workingTimes\":[{\"fromTime\":\"05:00:00\",\"toTime\":\"05:30:00\"},{\"fromTime\":\"06:00:00\",\"toTime\":\"06:30:00\"},{\"fromTime\":\"08:00:00\",\"toTime\":\"12:00:00\"},{\"fromTime\":\"13:00:00\",\"toTime\":\"17:00:00\"}]},{\"name\":\"2019-01-01\",\"dayWorking\":1,\"dayType\":3,\"fromDate\":\"2019-01-01\",\"toDate\":null,\"workingTimes\":[{\"fromTime\":\"03:30:00\",\"toTime\":\"04:00:00\"},{\"fromTime\":\"04:00:00\",\"toTime\":\"12:00:00\"},{\"fromTime\":\"13:00:00\",\"toTime\":\"17:00:00\"}]},{\"name\":\"2019-01-01\",\"dayWorking\":1,\"dayType\":3,\"fromDate\":\"2019-01-01\",\"toDate\":null,\"workingTimes\":[{\"fromTime\":\"04:00:00\",\"toTime\":\"12:00:00\"},{\"fromTime\":\"13:00:00\",\"toTime\":\"21:00:00\"}]},{\"name\":\"2019-06-11\",\"dayWorking\":1,\"dayType\":3,\"fromDate\":\"2019-06-11\",\"toDate\":null,\"workingTimes\":[{\"fromTime\":\"01:00:00\",\"toTime\":\"01:30:00\"},{\"fromTime\":\"14:00:00\",\"toTime\":\"14:30:00\"}]}]', 1, 3, 38, 1140, 13680, '2019-05-06 04:02:54', 206, '2019-03-14 19:34:20', 1, '114.222.211.209', 0, 0),(25, NULL, '标准七天工作日', NULL, '[{\"dayWorking\":1,\"dayType\":1,\"workingTimes\":[{\"fromTime\":\"05:00:00\",\"toTime\":\"05:30:00\"},{\"fromTime\":\"09:30:00\",\"toTime\":\"10:00:00\"},{\"fromTime\":\"13:00:00\",\"toTime\":\"17:00:00\"}]},{\"dayWorking\":1,\"dayType\":2,\"workingTimes\":[{\"fromTime\":\"08:00:00\",\"toTime\":\"12:00:00\"},{\"fromTime\":\"13:00:00\",\"toTime\":\"17:00:00\"}]},{\"dayWorking\":1,\"dayType\":3,\"workingTimes\":[{\"fromTime\":\"08:00:00\",\"toTime\":\"12:00:00\"},{\"fromTime\":\"13:00:00\",\"toTime\":\"17:00:00\"}]},{\"dayWorking\":1,\"dayType\":4,\"workingTimes\":[{\"fromTime\":\"08:00:00\",\"toTime\":\"12:00:00\"},{\"fromTime\":\"13:00:00\",\"toTime\":\"17:00:00\"}]},{\"dayWorking\":1,\"dayType\":5,\"workingTimes\":[{\"fromTime\":\"08:00:00\",\"toTime\":\"12:00:00\"},{\"fromTime\":\"13:00:00\",\"toTime\":\"17:00:00\"}]},{\"dayWorking\":1,\"dayType\":6,\"workingTimes\":[{\"fromTime\":\"08:00:00\",\"toTime\":\"12:00:00\"},{\"fromTime\":\"13:00:00\",\"toTime\":\"17:00:00\"}]},{\"dayWorking\":1,\"dayType\":7,\"workingTimes\":[{\"fromTime\":\"08:00:00\",\"toTime\":\"12:00:00\"},{\"fromTime\":\"13:00:00\",\"toTime\":\"17:00:00\"}]}]', '[{\"name\":\"2019-04-03\",\"dayWorking\":1,\"dayType\":4,\"fromDate\":\"2019-04-03\",\"toDate\":null,\"workingTimes\":[{\"fromTime\":\"08:00:00\",\"toTime\":\"12:00:00\"},{\"fromTime\":\"13:00:00\",\"toTime\":\"17:00:00\"}]},{\"name\":\"2019-02-01\",\"dayWorking\":1,\"dayType\":6,\"fromDate\":\"2019-02-01\",\"toDate\":null,\"workingTimes\":[{\"fromTime\":\"02:00:00\",\"toTime\":\"04:00:00\"},{\"fromTime\":\"08:00:00\",\"toTime\":\"12:00:00\"},{\"fromTime\":\"13:00:00\",\"toTime\":\"17:00:00\"}]},{\"name\":\"2019-05-02\",\"dayWorking\":1,\"dayType\":5,\"fromDate\":\"2019-05-02\",\"toDate\":null,\"workingTimes\":[{\"fromTime\":\"04:00:00\",\"toTime\":\"05:00:00\"},{\"fromTime\":\"08:00:00\",\"toTime\":\"12:00:00\"},{\"fromTime\":\"13:00:00\",\"toTime\":\"17:00:00\"}]}]', 0, 5, 53, 1590, 19080, '2019-05-06 04:02:30', 206, '2019-03-15 13:16:07', 1, '114.222.211.209', 0, 0),(139, NULL, '5*7', NULL, '[{\"dayWorking\":0,\"dayType\":1,\"workingTimes\":[]},{\"dayWorking\":1,\"dayType\":2,\"workingTimes\":[{\"fromTime\":\"08:30:00\",\"toTime\":\"12:00:00\"},{\"fromTime\":\"13:30:00\",\"toTime\":\"18:00:00\"}]},{\"dayWorking\":1,\"dayType\":3,\"workingTimes\":[{\"fromTime\":\"08:30:00\",\"toTime\":\"12:00:00\"},{\"fromTime\":\"13:30:00\",\"toTime\":\"18:00:00\"}]},{\"dayWorking\":1,\"dayType\":4,\"workingTimes\":[{\"fromTime\":\"08:30:00\",\"toTime\":\"12:00:00\"},{\"fromTime\":\"13:30:00\",\"toTime\":\"18:00:00\"}]},{\"dayWorking\":1,\"dayType\":5,\"workingTimes\":[{\"fromTime\":\"08:30:00\",\"toTime\":\"12:00:00\"},{\"fromTime\":\"13:30:00\",\"toTime\":\"18:00:00\"}]},{\"dayWorking\":1,\"dayType\":6,\"workingTimes\":[{\"fromTime\":\"08:30:00\",\"toTime\":\"12:00:00\"},{\"fromTime\":\"13:30:00\",\"toTime\":\"18:00:00\"}]},{\"dayWorking\":0,\"dayType\":7,\"workingTimes\":null}]', '[{\"dayType\":5,\"dayWorking\":0,\"workingTimes\":[],\"fromDate\":\"2019-04-04\",\"toDate\":null,\"name\":\"2019-04-04\"},{\"dayType\":6,\"dayWorking\":1,\"workingTimes\":[{\"fromTime\":\"08:00:00\",\"toTime\":\"12:00:00\"},{\"fromTime\":\"13:00:00\",\"toTime\":\"18:00:00\"}],\"fromDate\":\"2019-04-05\",\"toDate\":null,\"name\":\"2019-04-05\"},{\"dayType\":4,\"dayWorking\":1,\"workingTimes\":[{\"fromTime\":\"12:30:00\",\"toTime\":\"13:00:00\"},{\"fromTime\":\"08:00:00\",\"toTime\":\"18:00:00\"}],\"fromDate\":\"2019-03-13\",\"toDate\":null,\"name\":\"2019-03-13\"},{\"dayType\":6,\"dayWorking\":1,\"workingTimes\":[{\"fromTime\":\"12:30:00\",\"toTime\":\"13:00:00\"},{\"fromTime\":\"08:00:00\",\"toTime\":\"18:00:00\"}],\"fromDate\":\"2019-03-15\",\"toDate\":null,\"name\":\"2019-03-15\"},{\"dayType\":4,\"dayWorking\":1,\"workingTimes\":[{\"fromTime\":\"12:30:00\",\"toTime\":\"13:00:00\"},{\"fromTime\":\"08:00:00\",\"toTime\":\"18:00:00\"}],\"fromDate\":\"2019-07-10\",\"toDate\":null,\"name\":\"2019-07-10\"},{\"dayType\":4,\"dayWorking\":1,\"workingTimes\":[{\"fromTime\":\"00:00:00\",\"toTime\":\"00:30:00\"},{\"fromTime\":\"08:00:00\",\"toTime\":\"18:00:00\"},{\"fromTime\":\"22:30:00\",\"toTime\":\"23:00:00\"},{\"fromTime\":\"23:30:00\",\"toTime\":\"00:00:00\"}],\"fromDate\":\"2019-07-10\",\"toDate\":null,\"name\":\"2019-07-10\"}]', 0, 8, 40, 1200, 14400, '2019-05-06 04:02:31', 206, '2019-03-20 15:36:51', 164, '114.222.211.209', 0, 0),(140, NULL, '标准七天工作日-copy', NULL, '[{\"dayWorking\":1,\"dayType\":1,\"workingTimes\":[{\"fromTime\":\"08:00:00\",\"toTime\":\"12:00:00\"},{\"fromTime\":\"13:00:00\",\"toTime\":\"17:00:00\"},{\"fromTime\":\"23:30:00\",\"toTime\":\"24:00:00\"}]},{\"dayWorking\":1,\"dayType\":2,\"workingTimes\":[{\"fromTime\":\"08:00:00\",\"toTime\":\"12:00:00\"},{\"fromTime\":\"13:00:00\",\"toTime\":\"17:00:00\"}]},{\"dayWorking\":1,\"dayType\":3,\"workingTimes\":[{\"fromTime\":\"08:00:00\",\"toTime\":\"12:00:00\"},{\"fromTime\":\"13:00:00\",\"toTime\":\"17:00:00\"}]},{\"dayWorking\":1,\"dayType\":4,\"workingTimes\":[{\"fromTime\":\"08:00:00\",\"toTime\":\"12:00:00\"},{\"fromTime\":\"13:00:00\",\"toTime\":\"17:00:00\"}]},{\"dayWorking\":1,\"dayType\":5,\"workingTimes\":[{\"fromTime\":\"08:00:00\",\"toTime\":\"12:00:00\"},{\"fromTime\":\"13:00:00\",\"toTime\":\"17:00:00\"}]},{\"dayWorking\":1,\"dayType\":6,\"workingTimes\":[{\"fromTime\":\"08:00:00\",\"toTime\":\"12:00:00\"},{\"fromTime\":\"13:00:00\",\"toTime\":\"17:00:00\"}]},{\"dayWorking\":1,\"dayType\":7,\"workingTimes\":[{\"fromTime\":\"08:00:00\",\"toTime\":\"12:00:00\"},{\"fromTime\":\"13:00:00\",\"toTime\":\"17:00:00\"}]}]', '[{\"name\":\"2019-02-14\",\"dayWorking\":1,\"dayType\":5,\"fromDate\":\"2019-02-14\",\"toDate\":null,\"workingTimes\":[{\"fromTime\":\"08:00:00\",\"toTime\":\"12:00:00\"},{\"fromTime\":\"13:00:00\",\"toTime\":\"17:00:00\"}]},{\"name\":\"2019-05-01\",\"dayWorking\":0,\"dayType\":4,\"fromDate\":\"2019-05-01\",\"toDate\":null,\"workingTimes\":[]},{\"name\":\"2019-02-14\",\"dayWorking\":1,\"dayType\":5,\"fromDate\":\"2019-02-14\",\"toDate\":null,\"workingTimes\":[{\"fromTime\":\"07:30:00\",\"toTime\":\"12:00:00\"},{\"fromTime\":\"12:30:00\",\"toTime\":\"17:00:00\"},{\"fromTime\":\"22:30:00\",\"toTime\":\"23:00:00\"},{\"fromTime\":\"23:30:00\",\"toTime\":\"00:00:00\"}]},{\"name\":\"2019-02-14\",\"dayWorking\":1,\"dayType\":5,\"fromDate\":\"2019-02-14\",\"toDate\":null,\"workingTimes\":[{\"fromTime\":\"00:00:00\",\"toTime\":\"00:30:00\"},{\"fromTime\":\"01:00:00\",\"toTime\":\"01:30:00\"},{\"fromTime\":\"07:30:00\",\"toTime\":\"12:00:00\"},{\"fromTime\":\"12:30:00\",\"toTime\":\"17:00:00\"},{\"fromTime\":\"22:30:00\",\"toTime\":\"23:00:00\"},{\"fromTime\":\"23:30:00\",\"toTime\":\"00:00:00\"}]},{\"name\":\"2019-02-14\",\"dayWorking\":1,\"dayType\":5,\"fromDate\":\"2019-02-14\",\"toDate\":null,\"workingTimes\":[{\"fromTime\":\"00:00:00\",\"toTime\":\"00:30:00\"},{\"fromTime\":\"01:00:00\",\"toTime\":\"01:30:00\"},{\"fromTime\":\"07:30:00\",\"toTime\":\"12:00:00\"},{\"fromTime\":\"13:00:00\",\"toTime\":\"17:00:00\"},{\"fromTime\":\"22:30:00\",\"toTime\":\"23:00:00\"},{\"fromTime\":\"23:30:00\",\"toTime\":\"00:00:00\"}]},{\"name\":\"2019-02-14\",\"dayWorking\":1,\"dayType\":5,\"fromDate\":\"2019-02-14\",\"toDate\":null,\"workingTimes\":[{\"fromTime\":\"00:00:00\",\"toTime\":\"00:30:00\"},{\"fromTime\":\"01:00:00\",\"toTime\":\"01:30:00\"},{\"fromTime\":\"07:30:00\",\"toTime\":\"11:00:00\"},{\"fromTime\":\"11:30:00\",\"toTime\":\"12:30:00\"},{\"fromTime\":\"13:00:00\",\"toTime\":\"17:00:00\"},{\"fromTime\":\"22:30:00\",\"toTime\":\"23:00:00\"},{\"fromTime\":\"23:30:00\",\"toTime\":\"00:00:00\"}]},{\"name\":\"2019-02-14\",\"dayWorking\":1,\"dayType\":5,\"fromDate\":\"2019-02-14\",\"toDate\":null,\"workingTimes\":[{\"fromTime\":\"00:00:00\",\"toTime\":\"00:30:00\"},{\"fromTime\":\"01:00:00\",\"toTime\":\"01:30:00\"},{\"fromTime\":\"07:30:00\",\"toTime\":\"11:00:00\"},{\"fromTime\":\"11:30:00\",\"toTime\":\"12:00:00\"},{\"fromTime\":\"12:30:00\",\"toTime\":\"17:00:00\"},{\"fromTime\":\"22:30:00\",\"toTime\":\"23:00:00\"},{\"fromTime\":\"23:30:00\",\"toTime\":\"00:00:00\"}]},{\"name\":\"2019-02-14\",\"dayWorking\":1,\"dayType\":5,\"fromDate\":\"2019-02-14\",\"toDate\":null,\"workingTimes\":[{\"fromTime\":\"00:00:00\",\"toTime\":\"00:30:00\"},{\"fromTime\":\"01:00:00\",\"toTime\":\"01:30:00\"},{\"fromTime\":\"02:30:00\",\"toTime\":\"03:30:00\"},{\"fromTime\":\"04:30:00\",\"toTime\":\"05:30:00\"},{\"fromTime\":\"06:30:00\",\"toTime\":\"07:00:00\"},{\"fromTime\":\"07:30:00\",\"toTime\":\"11:00:00\"},{\"fromTime\":\"11:30:00\",\"toTime\":\"12:00:00\"},{\"fromTime\":\"12:30:00\",\"toTime\":\"17:00:00\"},{\"fromTime\":\"22:30:00\",\"toTime\":\"23:00:00\"},{\"fromTime\":\"23:30:00\",\"toTime\":\"00:00:00\"}]}]', 0, 9, 57, 1695, 20340, '2019-05-06 04:02:36', 206, '2019-03-28 19:50:53', 206, '114.222.211.209', 0, 0),(154, NULL, '5*8小时', NULL, '[{\"workingTimes\":[],\"dayType\":1,\"dayWorking\":0},{\"workingTimes\":[{\"fromTime\":\"08:30:00\",\"toTime\":\"12:00:00\"},{\"fromTime\":\"13:30:00\",\"toTime\":\"17:30:00\"}],\"dayType\":2,\"dayWorking\":1},{\"workingTimes\":[{\"fromTime\":\"08:30:00\",\"toTime\":\"12:00:00\"},{\"fromTime\":\"13:30:00\",\"toTime\":\"17:30:00\"}],\"dayType\":3,\"dayWorking\":1},{\"workingTimes\":[{\"fromTime\":\"08:30:00\",\"toTime\":\"12:00:00\"},{\"fromTime\":\"13:30:00\",\"toTime\":\"17:30:00\"}],\"dayType\":4,\"dayWorking\":1},{\"workingTimes\":[{\"fromTime\":\"08:30:00\",\"toTime\":\"12:00:00\"},{\"fromTime\":\"13:30:00\",\"toTime\":\"17:30:00\"}],\"dayType\":5,\"dayWorking\":1},{\"workingTimes\":[{\"fromTime\":\"08:30:00\",\"toTime\":\"12:00:00\"},{\"fromTime\":\"13:30:00\",\"toTime\":\"17:30:00\"}],\"dayType\":6,\"dayWorking\":1},{\"workingTimes\":null,\"dayType\":7,\"dayWorking\":0}]', NULL, 0, 8, 38, 1125, 13500, '2019-04-25 04:37:51', 206, '2019-04-25 03:27:32', 206, '117.89.48.84', 0, NULL),(176, NULL, '新增日历', NULL, '[{\"dayWorking\":0,\"dayType\":1,\"workingTimes\":[{\"fromTime\":\"00:00:00\",\"toTime\":\"00:30:00\"},{\"fromTime\":\"03:30:00\",\"toTime\":\"04:00:00\"},{\"fromTime\":\"07:00:00\",\"toTime\":\"07:30:00\"},{\"fromTime\":\"10:30:00\",\"toTime\":\"11:00:00\"},{\"fromTime\":\"12:00:00\",\"toTime\":\"12:30:00\"}]},{\"dayWorking\":1,\"dayType\":2,\"workingTimes\":[{\"fromTime\":\"08:00:00\",\"toTime\":\"12:00:00\"},{\"fromTime\":\"13:00:00\",\"toTime\":\"17:00:00\"}]},{\"dayWorking\":1,\"dayType\":3,\"workingTimes\":[{\"fromTime\":\"03:30:00\",\"toTime\":\"04:00:00\"},{\"fromTime\":\"04:30:00\",\"toTime\":\"04:00:00\"},{\"fromTime\":\"05:00:00\",\"toTime\":\"05:30:00\"},{\"fromTime\":\"06:00:00\",\"toTime\":\"06:30:00\"},{\"fromTime\":\"08:00:00\",\"toTime\":\"12:00:00\"},{\"fromTime\":\"13:00:00\",\"toTime\":\"17:00:00\"}]},{\"dayWorking\":1,\"dayType\":4,\"workingTimes\":[{\"fromTime\":\"08:00:00\",\"toTime\":\"12:00:00\"},{\"fromTime\":\"13:00:00\",\"toTime\":\"17:00:00\"}]},{\"dayWorking\":1,\"dayType\":5,\"workingTimes\":[{\"fromTime\":\"08:00:00\",\"toTime\":\"12:00:00\"},{\"fromTime\":\"13:00:00\",\"toTime\":\"17:00:00\"}]},{\"dayWorking\":1,\"dayType\":6,\"workingTimes\":[{\"fromTime\":\"08:00:00\",\"toTime\":\"12:00:00\"},{\"fromTime\":\"13:00:00\",\"toTime\":\"17:00:00\"}]},{\"dayWorking\":0,\"dayType\":7,\"workingTimes\":null}]', NULL, 0, 8, 40, 200, 2400, '2019-05-06 04:02:40', 206, '2019-05-04 22:40:09', 206, '114.222.211.209', 0, NULL),(178, NULL, '新增日历', NULL, '[{\"dayWorking\":0,\"dayType\":1,\"workingTimes\":[{\"fromTime\":\"00:00:00\",\"toTime\":\"00:30:00\"},{\"fromTime\":\"03:30:00\",\"toTime\":\"04:00:00\"},{\"fromTime\":\"07:00:00\",\"toTime\":\"07:30:00\"},{\"fromTime\":\"10:30:00\",\"toTime\":\"11:00:00\"},{\"fromTime\":\"12:00:00\",\"toTime\":\"12:30:00\"}]},{\"dayWorking\":1,\"dayType\":2,\"workingTimes\":[{\"fromTime\":\"08:00:00\",\"toTime\":\"12:00:00\"},{\"fromTime\":\"13:00:00\",\"toTime\":\"17:00:00\"}]},{\"dayWorking\":1,\"dayType\":3,\"workingTimes\":[{\"fromTime\":\"03:30:00\",\"toTime\":\"04:00:00\"},{\"fromTime\":\"04:30:00\",\"toTime\":\"04:00:00\"},{\"fromTime\":\"05:00:00\",\"toTime\":\"05:30:00\"},{\"fromTime\":\"06:00:00\",\"toTime\":\"06:30:00\"},{\"fromTime\":\"08:00:00\",\"toTime\":\"12:00:00\"},{\"fromTime\":\"13:00:00\",\"toTime\":\"17:00:00\"}]},{\"dayWorking\":1,\"dayType\":4,\"workingTimes\":[{\"fromTime\":\"08:00:00\",\"toTime\":\"12:00:00\"},{\"fromTime\":\"13:00:00\",\"toTime\":\"17:00:00\"}]},{\"dayWorking\":1,\"dayType\":5,\"workingTimes\":[{\"fromTime\":\"08:00:00\",\"toTime\":\"12:00:00\"},{\"fromTime\":\"13:00:00\",\"toTime\":\"17:00:00\"}]},{\"dayWorking\":1,\"dayType\":6,\"workingTimes\":[{\"fromTime\":\"08:00:00\",\"toTime\":\"12:00:00\"},{\"fromTime\":\"13:00:00\",\"toTime\":\"17:00:00\"}]},{\"dayWorking\":0,\"dayType\":7,\"workingTimes\":null}]', NULL, 0, 8, 40, 200, 2400, '2019-05-06 04:02:54', 206, '2019-05-06 01:42:41', 206, '114.222.211.209', 0, NULL),(179, NULL, '新增日历', NULL, '[{\"dayWorking\":0,\"dayType\":1,\"workingTimes\":[{\"fromTime\":\"00:00:00\",\"toTime\":\"00:30:00\"},{\"fromTime\":\"03:30:00\",\"toTime\":\"04:00:00\"},{\"fromTime\":\"07:00:00\",\"toTime\":\"07:30:00\"},{\"fromTime\":\"10:30:00\",\"toTime\":\"11:00:00\"},{\"fromTime\":\"12:00:00\",\"toTime\":\"12:30:00\"}]},{\"dayWorking\":1,\"dayType\":2,\"workingTimes\":[{\"fromTime\":\"08:00:00\",\"toTime\":\"12:00:00\"},{\"fromTime\":\"13:00:00\",\"toTime\":\"17:00:00\"}]},{\"dayWorking\":1,\"dayType\":3,\"workingTimes\":[{\"fromTime\":\"03:30:00\",\"toTime\":\"04:00:00\"},{\"fromTime\":\"04:30:00\",\"toTime\":\"04:00:00\"},{\"fromTime\":\"05:00:00\",\"toTime\":\"05:30:00\"},{\"fromTime\":\"06:00:00\",\"toTime\":\"06:30:00\"},{\"fromTime\":\"08:00:00\",\"toTime\":\"12:00:00\"},{\"fromTime\":\"13:00:00\",\"toTime\":\"17:00:00\"}]},{\"dayWorking\":1,\"dayType\":4,\"workingTimes\":[{\"fromTime\":\"08:00:00\",\"toTime\":\"12:00:00\"},{\"fromTime\":\"13:00:00\",\"toTime\":\"17:00:00\"}]},{\"dayWorking\":1,\"dayType\":5,\"workingTimes\":[{\"fromTime\":\"08:00:00\",\"toTime\":\"12:00:00\"},{\"fromTime\":\"13:00:00\",\"toTime\":\"17:00:00\"}]},{\"dayWorking\":1,\"dayType\":6,\"workingTimes\":[{\"fromTime\":\"08:00:00\",\"toTime\":\"12:00:00\"},{\"fromTime\":\"13:00:00\",\"toTime\":\"17:00:00\"}]},{\"dayWorking\":0,\"dayType\":7,\"workingTimes\":null}]', NULL, 0, 8, 40, 200, 2400, '2019-05-06 01:42:43', NULL, '2019-05-06 01:42:43', 206, '114.222.211.209', 0, NULL),(180, NULL, '新增日历', NULL, '[{\"dayWorking\":0,\"dayType\":1,\"workingTimes\":[{\"fromTime\":\"00:00:00\",\"toTime\":\"00:30:00\"},{\"fromTime\":\"03:30:00\",\"toTime\":\"04:00:00\"},{\"fromTime\":\"07:00:00\",\"toTime\":\"07:30:00\"},{\"fromTime\":\"10:30:00\",\"toTime\":\"11:00:00\"},{\"fromTime\":\"12:00:00\",\"toTime\":\"12:30:00\"}]},{\"dayWorking\":1,\"dayType\":2,\"workingTimes\":[{\"fromTime\":\"08:00:00\",\"toTime\":\"12:00:00\"},{\"fromTime\":\"13:00:00\",\"toTime\":\"17:00:00\"}]},{\"dayWorking\":1,\"dayType\":3,\"workingTimes\":[{\"fromTime\":\"03:30:00\",\"toTime\":\"04:00:00\"},{\"fromTime\":\"04:30:00\",\"toTime\":\"04:00:00\"},{\"fromTime\":\"05:00:00\",\"toTime\":\"05:30:00\"},{\"fromTime\":\"06:00:00\",\"toTime\":\"06:30:00\"},{\"fromTime\":\"08:00:00\",\"toTime\":\"12:00:00\"},{\"fromTime\":\"13:00:00\",\"toTime\":\"17:00:00\"}]},{\"dayWorking\":1,\"dayType\":4,\"workingTimes\":[{\"fromTime\":\"08:00:00\",\"toTime\":\"12:00:00\"},{\"fromTime\":\"13:00:00\",\"toTime\":\"17:00:00\"}]},{\"dayWorking\":1,\"dayType\":5,\"workingTimes\":[{\"fromTime\":\"08:00:00\",\"toTime\":\"12:00:00\"},{\"fromTime\":\"13:00:00\",\"toTime\":\"17:00:00\"}]},{\"dayWorking\":1,\"dayType\":6,\"workingTimes\":[{\"fromTime\":\"08:00:00\",\"toTime\":\"12:00:00\"},{\"fromTime\":\"13:00:00\",\"toTime\":\"17:00:00\"}]},{\"dayWorking\":0,\"dayType\":7,\"workingTimes\":null}]', NULL, 0, 8, 40, 200, 2400, '2019-05-06 04:15:19', NULL, '2019-05-06 04:15:19', 206, '114.222.211.209', 0, NULL),(181, NULL, '新增日历', NULL, '[{\"dayWorking\":0,\"dayType\":1,\"workingTimes\":[{\"fromTime\":\"00:00:00\",\"toTime\":\"00:30:00\"},{\"fromTime\":\"03:30:00\",\"toTime\":\"04:00:00\"},{\"fromTime\":\"07:00:00\",\"toTime\":\"07:30:00\"},{\"fromTime\":\"10:30:00\",\"toTime\":\"11:00:00\"},{\"fromTime\":\"12:00:00\",\"toTime\":\"12:30:00\"}]},{\"dayWorking\":1,\"dayType\":2,\"workingTimes\":[{\"fromTime\":\"08:00:00\",\"toTime\":\"12:00:00\"},{\"fromTime\":\"13:00:00\",\"toTime\":\"17:00:00\"}]},{\"dayWorking\":1,\"dayType\":3,\"workingTimes\":[{\"fromTime\":\"03:30:00\",\"toTime\":\"04:00:00\"},{\"fromTime\":\"04:30:00\",\"toTime\":\"04:00:00\"},{\"fromTime\":\"05:00:00\",\"toTime\":\"05:30:00\"},{\"fromTime\":\"06:00:00\",\"toTime\":\"06:30:00\"},{\"fromTime\":\"08:00:00\",\"toTime\":\"12:00:00\"},{\"fromTime\":\"13:00:00\",\"toTime\":\"17:00:00\"}]},{\"dayWorking\":1,\"dayType\":4,\"workingTimes\":[{\"fromTime\":\"08:00:00\",\"toTime\":\"12:00:00\"},{\"fromTime\":\"13:00:00\",\"toTime\":\"17:00:00\"}]},{\"dayWorking\":1,\"dayType\":5,\"workingTimes\":[{\"fromTime\":\"08:00:00\",\"toTime\":\"12:00:00\"},{\"fromTime\":\"13:00:00\",\"toTime\":\"17:00:00\"}]},{\"dayWorking\":1,\"dayType\":6,\"workingTimes\":[{\"fromTime\":\"08:00:00\",\"toTime\":\"12:00:00\"},{\"fromTime\":\"13:00:00\",\"toTime\":\"17:00:00\"}]},{\"dayWorking\":0,\"dayType\":7,\"workingTimes\":null}]', NULL, 0, 8, 40, 200, 2400, '2019-05-06 04:15:22', NULL, '2019-05-06 04:15:22', 206, '114.222.211.209', 0, NULL);
UNLOCK TABLES;
COMMIT;
BEGIN;
LOCK TABLES `acm_cloud`.`wsd_base_classify` WRITE;
DELETE FROM `acm_cloud`.`wsd_base_classify`;
INSERT INTO `acm_cloud`.`wsd_base_classify` (`ID`,`PARENT_ID`,`CLASSIFY_CODE`,`CLASSIFY_TYPE`,`BO_CODE`,`CLASSIFY_NAME`,`LAST_UPD_TIME`,`LAST_UPD_USER`,`CREAT_TIME`,`CREATOR`,`LAST_UPD_IP`,`WSDVER`,`SORT_NUM`) VALUES (11, NULL, 'code2', '1', 'task', '分类码2', NULL, NULL, '2019-03-19 13:19:36', 145, '192.168.3.112', 0, NULL),(15, NULL, 'test', '1', 'project', 'test', '2019-03-19 15:46:46', NULL, '2019-03-19 15:46:46', 164, '114.222.210.74', 0, NULL),(16, NULL, 'test1', '1', 'define', 'test1', '2019-03-19 15:47:45', NULL, '2019-03-19 15:47:45', 164, '114.222.210.74', 0, NULL),(17, NULL, 'test1', '1', 'define', 'test1', '2019-03-19 15:47:52', NULL, '2019-03-19 15:47:52', 164, '114.222.210.74', 0, NULL),(44, NULL, '111', '2', 'project', 'test', '2019-03-20 16:18:16', NULL, '2019-03-20 16:18:16', 164, '114.222.210.74', 0, NULL),(45, NULL, '22', '2', 'project', '222', '2019-03-20 16:24:24', NULL, '2019-03-20 16:24:24', 164, '114.222.210.74', 0, NULL),(46, NULL, '111', '2', 'project', '111', '2019-03-20 16:25:16', NULL, '2019-03-20 16:25:16', 164, '114.222.210.74', 0, NULL),(47, NULL, '111', '2', 'project', '111', '2019-03-20 16:25:29', NULL, '2019-03-20 16:25:29', 164, '114.222.210.74', 0, NULL),(49, NULL, '2232', '2', 'project', '233', '2019-03-20 16:27:23', NULL, '2019-03-20 16:27:23', 164, '114.222.210.74', 0, NULL),(50, NULL, '232', '2', 'project', '2332', '2019-03-20 16:28:36', NULL, '2019-03-20 16:28:36', 164, '114.222.210.74', 0, NULL),(51, NULL, '222', '2', 'project', '2222', '2019-03-20 16:30:41', NULL, '2019-03-20 16:30:41', 164, '114.222.210.74', 0, NULL),(132, 0, '类型一', '1', 'rsrc', '类型一', '2019-04-02 14:56:10', NULL, '2019-04-02 14:56:10', 206, '117.89.48.84', 0, NULL),(133, 132, '码值一', '2', 'rsrc', '码值一', '2019-04-02 14:56:20', NULL, '2019-04-02 14:56:20', 206, '117.89.48.84', 0, NULL),(134, 132, '码值二', '2', 'rsrc', '码值二', '2019-04-02 14:56:29', NULL, '2019-04-02 14:56:29', 206, '117.89.48.84', 0, NULL),(135, 133, '码值1.1', '2', 'rsrc', '码值1.1', '2019-04-02 14:56:40', NULL, '2019-04-02 14:56:40', 206, '117.89.48.84', 0, NULL),(148, 0, 'A', '1', 'projectdoc', 'A', '2019-04-16 15:43:32', NULL, '2019-04-16 15:43:32', 206, '117.89.48.84', 0, NULL),(149, 148, 'B', '2', 'projectdoc', 'B', '2019-04-16 15:43:38', NULL, '2019-04-16 15:43:38', 206, '117.89.48.84', 0, NULL),(150, 148, 'C', '2', 'projectdoc', 'C', '2019-04-16 15:43:43', NULL, '2019-04-16 15:43:43', 206, '117.89.48.84', 0, NULL),(188, 0, 'B', '1', 'projectdoc', 'B', '2019-04-26 01:50:43', 206, '2019-04-26 01:48:01', 206, '127.0.0.1', 0, NULL),(189, 188, 'D', '2', 'projectdoc', 'D', '2019-04-26 01:51:40', NULL, '2019-04-26 01:51:40', 206, '127.0.0.1', 0, NULL),(190, 148, 'D', '2', 'projectdoc', 'D', '2019-04-26 01:56:29', 206, '2019-04-26 01:55:05', 206, '127.0.0.1', 0, NULL),(192, 0, '项目区域', '1', 'project', '项目区域', '2019-04-26 03:06:54', 206, '2019-04-26 03:06:14', 206, '114.222.211.209', 0, NULL),(193, 0, '项目重要度', '1', 'project', '项目重要度', '2019-04-26 03:06:24', NULL, '2019-04-26 03:06:24', 206, '114.222.211.209', 0, NULL),(195, 192, '江苏省', '2', 'project', '江苏省', '2019-04-26 03:08:09', NULL, '2019-04-26 03:08:09', 206, '114.222.211.209', 0, NULL),(196, 192, '浙江省', '2', 'project', '浙江省', '2019-04-26 03:08:17', NULL, '2019-04-26 03:08:17', 206, '114.222.211.209', 0, NULL),(197, 192, '安徽省', '2', 'project', '安徽省', '2019-04-26 03:08:25', NULL, '2019-04-26 03:08:25', 206, '114.222.211.209', 0, NULL),(198, 192, '上海市', '2', 'project', '上海市', '2019-04-26 03:08:32', NULL, '2019-04-26 03:08:32', 206, '114.222.211.209', 0, NULL),(200, 193, '1', '2', 'project', '高', '2019-04-26 03:09:45', NULL, '2019-04-26 03:09:45', 206, '114.222.211.209', 0, NULL),(201, 193, '2', '2', 'project', '中', '2019-04-26 03:09:49', NULL, '2019-04-26 03:09:49', 206, '114.222.211.209', 0, NULL),(202, 193, '3', '2', 'project', '低', '2019-04-26 03:09:53', NULL, '2019-04-26 03:09:53', 206, '114.222.211.209', 0, NULL),(203, 0, '任务分类码', '1', 'task', '任务分类码', '2019-04-26 03:11:47', NULL, '2019-04-26 03:11:47', 206, '114.222.211.209', 0, NULL),(204, 203, '分类一', '2', 'task', '分类一', '2019-04-26 03:11:57', NULL, '2019-04-26 03:11:57', 206, '114.222.211.209', 0, NULL),(205, 203, '分类二', '2', 'task', '分类二', '2019-04-26 03:12:08', NULL, '2019-04-26 03:12:08', 206, '114.222.211.209', 0, NULL),(206, 0, '计划定义分类码', '1', 'define', '计划定义分类码', '2019-04-26 03:13:04', NULL, '2019-04-26 03:13:04', 206, '114.222.211.209', 0, NULL),(207, 0, '关重资源', '1', 'resource', '关重资源', '2019-04-26 03:13:44', NULL, '2019-04-26 03:13:44', 206, '114.222.211.209', 0, NULL),(208, 207, 'Y', '2', 'resource', '是', '2019-04-26 03:13:56', NULL, '2019-04-26 03:13:56', 206, '114.222.211.209', 0, NULL),(209, 0, '01', '1', 'delv', '分类1', '2019-04-27 21:35:37', 206, '2019-04-27 21:35:07', 206, '192.168.3.105', 0, NULL),(210, 0, '02', '1', 'delv', '分类码2', '2019-04-27 21:35:41', 206, '2019-04-27 21:35:18', 206, '192.168.3.105', 0, NULL),(211, 209, 'A', '2', 'delv', '码值1', '2019-04-27 21:36:11', NULL, '2019-04-27 21:36:11', 206, '192.168.3.105', 0, NULL),(212, 209, 'B', '2', 'delv', '码值2', '2019-04-27 21:36:17', NULL, '2019-04-27 21:36:17', 206, '192.168.3.105', 0, NULL),(213, 210, 'C', '2', 'delv', '码值1', '2019-04-27 21:36:37', NULL, '2019-04-27 21:36:37', 206, '192.168.3.105', 0, NULL),(214, 210, 'D', '2', 'delv', '码值2', '2019-04-27 21:36:46', NULL, '2019-04-27 21:36:46', 206, '192.168.3.105', 0, NULL),(215, 0, 'NJ', '1', 'project', '南京', '2019-04-28 07:06:10', NULL, '2019-04-28 07:06:10', 206, '114.222.211.209', 0, NULL),(216, 0, 'BJ', '1', 'project', '北京', '2019-04-28 07:06:16', NULL, '2019-04-28 07:06:16', 206, '114.222.211.209', 0, NULL),(217, 215, 'A', '2', 'project', '三一筑工', '2019-04-28 07:06:31', NULL, '2019-04-28 07:06:31', 206, '114.222.211.209', 0, NULL),(218, 215, 'B', '2', 'project', '重能', '2019-04-28 07:06:43', NULL, '2019-04-28 07:06:43', 206, '114.222.211.209', 0, NULL),(219, 216, 'A', '2', 'project', '维斯德', '2019-04-28 07:06:58', NULL, '2019-04-28 07:06:58', 206, '114.222.211.209', 0, NULL),(220, 216, 'B', '2', 'project', '平安', '2019-04-28 07:07:07', NULL, '2019-04-28 07:07:07', 206, '114.222.211.209', 0, NULL),(221, 0, '1', '1', 'projectdoc', '1', '2019-04-29 06:25:31', NULL, '2019-04-29 06:25:31', 206, '117.89.23.119', 0, NULL),(222, 0, '2', '1', 'projectdoc', '2', '2019-04-29 06:25:37', NULL, '2019-04-29 06:25:37', 206, '117.89.23.119', 0, NULL),(223, 0, '3', '1', 'projectdoc', '3', '2019-04-29 06:25:59', NULL, '2019-04-29 06:25:59', 206, '117.89.23.119', 0, NULL),(224, 0, '4', '1', 'projectdoc', '4', '2019-04-29 06:26:02', NULL, '2019-04-29 06:26:02', 206, '117.89.23.119', 0, NULL),(227, 221, '1.1', '2', 'projectdoc', '1.1', '2019-04-29 06:27:16', NULL, '2019-04-29 06:27:16', 206, '117.89.23.119', 0, NULL),(228, 221, '1.2', '2', 'projectdoc', '1.2', '2019-04-30 02:26:38', NULL, '2019-04-30 02:26:38', 206, '117.89.23.119', 0, NULL),(232, 206, 'KDA', '2', 'define', '贡献率', '2019-05-04 21:10:06', NULL, '2019-05-04 21:10:06', 311, '114.222.211.209', 0, NULL);
UNLOCK TABLES;
COMMIT;
BEGIN;
LOCK TABLES `acm_cloud`.`wsd_base_classifyassign` WRITE;
DELETE FROM `acm_cloud`.`wsd_base_classifyassign`;
INSERT INTO `acm_cloud`.`wsd_base_classifyassign` (`ID`,`CLASSIFY_ID`,`CLASSIFY_TYPE_ID`,`bo_code`,`biz_id`,`LAST_UPD_TIME`,`LAST_UPD_USER`,`CREAT_TIME`,`CREATOR`,`LAST_UPD_IP`,`WSDVER`,`SORT_NUM`) VALUES (3, 100, 98, 'project', 57, '2019-03-29 09:48:11', NULL, '2019-03-29 09:48:11', 206, '117.89.48.84', 0, NULL),(9, 104, 103, 'project', 59, '2019-03-29 13:59:50', NULL, '2019-03-29 13:59:50', 206, '127.0.0.1', 0, NULL),(21, 104, 103, 'project', 22, '2019-04-01 21:56:09', NULL, '2019-04-01 21:56:09', 206, '117.89.48.84', 0, NULL),(22, 127, 103, 'project', 22, '2019-04-01 21:56:26', NULL, '2019-04-01 21:56:26', 206, '117.89.48.84', 0, NULL),(23, 106, 103, 'project', 22, '2019-04-01 21:56:55', 206, '2019-04-01 21:56:33', 206, '117.89.48.84', 0, NULL),(24, 106, 103, 'project', 22, '2019-04-01 21:56:50', 206, '2019-04-01 21:56:41', 206, '117.89.48.84', 0, NULL),(25, 105, 103, 'project', 22, '2019-04-02 14:51:32', NULL, '2019-04-02 14:51:32', 206, '192.168.3.136', 0, NULL),(26, 137, 113, 'project', 51, '2019-04-08 17:01:58', NULL, '2019-04-08 17:01:58', 206, '117.89.48.84', 0, NULL),(27, 139, 121, 'project', 51, '2019-04-08 17:02:03', NULL, '2019-04-08 17:02:03', 206, '117.89.48.84', 0, NULL),(28, 138, 118, 'project', 58, '2019-04-15 17:36:55', 206, '2019-04-15 17:35:10', 206, '117.89.48.84', 0, NULL),(29, 139, 121, 'project', 58, '2019-04-19 15:00:37', 206, '2019-04-15 17:36:52', 206, '117.89.48.84', 0, NULL),(30, 138, 118, 'project', 59, '2019-04-15 18:41:48', NULL, '2019-04-15 18:41:48', 206, '117.89.48.84', 0, NULL),(31, 149, 148, 'projectdoc', 91, '2019-04-16 15:47:29', NULL, '2019-04-16 15:47:29', 206, '192.168.3.132', 0, NULL),(33, 149, 148, 'projectdoc', 177, '2019-04-18 17:22:27', NULL, '2019-04-18 17:22:27', 206, '117.89.48.84', 0, NULL),(34, 149, 148, 'projectdoc', 177, '2019-04-18 17:22:42', 206, '2019-04-18 17:22:32', 206, '117.89.48.84', 0, NULL),(35, 150, 148, 'projectdoc', 83, '2019-04-18 20:06:33', 206, '2019-04-18 20:06:15', 206, '117.89.48.84', 0, NULL),(36, 150, 148, 'projectdoc', 84, '2019-04-19 10:48:10', 206, '2019-04-19 10:48:02', 206, '117.89.48.84', 0, NULL),(38, 139, 121, 'project', 58, '2019-04-19 15:01:01', NULL, '2019-04-19 15:01:01', 206, '117.89.48.84', 0, NULL),(39, 150, 148, 'projectdoc', 210, '2019-04-27 06:07:33', NULL, '2019-04-27 06:07:33', 206, '114.222.211.209', 0, NULL),(46, 213, 210, 'delv', 10055, '2019-04-27 21:46:51', NULL, '2019-04-27 21:46:51', 206, '192.168.3.105', 0, NULL),(47, 195, 192, 'project', 55, '2019-04-27 23:03:54', NULL, '2019-04-27 23:03:54', 206, '114.222.211.209', 0, NULL),(51, 195, 192, 'project', 89, '2019-04-28 01:19:17', NULL, '2019-04-28 01:19:17', 206, '192.168.3.135', 0, NULL),(52, 196, 192, 'project', 89, '2019-04-28 01:19:24', NULL, '2019-04-28 01:19:24', 206, '192.168.3.135', 0, NULL),(55, 189, 188, 'projectdoc', 419, '2019-04-28 03:04:30', NULL, '2019-04-28 03:04:30', 257, '114.222.211.209', 0, NULL),(57, 200, 193, 'project', 118, '2019-04-28 07:07:37', NULL, '2019-04-28 07:07:37', 257, '192.168.3.105', 0, NULL),(58, 195, 192, 'project', 114, '2019-04-28 07:07:54', NULL, '2019-04-28 07:07:54', 257, '192.168.3.105', 0, NULL),(59, 201, 193, 'project', 111, '2019-04-28 07:08:01', NULL, '2019-04-28 07:08:01', 257, '192.168.3.105', 0, NULL),(60, 201, 193, 'project', 114, '2019-04-28 07:08:12', NULL, '2019-04-28 07:08:12', 257, '192.168.3.105', 0, NULL),(61, 217, 215, 'project', 114, '2019-04-28 07:08:17', NULL, '2019-04-28 07:08:17', 257, '192.168.3.105', 0, NULL),(64, 213, 210, 'delv', 10063, '2019-04-28 21:38:50', NULL, '2019-04-28 21:38:50', 257, '192.168.3.105', 0, NULL),(65, 213, 210, 'delv', 10071, '2019-04-28 21:42:57', NULL, '2019-04-28 21:42:57', 257, '192.168.3.105', 0, NULL),(66, 211, 209, 'delv', 10072, '2019-04-28 21:45:55', NULL, '2019-04-28 21:45:55', 257, '192.168.3.105', 0, NULL),(71, 149, 148, 'projectdoc', 416, '2019-04-29 04:30:14', NULL, '2019-04-29 04:30:14', 206, '114.222.211.209', 0, NULL),(77, 189, 188, 'projectdoc', 437, '2019-04-29 04:32:04', NULL, '2019-04-29 04:32:04', 206, '114.222.211.209', 0, NULL),(81, 189, 188, 'projectdoc', 212, '2019-04-29 04:34:07', NULL, '2019-04-29 04:34:07', 206, '114.222.211.209', 0, NULL),(82, 189, 188, 'projectdoc', 211, '2019-04-29 04:34:47', NULL, '2019-04-29 04:34:47', 206, '114.222.211.209', 0, NULL),(83, 195, 192, 'project', 83, '2019-04-29 04:36:00', NULL, '2019-04-29 04:36:00', 206, '192.168.3.135', 0, NULL),(91, 201, 193, 'project', 72, '2019-04-29 22:45:10', 206, '2019-04-29 22:44:45', 206, '114.222.211.209', 0, NULL),(92, 211, 209, 'delv', 10008, '2019-04-30 01:08:32', NULL, '2019-04-30 01:08:32', 206, '114.222.211.209', 0, NULL),(93, 214, 210, 'delv', 10008, '2019-04-30 01:08:37', NULL, '2019-04-30 01:08:37', 206, '114.222.211.209', 0, NULL),(98, 195, 192, 'project', 78, '2019-05-04 08:00:58', NULL, '2019-05-04 08:00:58', 257, '112.245.161.141', 0, NULL),(99, 232, 206, 'define', 69, '2019-05-04 21:10:19', NULL, '2019-05-04 21:10:19', 311, '114.222.211.209', 0, NULL),(100, 232, 206, 'define', 33, '2019-05-05 02:57:17', NULL, '2019-05-05 02:57:17', 206, '114.222.211.209', 0, NULL),(101, 232, 206, 'define', 56, '2019-05-06 03:42:04', NULL, '2019-05-06 03:42:04', 206, '114.222.211.209', 0, NULL),(105, 211, 209, 'delv', 10088, '2019-05-08 03:07:20', NULL, '2019-05-08 03:07:20', 257, '114.222.211.209', 0, NULL),(106, 214, 210, 'delv', 10088, '2019-05-08 03:07:25', NULL, '2019-05-08 03:07:25', 257, '114.222.211.209', 0, NULL),(107, 196, 192, 'project', 126, '2019-05-08 04:29:22', 262, '2019-05-08 04:28:52', 262, '192.168.3.155', 0, NULL);
UNLOCK TABLES;
COMMIT;
BEGIN;
LOCK TABLES `acm_cloud`.`wsd_base_coderule` WRITE;
DELETE FROM `acm_cloud`.`wsd_base_coderule`;
INSERT INTO `acm_cloud`.`wsd_base_coderule` (`id`,`rule_bo_id`,`rule_name`,`default_flag`,`modified`,`status`,`LAST_UPD_TIME`,`LAST_UPD_USER`,`CREAT_TIME`,`CREATOR`,`LAST_UPD_IP`,`WSDVER`,`SORT_NUM`) VALUES (5, 8, 'roleName100', 8, 8, 'ERROR', NULL, NULL, '2019-03-02 16:06:56', NULL, '127.0.0.1', 0, 0),(45, 7, 'test', 0, 0, 'ERROR', '2019-03-27 17:44:23', NULL, '2019-03-27 17:44:23', 206, '117.89.48.84', 0, 7),(52, 7, '114', 1, 1, 'ERROR', '2019-03-27 20:58:02', NULL, '2019-03-27 20:58:02', 206, '117.89.48.84', 0, 8),(53, 13, '1111', 0, 0, 'ERROR', '2019-03-29 14:44:02', NULL, '2019-03-29 14:44:02', 206, '117.89.48.84', 0, 1),(54, 13, '1111', 0, 0, 'ERROR', '2019-03-29 14:44:06', NULL, '2019-03-29 14:44:06', 206, '117.89.48.84', 0, 2),(57, 15, '1111', 0, 0, NULL, '2019-04-04 10:01:01', NULL, '2019-04-04 10:01:01', 206, '117.89.48.84', 0, 1),(60, 16, '科研项目', 0, 0, 'ERROR', '2019-04-12 16:56:21', NULL, '2019-04-12 16:56:21', 206, '117.89.48.84', 0, 1),(61, 16, '批产项目1', 1, 1, 'ERROR', '2019-04-12 16:56:29', NULL, '2019-04-12 16:56:29', 206, '117.89.48.84', 0, 2),(62, 16, '预研项目', 0, 0, 'ERROR', '2019-04-12 16:57:13', NULL, '2019-04-12 16:57:13', 206, '117.89.48.84', 0, 3),(63, 7, '222', 0, 0, 'ERROR', '2019-04-25 01:03:45', NULL, '2019-04-25 01:03:45', 206, '117.89.48.84', 0, 9),(64, 18, '22', 0, 0, NULL, '2019-04-25 01:38:24', NULL, '2019-04-25 01:38:24', 206, '117.89.48.84', 0, 1),(65, 19, '11', 0, 0, 'ERROR', '2019-04-25 02:48:19', NULL, '2019-04-25 02:48:19', 206, '117.89.48.84', 0, 1),(66, 19, '11', 0, 0, 'ERROR', '2019-04-25 02:48:22', NULL, '2019-04-25 02:48:22', 206, '117.89.48.84', 0, 2),(69, 19, 'fgf', 0, 0, 'ERROR', '2019-04-25 03:35:11', NULL, '2019-04-25 03:35:11', 206, '117.89.48.84', 0, 5),(73, 20, 'UDDD', 0, 0, 'ERROR', '2019-04-25 09:39:25', NULL, '2019-04-25 09:39:25', 206, '192.168.3.101', 0, 1),(74, 20, '测试', 0, 0, 'ERROR', '2019-04-25 09:48:17', NULL, '2019-04-25 09:48:17', 206, '192.168.3.101', 0, 2),(75, 20, '23', 0, 0, NULL, '2019-04-25 20:20:44', NULL, '2019-04-25 20:20:44', 206, '117.89.48.84', 0, 3),(76, 20, 'fg', 0, 0, 'ERROR', '2019-04-25 20:20:50', NULL, '2019-04-25 20:20:50', 206, '117.89.48.84', 0, 4),(77, 16, '默认', 0, 0, NULL, '2019-04-25 22:42:39', NULL, '2019-04-25 22:42:39', 206, '114.222.211.209', 0, 4),(78, 7, '默认', 1, 1, 'ERROR', '2019-04-25 22:46:05', NULL, '2019-04-25 22:46:05', 206, '114.222.211.209', 0, 10);
UNLOCK TABLES;
COMMIT;
BEGIN;
LOCK TABLES `acm_cloud`.`wsd_base_coderule_bo` WRITE;
DELETE FROM `acm_cloud`.`wsd_base_coderule_bo`;
INSERT INTO `acm_cloud`.`wsd_base_coderule_bo` (`id`,`bo_code`,`bo_name`,`table_name`,`code_column_name`,`assign_column_name`,`seq_scope`,`LAST_UPD_TIME`,`LAST_UPD_USER`,`CREAT_TIME`,`CREATOR`,`LAST_UPD_IP`,`WSDVER`,`SORT_NUM`) VALUES (7, 'TASK1', 'TASK编码规则11', 'act_hi_taskinst', 'EXECUTION_ID_', 'OWNER_', 'TASK_DEF_KEY_', '2019-03-19 19:25:59', NULL, '2019-03-19 19:25:59', 145, '192.168.3.112', 0, 1),(16, '001', '项目编码规则', 'WSD_TEST1', 'ONE', 'THREE', 'TWO', '2019-04-12 16:49:11', NULL, '2019-04-12 16:49:11', 206, '117.89.48.84', 0, 9),(18, '002', '项目立项编码规则', 'WSD_TEST2', 'ONE', 'THREE', 'TWO', '2019-04-12 16:51:03', NULL, '2019-04-12 16:51:03', 206, '117.89.48.84', 0, 10),(20, 'TASK-CODE', '任务编码1', 'wsd_plan_task', 'task_name', 'define_id', 'task_name', '2019-04-25 09:34:26', NULL, '2019-04-25 09:34:26', 206, '192.168.3.101', 0, 12);
UNLOCK TABLES;
COMMIT;
BEGIN;
LOCK TABLES `acm_cloud`.`wsd_base_coderule_cell` WRITE;
DELETE FROM `acm_cloud`.`wsd_base_coderule_cell`;
INSERT INTO `acm_cloud`.`wsd_base_coderule_cell` (`id`,`rule_id`,`rule_type_id`,`rule_type`,`position`,`rule_cell_name`,`cell_sql`,`cell_value`,`table_name`,`column_name`,`foreign_key`,`connector`,`max_length`,`fill_char`,`fill_direction`,`intercept_direction`,`seq_min_value`,`seq_steep`,`LAST_UPD_TIME`,`LAST_UPD_USER`,`CREAT_TIME`,`CREATOR`,`LAST_UPD_IP`,`WSDVER`,`SORT_NUM`) VALUES (1, 1, 1, 'ATTRIBUTE', 1, '父亲', '1', 'cellValue', '1', '1', '1', 'aa', 1, '1', NULL, NULL, 1, 1, NULL, NULL, NULL, NULL, NULL, 0, 0),(2, 1, 1, '1', 2, '子钦', '1', '1', '2', '2', '2', '2', 2, NULL, NULL, NULL, NULL, NULL, NULL, NULL, NULL, NULL, NULL, NULL, NULL),(6, 1, 1, 'ruleType', 2, 'ruleCellName', NULL, 'cellValue', NULL, NULL, NULL, 'aa', 1, '1', NULL, NULL, 1, 1, NULL, NULL, '2019-03-02 17:17:04', NULL, '127.0.0.1', 0, 0),(7, 1, 1, 'ruleType', 2, 'ruleCellName', NULL, 'cellValue', NULL, NULL, NULL, 'aa', 1, '1', NULL, NULL, 1, 1, NULL, NULL, '2019-03-02 17:17:33', NULL, '127.0.0.1', 0, 0),(8, 10, 0, 'string', 1, 'string', NULL, 'string', NULL, NULL, NULL, 'string', 0, 'a', NULL, NULL, 0, 0, '2019-03-19 21:10:28', NULL, '2019-03-19 21:10:28', 145, '192.168.3.112', 0, 1),(11, 10, 4, '11', 2, '第二段', NULL, '11', NULL, NULL, NULL, '111', 0, '0', NULL, NULL, 0, 0, '2019-03-19 21:21:57', NULL, '2019-03-19 21:21:57', 145, '192.168.3.112', 0, 2),(12, 1, 1, 'string', 7, 'string', NULL, 'string', NULL, NULL, NULL, 'string', 0, '0', NULL, NULL, 0, 0, '2019-03-26 20:01:02', NULL, '2019-03-26 20:01:02', 206, '0:0:0:0:0:0:0:1', 0, 1),(13, 11, NULL, NULL, 1, NULL, NULL, NULL, NULL, NULL, NULL, NULL, 11, '1', NULL, NULL, NULL, NULL, '2019-03-26 20:25:05', NULL, '2019-03-26 20:25:05', 206, '49.77.228.180', 0, 1),(14, 11, NULL, NULL, 2, NULL, NULL, NULL, NULL, NULL, NULL, NULL, 11, '1', NULL, NULL, NULL, NULL, '2019-03-26 20:34:42', NULL, '2019-03-26 20:34:42', 206, '49.77.228.180', 0, 2),(15, 11, NULL, NULL, 3, NULL, NULL, NULL, NULL, NULL, NULL, NULL, 12, '2', NULL, NULL, NULL, NULL, '2019-03-27 09:27:00', NULL, '2019-03-27 09:27:00', 206, '49.77.228.180', 0, 3),(16, 11, NULL, NULL, 4, NULL, NULL, NULL, NULL, NULL, NULL, NULL, NULL, NULL, NULL, NULL, NULL, NULL, '2019-03-27 09:35:00', NULL, '2019-03-27 09:35:00', 206, '49.77.228.180', 0, 4),(17, 11, NULL, NULL, 5, NULL, NULL, NULL, NULL, NULL, NULL, NULL, 4, NULL, NULL, NULL, NULL, NULL, '2019-03-27 09:35:50', NULL, '2019-03-27 09:35:50', 206, '49.77.228.180', 0, 5),(18, 1, 1, 'string', 6, 'string', NULL, 'string', NULL, NULL, NULL, 'string', 0, '0', NULL, NULL, 0, 0, '2019-03-27 09:39:12', NULL, '2019-03-27 09:39:12', 206, '0:0:0:0:0:0:0:1', 0, 2),(19, 10, NULL, 'ATTRIBUTE', 3, NULL, NULL, '4', NULL, NULL, NULL, '.', 11, '1', NULL, NULL, NULL, NULL, '2019-03-27 09:49:30', NULL, '2019-03-27 09:49:30', 206, '49.77.228.180', 0, 3),(20, 10, 4, 'ATTRIBUTE', 4, 'ruleTypeName-update', NULL, NULL, NULL, NULL, NULL, '/', 11, '1', NULL, NULL, NULL, NULL, '2019-03-27 10:31:31', NULL, '2019-03-27 10:31:31', 206, '49.77.228.180', 0, 4),(21, 10, NULL, 'FIXED_VALUE', 5, '固定值-4', NULL, '4', NULL, NULL, NULL, '/', 1, '1', NULL, NULL, NULL, NULL, '2019-03-27 10:42:21', NULL, '2019-03-27 10:42:21', 206, '49.77.228.180', 0, 5),(22, 10, NULL, 'SEQUENCE', 6, '流水号', NULL, NULL, NULL, NULL, NULL, '/', 11, '1', NULL, NULL, 11, 11, '2019-03-27 10:43:59', NULL, '2019-03-27 10:43:59', 206, '49.77.228.180', 0, 6),(23, 11, 4, 'ATTRIBUTE', 6, 'ruleTypeName-update1', NULL, NULL, NULL, NULL, NULL, '/', 12, '1', NULL, NULL, NULL, NULL, '2019-03-27 10:48:56', NULL, '2019-03-27 10:48:56', 206, '49.77.228.180', 0, 6),(24, 11, 4, 'ATTRIBUTE', 7, 'ruleTypeName-update', NULL, NULL, NULL, NULL, NULL, '.', 11, '1', NULL, NULL, NULL, NULL, '2019-03-27 10:49:52', NULL, '2019-03-27 10:49:52', 206, '49.77.228.180', 0, 7),(25, 10, 4, 'ATTRIBUTE', 7, 'ruleTypeName-update', NULL, NULL, NULL, NULL, NULL, '-', 11, '1', NULL, NULL, NULL, NULL, '2019-03-27 10:51:47', NULL, '2019-03-27 10:51:47', 206, '49.77.228.180', 0, 7),(26, 44, NULL, 'FIXED_VALUE', 1, '固定值-11', NULL, '11', NULL, NULL, NULL, 'NULL', 111, '1', NULL, NULL, NULL, NULL, '2019-03-27 10:52:55', NULL, '2019-03-27 10:52:55', 206, '49.77.228.180', 0, 1),(27, 44, 4, 'ATTRIBUTE', 2, 'ruleTypeName-update', NULL, NULL, NULL, NULL, NULL, '.', 11, '1', NULL, NULL, NULL, NULL, '2019-03-27 10:53:29', NULL, '2019-03-27 10:53:29', 206, '49.77.228.180', 0, 2),(28, 44, 4, 'ATTRIBUTE', 5, 'ruleTypeName-update', NULL, NULL, NULL, NULL, NULL, '/', 11, '1', NULL, NULL, NULL, NULL, '2019-03-27 13:37:20', NULL, '2019-03-27 13:37:20', 206, '117.89.48.84', 0, 3),(29, 5, NULL, 'FIXED_VALUE', 2, '固定值-ee', NULL, 'ee', NULL, NULL, NULL, '.', 122, '1', NULL, NULL, NULL, NULL, '2019-03-27 14:24:35', NULL, '2019-03-27 14:24:35', 206, '117.89.48.84', 0, 1),(30, 46, NULL, 'SEQUENCE', 1, '流水号', NULL, NULL, NULL, NULL, NULL, '.', 111, '1', NULL, NULL, 1111, 1111, '2019-03-27 20:26:44', NULL, '2019-03-27 20:26:44', 206, '117.89.48.84', 0, 1),(31, 46, NULL, 'FIXED_VALUE', 2, '固定值-1', NULL, '1', NULL, NULL, NULL, '-', 1, '1', NULL, NULL, NULL, NULL, '2019-03-27 20:27:09', NULL, '2019-03-27 20:27:09', 206, '117.89.48.84', 0, 2),(32, 46, NULL, 'SEQUENCE', 3, '流水号', NULL, NULL, NULL, NULL, NULL, '-', 1, '1', NULL, NULL, 1, 1, '2019-03-27 20:28:17', NULL, '2019-03-27 20:28:17', 206, '117.89.48.84', 0, 3),(33, 55, NULL, 'FIXED_VALUE', 1, '固定值-1', NULL, '1', NULL, NULL, NULL, '.', 1, '1', NULL, NULL, NULL, NULL, '2019-03-29 14:44:39', NULL, '2019-03-29 14:44:39', 206, '117.89.48.84', 0, 1),(34, 57, NULL, 'FIXED_VALUE', 1, '固定值-11', NULL, '11', NULL, NULL, NULL, '.', 111, '1', NULL, NULL, NULL, NULL, '2019-04-04 10:01:10', NULL, '2019-04-04 10:01:10', 206, '117.89.48.84', 0, 1),(35, 60, NULL, 'FIXED_VALUE', 1, '固定值-ABC', NULL, 'ABC', NULL, NULL, NULL, '-', 10, '&', NULL, NULL, NULL, NULL, '2019-04-12 17:26:18', NULL, '2019-04-12 17:26:18', 206, '117.89.48.84', 0, 1),(36, 60, NULL, 'SEQUENCE', 2, '流水号', NULL, NULL, NULL, NULL, NULL, '-', 10, '&', NULL, NULL, 1, 10, '2019-04-12 17:28:20', NULL, '2019-04-12 17:28:20', 206, '117.89.48.84', 0, 2),(37, 45, 8, 'ATTRIBUTE', 1, 'ewew4', NULL, NULL, NULL, NULL, NULL, '-', 1, '1', NULL, NULL, NULL, NULL, '2019-04-25 01:03:35', NULL, '2019-04-25 01:03:35', 206, '117.89.48.84', 0, 1),(38, 65, NULL, 'FIXED_VALUE', 1, '固定值-11', NULL, '11', NULL, NULL, NULL, '/', 11, '1', NULL, NULL, NULL, NULL, '2019-04-25 03:04:59', NULL, '2019-04-25 03:04:59', 206, '117.89.48.84', 0, 1),(39, 66, NULL, 'SEQUENCE', 1, '流水号', NULL, NULL, NULL, NULL, NULL, '/', 1, '1', NULL, NULL, 1, 1, '2019-04-25 04:17:09', NULL, '2019-04-25 04:17:09', 206, '117.89.48.84', 0, 1),(40, 69, NULL, 'SEQUENCE', 1, '流水号', NULL, NULL, NULL, NULL, NULL, '/', 11, '1', NULL, NULL, 11, 11, '2019-04-25 05:49:33', NULL, '2019-04-25 05:49:33', 206, '192.168.3.135', 0, 1),(41, 69, NULL, 'FIXED_VALUE', 2, '固定值-1', NULL, '1', NULL, NULL, NULL, '/', 11, '1', NULL, NULL, NULL, NULL, '2019-04-25 05:51:02', NULL, '2019-04-25 05:51:02', 206, '192.168.3.135', 0, 2),(42, 52, NULL, 'FIXED_VALUE', 1, '固定值-1', NULL, '1', NULL, NULL, NULL, '.', 1, '1', NULL, NULL, NULL, NULL, '2019-04-25 06:30:39', NULL, '2019-04-25 06:30:39', 206, '192.168.3.135', 0, 1),(43, 52, NULL, 'SEQUENCE', 2, '流水号', NULL, NULL, NULL, NULL, NULL, '/', 1, '1', NULL, NULL, 1, 1, '2019-04-25 06:30:52', NULL, '2019-04-25 06:30:52', 206, '192.168.3.135', 0, 2),(44, 63, 8, 'ATTRIBUTE', 2, 'ewew4', NULL, NULL, NULL, NULL, NULL, '/', 1, '1', NULL, NULL, NULL, NULL, '2019-04-25 06:31:27', NULL, '2019-04-25 06:31:27', 206, '192.168.3.135', 0, 1),(45, 73, NULL, 'FIXED_VALUE', 1, '固定值-T', NULL, 'T', NULL, NULL, NULL, '-', 1, NULL, NULL, NULL, NULL, NULL, '2019-04-25 09:40:41', NULL, '2019-04-25 09:40:41', 206, '192.168.3.101', 0, 1),(46, 73, 28, 'ATTRIBUTE', 2, '规则类型1', 'select ', NULL, NULL, NULL, NULL, '.', 11, '0', NULL, NULL, NULL, NULL, '2019-04-25 09:42:54', NULL, '2019-04-25 09:42:54', 206, '192.168.3.101', 0, 2),(47, 73, NULL, 'SEQUENCE', 3, '流水号', NULL, NULL, NULL, NULL, NULL, '/', 111, '0', NULL, NULL, 1, 1, '2019-04-25 09:46:09', NULL, '2019-04-25 09:46:09', 206, '192.168.3.101', 0, 3),(48, 74, 28, 'ATTRIBUTE', 4, '规则类型1', 'select ', NULL, NULL, NULL, NULL, '/', 12, '1', NULL, NULL, NULL, NULL, '2019-04-25 09:51:50', NULL, '2019-04-25 09:51:50', 206, '192.168.3.101', 0, 1);
UNLOCK TABLES;
COMMIT;
BEGIN;
LOCK TABLES `acm_cloud`.`wsd_base_coderule_type` WRITE;
DELETE FROM `acm_cloud`.`wsd_base_coderule_type`;
INSERT INTO `acm_cloud`.`wsd_base_coderule_type` (`id`,`rule_bo_id`,`global`,`rule_type`,`rule_type_name`,`type_sql`,`table_name`,`column_name`,`foreign_key`,`dict_type`,`dict_bo`,`attribute_type`,`LAST_UPD_TIME`,`LAST_UPD_USER`,`CREAT_TIME`,`CREATOR`,`LAST_UPD_IP`,`WSDVER`,`SORT_NUM`) VALUES (1, 1, NULL, 'ruleType', 'ruleTypeName', 'roleType100', NULL, 'roleType100', 'roleType100', 'base.coderule.ruletype', 'base', 's', NULL, NULL, '2019-03-02 17:01:30', NULL, '127.0.0.1', 0, 0),(3, 1, NULL, 'ATTRIBUTE', 'ruleTypeName', 'roleType100', NULL, 'roleType100', 'roleType100', '8', 'base', 's', NULL, NULL, '2019-03-02 17:04:29', NULL, '127.0.0.1', 0, 0),(4, 7, NULL, 'ruleType-update', 'ruleTypeName-update1', 'typeSql-update', NULL, NULL, NULL, 'plan.project.cpmtype', 'plan', 'COMPLEX_SQL', '2019-03-19 20:51:10', NULL, '2019-03-19 20:51:10', 145, '192.168.3.112', 0, 1),(5, 1, NULL, 'string', 'string', 'string', NULL, 'string', 'string', 'string', 'base', 'string', '2019-03-27 18:21:09', NULL, '2019-03-27 18:21:09', 206, '0:0:0:0:0:0:0:1', 0, 1),(8, 7, NULL, 'ATTRIBUTE', 'ewew4', NULL, NULL, 'TWO', NULL, 'comu.question.type', 'comu', 'SELF', '2019-03-27 19:01:47', NULL, '2019-03-27 19:01:47', 206, '117.89.48.84', 0, 4),(12, 0, NULL, 'ATTRIBUTE', 'string', 'string', 'string', 'string', 'string', 'string', 'string', 'string', '2019-03-28 11:52:23', NULL, '2019-03-28 11:52:23', 206, '0:0:0:0:0:0:0:1', 0, 1),(13, 0, NULL, 'ATTRIBUTE', 'string', 'string', 'string', 'string', 'string', 'string', 'string', 'string', '2019-03-28 12:33:32', NULL, '2019-03-28 12:33:32', 206, '0:0:0:0:0:0:0:1', 0, 2),(14, 0, NULL, 'ATTRIBUTE', 'string', 'string', 'string', 'string', 'string', 'string', 'string', 'string', '2019-03-28 12:38:06', NULL, '2019-03-28 12:38:06', 206, '0:0:0:0:0:0:0:1', 0, 3),(15, 13, NULL, 'ATTRIBUTE', '1111', NULL, NULL, NULL, NULL, 'doc.profession', 'doc', 'COMPLEX_SQL', '2019-03-29 14:45:19', NULL, '2019-03-29 14:45:19', 206, '117.89.48.84', 0, 1),(17, 15, NULL, 'ATTRIBUTE', '恶趣味', '钱钱钱钱钱', NULL, NULL, NULL, 'comu.question.priority', 'comu', 'COMPLEX_SQL', '2019-04-04 10:01:26', NULL, '2019-04-04 10:01:26', 206, '117.89.48.84', 0, 1),(20, 7, NULL, 'ATTRIBUTE', '测试', '测试', NULL, NULL, NULL, 'sys.deliv.type', 'sys', 'COMPLEX_SQL', '2019-04-25 14:41:59', NULL, '2019-04-25 14:41:59', 206, '192.168.3.155', 0, 6),(21, 7, NULL, 'ATTRIBUTE', '测试', NULL, NULL, NULL, NULL, NULL, NULL, 'COMPLEX_SQL', '2019-04-25 14:42:10', NULL, '2019-04-25 14:42:10', 206, '192.168.3.155', 0, 7),(23, 19, NULL, 'ATTRIBUTE', 'AA', '1', NULL, NULL, NULL, NULL, 'plan', 'COMPLEX_SQL', '2019-04-25 06:13:52', NULL, '2019-04-25 06:13:52', 206, '192.168.3.135', 0, 1),(24, 7, NULL, 'ATTRIBUTE', 'aaaa', 'select :null', 'act_ge_property', NULL, NULL, NULL, 'sys', 'SELF', '2019-04-25 07:01:33', NULL, '2019-04-25 07:01:33', 206, '192.168.3.155', 0, 8),(27, 7, NULL, 'ATTRIBUTE', '333', NULL, 'act_hi_comment', 'TYPE_', 'TIME_', 'doc.profession', 'doc', 'TABLE_COLUMN', '2019-04-25 08:53:26', NULL, '2019-04-25 08:53:26', 206, '192.168.3.155', 0, 9),(28, 20, NULL, 'ATTRIBUTE', '规则类型1', 'select ', NULL, NULL, NULL, 'plan.project.cpmtype', 'plan', 'COMPLEX_SQL', '2019-04-25 09:41:23', NULL, '2019-04-25 09:41:23', 206, '192.168.3.101', 0, 1),(29, 20, NULL, 'ATTRIBUTE', '规则类型2', 'select :CREAT_TIME', 'wsd_base_bo', 'CREAT_TIME', NULL, 'plan.task.planlevel', 'plan', 'SELF', '2019-04-25 09:41:56', NULL, '2019-04-25 09:41:56', 206, '192.168.3.101', 0, 2),(31, 7, NULL, 'ATTRIBUTE', '测', 'select :VALUE_', 'act_ge_property', 'VALUE_', NULL, NULL, 'sys', 'SELF', '2019-04-25 22:15:44', NULL, '2019-04-25 22:15:44', 206, '117.89.48.84', 0, 10),(32, 7, NULL, 'ATTRIBUTE', '出错', 'select :EXECUTION_ID_', 'act_hi_actinst', 'EXECUTION_ID_', NULL, NULL, 'comu', 'SELF', '2019-04-26 00:47:21', NULL, '2019-04-26 00:47:21', 206, '192.168.3.155', 0, 11);
UNLOCK TABLES;
COMMIT;
BEGIN;
LOCK TABLES `acm_cloud`.`wsd_base_currency` WRITE;
DELETE FROM `acm_cloud`.`wsd_base_currency`;
INSERT INTO `acm_cloud`.`wsd_base_currency` (`ID`,`CURRENCY_NAME`,`CURRENCY_CODE`,`CURRENCY_SYMBOL`,`BASE_EXCH_RATE`,`CURRENCY_BASE`,`remark`,`LAST_UPD_TIME`,`LAST_UPD_USER`,`CREAT_TIME`,`CREATOR`,`LAST_UPD_IP`,`WSDVER`,`SORT_NUM`) VALUES (52, '美元', 'USD', '$', NULL, 0, '美元', '2019-05-07 00:55:57', 257, '2019-04-12 11:31:35', 206, '114.222.211.209', 0, NULL),(54, '人民币', 'CNY', '￥', NULL, 1, '人民币', '2019-05-07 00:55:57', 257, '2019-04-12 11:46:40', 206, '114.222.211.209', 0, NULL),(56, '欧元', 'EUR', '€', NULL, 0, NULL, '2019-05-07 00:55:57', 257, '2019-04-18 09:54:07', 206, '114.222.211.209', 0, NULL),(57, '泰铢', 'THB', '฿', NULL, 0, NULL, '2019-05-07 00:55:57', 257, '2019-04-18 10:03:33', 206, '114.222.211.209', 0, NULL),(59, '英镑', 'GBP', '£', NULL, 0, NULL, '2019-05-07 00:55:57', 257, '2019-05-05 21:04:46', 206, '114.222.211.209', 0, NULL);
UNLOCK TABLES;
COMMIT;
BEGIN;
LOCK TABLES `acm_cloud`.`wsd_base_dict` WRITE;
DELETE FROM `acm_cloud`.`wsd_base_dict`;
INSERT INTO `acm_cloud`.`wsd_base_dict` (`ID`,`PARENT_ID`,`BO_CODE`,`TYPE_CODE`,`DICT_CODE`,`DICT_NAME`,`REMARK`,`LAST_UPD_TIME`,`LAST_UPD_USER`,`CREAT_TIME`,`CREATOR`,`LAST_UPD_IP`,`WSDVER`,`SORT_NUM`) VALUES (17, 0, NULL, 'string', '12', 'string', 'string', NULL, NULL, '2019-03-09 11:13:41', 128, '0:0:0:0:0:0:0:1', 0, 0),(19, 0, NULL, 'LEVEL_', '3', '二级', '一级备注', NULL, NULL, '2019-03-09 11:18:49', 1, '192.168.3.101', 0, 0),(22, 0, NULL, 'LEVEL_.1.1.1..1', '10', '二级', '一级备注', NULL, NULL, '2019-03-09 11:19:33', 1, '192.168.3.101', 0, 0),(23, 0, NULL, 'LEVEL_', '11', '二级', '一级备注', NULL, NULL, '2019-03-09 11:32:13', 1, '192.168.3.101', 0, 0),(26, 0, NULL, 'LEVEL_', '12', '二级2', '一级备注', NULL, NULL, '2019-03-09 14:10:30', 1, '192.168.3.101', 0, 0),(27, 0, NULL, 'comu.question.type', '1', '技术问题', '技术问题', NULL, NULL, '2019-03-12 18:54:31', NULL, NULL, NULL, NULL),(28, 0, NULL, 'comu.question.type', '2', '数据问题', '数据问题', NULL, NULL, '2019-03-12 18:55:13', NULL, NULL, NULL, NULL),(35, 0, NULL, 'comm.secutylevel', '1', '非密', '非密', NULL, NULL, '2019-03-15 13:52:23', 1, '192.168.3.105', 0, 0),(36, 0, NULL, 'comm.secutylevel', '2', '秘密', '秘密', NULL, NULL, '2019-03-15 13:53:11', 1, '192.168.3.105', 0, 0),(37, 0, NULL, 'comm.secutylevel', '3', '机密', '机密', NULL, NULL, '2019-03-15 13:53:24', 1, '192.168.3.105', 0, 0),(38, 0, NULL, 'sys.user.cardtype', '1', '身份证', '身份证', NULL, NULL, '2019-03-15 13:53:55', 1, '192.168.3.105', 0, 0),(39, 0, NULL, 'sys.user.cardtype', '2', '驾驶证', '驾驶证', NULL, NULL, '2019-03-15 13:54:06', 1, '192.168.3.105', 0, 0),(40, 0, NULL, 'sys.user.cardtype', '3', '护照', '护照', NULL, NULL, '2019-03-15 13:54:24', 1, '192.168.3.105', 0, 0),(42, 0, NULL, 'meeting_type', '1', '项目会议', NULL, NULL, NULL, NULL, NULL, NULL, NULL, NULL),(58, 0, NULL, 'plan.project.cpmtype', 'TF', '总浮时', NULL, '2019-04-26 03:23:23', 206, '2019-03-26 16:16:27', 206, '114.222.211.209', 0, NULL),(59, 0, NULL, 'plan.project.cpmtype', 'FF', '浮时', NULL, '2019-04-29 06:21:54', 206, '2019-03-26 16:17:19', 206, '117.89.23.119', 0, NULL),(62, 0, NULL, 'base.date.type', 'day', '日', NULL, '2019-04-26 03:34:50', 206, '2019-03-26 16:46:54', 206, '114.222.211.209', 0, NULL),(64, 0, NULL, 'base.date.formate', 'yyyy-MM-dd', '年-月-日', NULL, '2019-04-26 03:33:16', 206, '2019-03-26 16:48:19', 206, '114.222.211.209', 0, NULL),(65, 0, NULL, 'base.date.formate', 'MM-dd-yyyy', '月-日-年', NULL, '2019-04-26 03:33:09', 206, '2019-03-26 16:51:10', 206, '114.222.211.209', 0, NULL),(66, 0, NULL, 'base.coderule.connector', '-', '-', '', '2019-03-26 19:27:05', NULL, '2019-03-26 19:27:05', 206, '0:0:0:0:0:0:0:1', 0, NULL),(67, 0, NULL, 'base.coderule.connector', '.', '.', '', '2019-03-26 19:27:20', NULL, '2019-03-26 19:27:20', 206, '0:0:0:0:0:0:0:1', 0, NULL),(68, 0, NULL, 'base.coderule.connector', '/', '/', '', '2019-03-26 19:27:38', NULL, '2019-03-26 19:27:38', 206, '0:0:0:0:0:0:0:1', 0, NULL),(69, 0, NULL, 'base.coderule.connector', 'NULL', '空', '', '2019-03-26 19:27:59', NULL, '2019-03-26 19:27:59', 206, '0:0:0:0:0:0:0:1', 0, NULL),(73, 0, NULL, 'sys.org.level', '1', '一级', NULL, '2019-03-28 13:50:43', NULL, '2019-03-28 13:50:43', 206, '117.89.48.84', 0, NULL),(74, 0, NULL, 'sys.org.level', '2', '二级', NULL, '2019-03-28 13:51:43', NULL, '2019-03-28 13:51:43', 206, '117.89.48.84', 0, NULL),(80, 0, NULL, 'plan.project.timeunit', 'week', '周', NULL, '2019-03-29 16:17:29', 206, NULL, NULL, '127.0.0.1', 0, NULL),(84, 0, NULL, 'plan.project.timeunit', 'hour', '小时', NULL, '2019-03-28 16:05:52', NULL, '2019-03-28 16:05:52', 206, '117.89.48.84', 0, NULL),(85, 0, NULL, 'plan.project.timeunit', 'day', '日', NULL, '2019-04-26 03:35:38', 206, '2019-03-28 16:06:52', 206, '114.222.211.209', 0, NULL),(103, 0, NULL, 'plan.project.taskdrtntype', 'FixedRate', '固定单位时间用量', NULL, '2019-03-28 16:30:25', NULL, '2019-03-28 16:30:25', 206, '117.89.48.84', 0, NULL),(104, 0, NULL, 'plan.project.taskdrtntype', 'FixedDrtn', '固定工期和单位时间用量', NULL, '2019-03-28 16:45:10', NULL, '2019-03-28 16:45:10', 206, '117.89.48.84', 0, NULL),(106, 0, NULL, 'doc.docclassify', '1', '设计文档', NULL, '2019-04-26 03:45:43', 206, NULL, NULL, '114.222.211.209', 0, NULL),(107, 0, NULL, 'doc.docclassify', '2', '需求文档', NULL, '2019-04-26 03:45:47', 206, NULL, NULL, '114.222.211.209', 0, NULL),(108, 0, NULL, 'doc.profession', '1', '需求', NULL, '2019-04-28 02:50:40', 206, NULL, NULL, '114.222.211.209', 0, NULL),(109, 0, NULL, 'doc.profession', '2', 'UE', NULL, '2019-04-26 03:44:12', 206, NULL, NULL, '114.222.211.209', 0, NULL),(113, 0, NULL, 'plan.project.status', 'active', '激活', NULL, '2019-04-28 22:46:28', 206, '2019-03-29 15:05:45', 206, '114.222.211.209', 0, NULL),(120, 0, NULL, 'plan.project.status', 'close', '关闭', NULL, '2019-05-05 20:20:15', 206, '2019-03-29 16:20:38', 206, '114.222.211.209', 0, NULL),(123, 0, NULL, 'rsrc.rsrc.unit', 'tower', '台', NULL, '2019-04-27 21:15:08', 206, '2019-03-29 17:22:33', 206, '114.222.211.209', 0, NULL),(124, 0, NULL, 'rsrc.rsrc.unit', 'hour', '小时', NULL, '2019-04-27 21:11:16', 206, '2019-03-29 17:22:45', 206, '114.222.211.209', 0, NULL),(125, 0, NULL, '12', '1', 'qw1', NULL, '2019-04-01 11:19:24', 206, '2019-04-01 11:19:19', 206, '117.89.48.84', 0, NULL),(127, 0, NULL, 'rsrc.rsrc.status', 'normal', '正常', NULL, '2019-04-01 11:52:20', NULL, '2019-04-01 11:52:20', 206, '117.89.48.84', 0, NULL),(128, 0, NULL, 'rsrc.rsrc.status', 'forbidden', '禁用', NULL, '2019-04-01 11:52:38', NULL, '2019-04-01 11:52:38', 206, '117.89.48.84', 0, NULL),(129, 0, NULL, 'rsrc.rsrc.importance', '3', '高', NULL, '2019-04-01 12:00:00', 206, '2019-04-01 11:59:44', 206, '117.89.48.84', 0, NULL),(130, 0, NULL, 'rsrc.rsrc.importance', '2', '中', NULL, '2019-04-01 11:59:51', NULL, '2019-04-01 11:59:51', 206, '117.89.48.84', 0, NULL),(131, 0, NULL, 'rsrc.rsrc.importance', '1', '低', NULL, '2019-04-01 12:00:11', NULL, '2019-04-01 12:00:11', 206, '117.89.48.84', 0, NULL),(133, 0, NULL, 'plan.define.plantype', '1', '临时计划', NULL, '2019-04-10 18:40:47', 206, '2019-04-01 16:56:21', 206, '117.89.48.84', 0, NULL),(134, 0, NULL, 'plan.define.plantype', '2', '专项', NULL, '2019-04-01 16:56:33', NULL, '2019-04-01 16:56:33', 206, '117.89.48.84', 0, NULL),(135, 0, NULL, 'plan.define.plantype', '3', '年度', NULL, '2019-04-01 16:56:48', NULL, '2019-04-01 16:56:48', 206, '117.89.48.84', 0, NULL),(138, 0, NULL, 'plan.define.baselinetype', '2', '合同基线', NULL, '2019-04-03 11:34:00', NULL, '2019-04-03 11:34:00', 206, '117.89.48.84', 0, NULL),(139, 0, NULL, 'plan.define.baselinetype', '1', '进度基线', NULL, '2019-04-03 11:35:13', NULL, '2019-04-03 11:35:13', 206, '117.89.48.84', 0, NULL),(140, 0, NULL, 'comu.question.type', '3', '项目问题', '项目问题', '2019-04-03 18:48:32', NULL, '2019-04-03 18:48:32', 206, '117.89.48.84', 0, NULL),(141, 0, NULL, 'comu.question.type', '4', '人事问题', '人事问题', '2019-04-03 18:48:38', NULL, '2019-04-03 18:48:38', 206, '117.89.48.84', 0, NULL),(142, 0, NULL, 'comu.question.priority', '1', '高', NULL, '2019-04-03 18:48:50', NULL, '2019-04-03 18:48:50', 206, '117.89.48.84', 0, NULL),(143, 0, NULL, 'comu.question.priority', '2', '中', NULL, '2019-04-03 18:48:58', NULL, '2019-04-03 18:48:58', 206, '117.89.48.84', 0, NULL),(144, 0, NULL, 'comu.question.priority', '3', '低', NULL, '2019-04-03 18:49:06', NULL, '2019-04-03 18:49:06', 206, '117.89.48.84', 0, NULL),(145, 0, NULL, 'plan.define.taskfinishtype', '1', '工期', NULL, '2019-04-03 19:06:58', 206, '2019-04-03 19:06:41', 206, '117.89.48.84', 0, NULL),(146, 0, NULL, 'plan.define.taskfinishtype', '2', '实际', NULL, '2019-04-03 19:07:09', NULL, '2019-04-03 19:07:09', 206, '117.89.48.84', 0, NULL),(147, 0, NULL, 'plan.define.taskfinishtype', '3', '数量', NULL, '2019-04-03 19:07:21', NULL, '2019-04-03 19:07:21', 206, '117.89.48.84', 0, NULL),(158, 0, NULL, 'rsrc.role.type', 'cai', '材料', NULL, '2019-04-08 16:29:26', NULL, '2019-04-08 16:29:26', 206, '117.89.48.84', 0, NULL),(159, 0, NULL, 'rsrc.role.type', 'ren', '人工', NULL, '2019-04-08 16:30:47', 206, '2019-04-08 16:29:34', 206, '117.89.48.84', 0, NULL),(162, 0, NULL, 'rsrc.role.type', '1', '1', NULL, '2019-04-08 16:31:07', NULL, '2019-04-08 16:31:07', 206, '117.89.48.84', 0, NULL),(163, 0, NULL, '222', 'a', 'a', NULL, '2019-04-08 16:37:05', NULL, '2019-04-08 16:37:05', 206, '117.89.48.84', 0, NULL),(164, 0, NULL, '222', 'b', 'b', NULL, '2019-04-08 16:37:13', NULL, '2019-04-08 16:37:13', 206, '117.89.48.84', 0, NULL),(165, 0, NULL, '222', 'c', 'c', NULL, '2019-04-08 16:37:22', NULL, '2019-04-08 16:37:22', 206, '117.89.48.84', 0, NULL),(166, 0, NULL, '1', 'base.tmpldoc.doctype', '合同模板文件', NULL, '2019-04-08 17:31:33', NULL, '2019-04-08 17:31:33', 206, '127.0.0.1', 0, NULL),(167, 0, NULL, '2', 'base.tmpldoc.doctype', '计划模板文件', NULL, '2019-04-08 17:31:48', NULL, '2019-04-08 17:31:48', 206, '127.0.0.1', 0, NULL),(168, 0, NULL, 'base.tmpldoc.doctype', '2', '计划模板文件', NULL, '2019-04-08 17:33:52', NULL, '2019-04-08 17:33:52', 206, '127.0.0.1', 0, NULL),(169, 0, NULL, 'base.tmpldoc.doctype', '1', '合同模板文件', NULL, '2019-04-08 17:34:14', NULL, '2019-04-08 17:34:14', 206, '127.0.0.1', 0, NULL),(170, 0, NULL, 'plan.task.planlevel', '1', '一级', NULL, '2019-04-10 18:40:59', 206, '2019-04-09 15:05:32', 206, '117.89.48.84', 0, NULL),(171, 0, NULL, 'plan.project.tasktype', '1', '作业任务', NULL, '2019-04-26 07:59:17', 206, '2019-04-09 19:40:02', 206, '114.222.211.209', 0, NULL),(174, 0, NULL, 'plan.project.tasktype', '2', '开始里程碑', NULL, '2019-04-26 07:59:48', 206, '2019-04-10 18:39:12', 206, '114.222.211.209', 0, NULL),(175, 0, NULL, 'plan.project.tasktype', '3', '完成里程碑', NULL, '2019-04-26 07:59:54', 206, '2019-04-10 18:39:33', 206, '114.222.211.209', 0, NULL),(176, 0, NULL, 'plan.project.tasktype', '4', '资源任务', NULL, '2019-04-26 07:59:58', 206, '2019-04-10 18:40:23', 206, '114.222.211.209', 0, NULL),(177, 0, NULL, 'plan.task.planlevel', '2', '二级', NULL, '2019-04-10 18:41:06', NULL, '2019-04-10 18:41:06', 206, '117.89.48.84', 0, NULL),(178, 0, NULL, 'plan.task.planlevel', '3', '三级', NULL, '2019-04-28 23:11:28', 206, '2019-04-10 18:41:39', 206, '117.89.23.119', 0, NULL),(196, 0, NULL, 'delv.project.type', '1', '科研项目1', NULL, '2019-04-26 08:23:54', 206, '2019-04-11 20:13:32', 206, '114.222.211.209', 0, NULL),(197, 0, NULL, 'delv.project.type', '2', '预研项目1', NULL, '2019-04-26 08:23:51', 206, '2019-04-12 11:04:53', 206, '114.222.211.209', 0, NULL),(198, 0, NULL, 'delv.project.type', '3', '其他项目1', NULL, '2019-04-26 08:23:48', 206, '2019-04-12 11:05:13', 206, '114.222.211.209', 0, NULL),(199, 0, NULL, 'plan.delv.type', '1', '文件', NULL, '2019-04-27 02:52:17', 206, '2019-04-12 11:05:32', 206, '192.168.3.101', 0, NULL),(200, 0, NULL, 'plan.delv.type', '2', '数据模型', NULL, '2019-04-26 07:06:12', 206, '2019-04-12 11:05:41', 206, '114.222.211.209', 0, NULL),(201, 0, NULL, 'news.claimdealtype', 'inXXbeforehf', '在...之前回复', NULL, NULL, NULL, NULL, NULL, NULL, NULL, NULL),(202, 0, NULL, 'news.claimdealtype', 'inXXbeforetyj', '在...之前提意见', NULL, NULL, NULL, NULL, NULL, NULL, NULL, NULL),(203, 0, NULL, 'news.newstype', '1', '技术建议', NULL, NULL, NULL, NULL, NULL, NULL, NULL, NULL),(204, 0, NULL, 'news.newstype', '2', '技术联系单', NULL, NULL, NULL, NULL, NULL, NULL, NULL, NULL),(207, 0, NULL, 'sys.message.reply.type', 'INXXBEFOREHF', '在...之前回复', NULL, '2019-04-17 16:04:39', NULL, '2019-04-17 16:04:39', 206, '117.89.48.84', 0, NULL),(208, 0, NULL, 'sys.message.reply.type', 'INXXBEFOREPZ', '在...之前批准', NULL, '2019-04-17 16:04:56', NULL, '2019-04-17 16:04:56', 206, '117.89.48.84', 0, NULL),(209, 0, NULL, 'sys.message.reply.type', 'INXXBEFORETYJ', '在...之前提意见', NULL, '2019-04-17 16:05:19', NULL, '2019-04-17 16:05:19', 206, '117.89.48.84', 0, NULL),(210, 0, NULL, 'sys.message.reply.type', 'INXXBEFOREXGTJ', '在...之前修改并提交', NULL, '2019-04-17 16:05:36', NULL, '2019-04-17 16:05:36', 206, '117.89.48.84', 0, NULL),(211, 0, NULL, 'sys.message.reply.type', 'INXXBEFORETJBJ', '在...之前提交并报价', NULL, '2019-04-17 16:05:52', NULL, '2019-04-17 16:05:52', 206, '117.89.48.84', 0, NULL),(212, 0, NULL, 'sys.message.reply.type', 'INXXBEFOREJF', '于...之前根据图纸制造并交付', NULL, '2019-04-17 16:06:17', NULL, '2019-04-17 16:06:17', 206, '117.89.48.84', 0, NULL),(213, 0, NULL, 'sys.message.reply.type', 'INXXBEFOREZBJZ', '于...之前招标截至', NULL, '2019-04-17 16:06:33', NULL, '2019-04-17 16:06:33', 206, '117.89.48.84', 0, NULL),(214, 0, NULL, 'sys.message.reply.type', 'INXXBEFOREGZSD', '于...之前告知收到', NULL, '2019-04-17 16:06:47', NULL, '2019-04-17 16:06:47', 206, '117.89.48.84', 0, NULL),(215, 0, NULL, 'base.tmpldoc.biztype', 'cn', '合同', NULL, '2019-04-22 11:08:20', NULL, '2019-04-22 11:08:20', 206, '117.89.48.84', 0, NULL),(216, 0, NULL, 'base.tmpldoc.biztype', 'qual', '质量', NULL, '2019-04-22 11:08:38', NULL, '2019-04-22 11:08:38', 206, '117.89.48.84', 0, NULL),(217, 0, NULL, 'comu.meeting.type', '1', '项目会议', NULL, NULL, NULL, NULL, NULL, NULL, NULL, NULL),(218, 0, NULL, 'comu.meeting.type', '2', '人事会议', NULL, NULL, NULL, NULL, NULL, NULL, NULL, NULL),(219, 0, NULL, 'base.date.formate', 'yyyy-MM-DD HH:mm', '年-月-日 时:分', NULL, '2019-04-26 03:33:01', NULL, '2019-04-26 03:33:01', 206, '114.222.211.209', 0, NULL),(220, 0, NULL, 'base.date.type', 'hour', '小时', NULL, '2019-04-26 20:31:31', 206, '2019-04-26 03:34:05', 206, '114.222.211.209', 0, NULL),(221, 0, NULL, 'base.date.type', 'week', '周', NULL, '2019-04-26 20:31:27', 206, '2019-04-26 03:34:34', 206, '114.222.211.209', 0, NULL),(222, 0, NULL, 'sys.org.level', '3', '三级', NULL, '2019-04-26 03:40:53', NULL, '2019-04-26 03:40:53', 206, '114.222.211.209', 0, NULL),(223, 0, NULL, 'doc.profession', '3', '架构', NULL, '2019-04-26 03:44:49', NULL, '2019-04-26 03:44:49', 206, '114.222.211.209', 0, NULL),(224, 0, NULL, 'doc.profession', '4', '编程', NULL, '2019-04-26 03:45:01', NULL, '2019-04-26 03:45:01', 206, '114.222.211.209', 0, NULL),(225, 0, NULL, 'doc.profession', '5', '测试', NULL, '2019-04-26 03:45:08', NULL, '2019-04-26 03:45:08', 206, '114.222.211.209', 0, NULL),(226, 0, NULL, 'doc.docclassify', '3', '开发文档', NULL, '2019-04-26 03:45:58', NULL, '2019-04-26 03:45:58', 206, '114.222.211.209', 0, NULL),(227, 0, NULL, 'doc.docclassify', '4', '测试文档', NULL, '2019-04-26 03:46:04', NULL, '2019-04-26 03:46:04', 206, '114.222.211.209', 0, NULL),(230, 229, NULL, 'plan.delv.type', '3', '实体', NULL, '2019-04-27 02:53:09', NULL, '2019-04-27 02:53:09', 206, '192.168.3.101', 0, NULL),(239, 0, NULL, 'doc.docclassify', '5', '其他', NULL, '2019-04-29 09:17:48', 206, '2019-04-29 09:17:26', 206, '114.222.211.209', 0, NULL),(240, 0, NULL, 'plan.time.type', 'yyyy-MM-dd', '年-月-日', NULL, '2019-04-29 20:44:10', NULL, '2019-04-29 20:44:10', 206, '114.222.211.209', 0, NULL),(241, 0, NULL, 'wf.processtype', '6', '计划发布', NULL, '2019-04-30 01:54:44', NULL, '2019-04-30 01:54:44', 206, '192.168.3.169', 0, NULL),(242, 0, NULL, 'wf.processtype', '5', '项目会议发布', NULL, '2019-04-30 01:55:01', NULL, '2019-04-30 01:55:01', 206, '192.168.3.169', 0, NULL),(243, 0, NULL, 'comm.i18n', 'zh_CN', '中文', NULL, '2019-05-05 03:36:15', NULL, '2019-05-05 03:36:15', 206, '192.168.3.106', 0, NULL),(244, 0, NULL, 'comm.i18n', 'en_US', '英文', NULL, '2019-05-05 03:36:24', NULL, '2019-05-05 03:36:24', 206, '192.168.3.106', 0, NULL);
UNLOCK TABLES;
COMMIT;
BEGIN;
LOCK TABLES `acm_cloud`.`wsd_base_dict_type` WRITE;
DELETE FROM `acm_cloud`.`wsd_base_dict_type`;
INSERT INTO `acm_cloud`.`wsd_base_dict_type` (`ID`,`BO_CODE`,`TYPE_NAME`,`TYPE_CODE`,`LAST_UPD_TIME`,`LAST_UPD_USER`,`CREAT_TIME`,`CREATOR`,`LAST_UPD_IP`,`WSDVER`,`SORT_NUM`) VALUES (40, 'plan', '项目-关键路径', 'plan.project.cpmtype', '2019-04-11 16:03:03', 206, NULL, NULL, '117.89.48.84', 0, NULL),(43, 'plan', '任务-计划级别', 'plan.task.planlevel', '2019-03-16 14:48:01', 164, NULL, NULL, '58.213.76.98', 0, NULL),(45, 'plan', '项目-工期类型', 'plan.project.taskdrtntype', '2019-03-28 16:04:42', 206, NULL, NULL, '117.89.48.84', 0, NULL),(47, 'base', '编码规则-规则类型', 'base.coderule.ruletype', NULL, NULL, '2019-03-09 17:17:31', 1, '192.168.3.101', 0, 0),(48, 'base', '编码规则-属性类型', 'base.coderule.attributetype', '2019-03-21 15:32:24', 164, '2019-03-09 17:18:39', 1, '58.213.76.98', 0, 0),(49, 'base', '编码规则-连接符', 'base.coderule.connector', NULL, NULL, '2019-03-09 17:20:10', 1, '192.168.3.101', 0, 0),(52, 'doc', '文档分类', 'doc.docclassify', NULL, NULL, '2019-03-09 17:31:08', 1, '192.168.3.101', 0, 0),(53, 'doc', '文档专业', 'doc.profession', NULL, NULL, '2019-03-09 17:31:39', 1, '192.168.3.101', 0, 0),(55, 'comm', '密级', 'comm.secutylevel', NULL, NULL, '2019-03-09 17:38:28', 1, '192.168.3.101', 0, 0),(56, 'comu', '项目问题-问题类型', 'comu.question.type', NULL, NULL, '2019-03-10 15:11:01', 1, '192.168.3.101', 0, 0),(57, 'comu', '项目问题-问题优先级', 'comu.question.priority', NULL, NULL, '2019-03-10 15:11:01', 1, '192.168.3.101', 0, 0),(59, 'sys', '用户-证件类型', 'sys.user.cardtype', NULL, NULL, '2019-03-15 13:49:10', 1, '192.168.3.105', 0, 0),(79, 'plan', '工期单位', 'base.date.type', '2019-03-28 16:04:36', 206, '2019-03-26 16:41:52', 206, '117.89.48.84', 0, NULL),(80, 'plan', '日期格式', 'base.date.formate', '2019-03-26 16:42:16', NULL, '2019-03-26 16:42:16', 206, '49.77.234.134', 0, NULL),(88, 'sys', '机构等级', 'sys.org.level', '2019-03-28 13:49:00', NULL, '2019-03-28 13:49:00', 206, '117.89.48.84', 0, NULL),(91, 'plan', '项目-工时单位', 'plan.project.timeunit', NULL, NULL, NULL, NULL, NULL, NULL, NULL),(94, 'plan', '项目-状态', 'plan.project.status', '2019-03-29 15:04:56', NULL, '2019-03-29 15:04:56', 206, '117.89.48.84', 0, NULL),(95, 'rsrc', '角色类别', 'rsrc.role.type', '2019-03-29 17:17:18', NULL, '2019-03-29 17:17:18', 206, '117.89.48.84', 0, NULL),(96, 'rsrc', '计量单位', 'rsrc.rsrc.unit', '2019-03-29 17:18:51', NULL, '2019-03-29 17:18:51', 206, '117.89.48.84', 0, NULL),(98, 'rsrc', '状态', 'rsrc.rsrc.status', '2019-04-01 11:50:51', NULL, '2019-04-01 11:50:51', 206, '117.89.48.84', 0, NULL),(99, 'rsrc', '重要度', 'rsrc.rsrc.importance', '2019-04-01 11:59:31', NULL, '2019-04-01 11:59:31', 206, '117.89.48.84', 0, NULL),(100, 'plan', '计划-计划类型', 'plan.define.plantype', '2019-04-01 16:56:02', NULL, '2019-04-01 16:56:02', 206, '117.89.48.84', 0, NULL),(101, 'plan', '计划定义-基线类型', 'plan.define.baselinetype', '2019-04-03 11:32:58', NULL, '2019-04-03 11:32:58', 206, '117.89.48.84', 0, NULL),(102, 'plan', '任务完成%类型', 'plan.define.taskfinishtype', '2019-04-03 19:06:26', NULL, '2019-04-03 19:06:26', 206, '117.89.48.84', 0, NULL),(104, 'base', '文档模板-文档类别', 'base.tmpldoc.doctype', '2019-04-08 17:20:00', NULL, '2019-04-08 17:20:00', 206, '117.89.48.84', 0, NULL),(105, 'plan', '任务-作业类型', 'plan.project.tasktype', '2019-04-09 16:36:25', NULL, '2019-04-09 16:36:25', 206, '117.89.48.84', 0, NULL),(108, 'plan', '交付物-项目类型', 'delv.project.type', '2019-04-10 13:56:53', NULL, '2019-04-10 13:56:53', 206, '117.89.48.84', 0, NULL),(113, 'plan', '交付物-类别', 'plan.delv.type', '2019-04-11 20:21:31', NULL, '2019-04-11 20:21:31', 206, '117.89.48.84', 0, NULL),(114, 'sys', '消息-需要回复类型', 'sys.message.reply.type', '2019-04-17 16:03:50', NULL, '2019-04-17 16:03:50', 206, '117.89.48.84', 0, NULL),(116, 'base', '文档模板-业务对象', 'base.tmpldoc.biztype', '2019-04-22 11:08:02', NULL, '2019-04-22 11:08:02', 206, '117.89.48.84', 0, NULL),(117, 'comu', '会议管理-问题类型', 'comu.meeting.type', '2019-04-23 10:02:01', NULL, '2019-04-23 10:02:01', 206, '117.89.48.84', 0, NULL),(125, 'plan', '工时单位', 'plan.time.type', '2019-04-29 20:43:27', 206, '2019-04-29 20:41:31', 206, '114.222.211.209', 0, NULL),(126, 'comm', '流程类型', 'wf.processtype', '2019-04-30 01:53:17', 206, '2019-04-30 01:53:03', 206, '192.168.3.169', 0, NULL),(127, 'comm', '国际化', 'comm.i18n', '2019-05-05 03:36:00', NULL, '2019-05-05 03:36:00', 206, '192.168.3.106', 0, NULL);
UNLOCK TABLES;
COMMIT;
BEGIN;
LOCK TABLES `acm_cloud`.`wsd_base_set` WRITE;
DELETE FROM `acm_cloud`.`wsd_base_set`;
INSERT INTO `acm_cloud`.`wsd_base_set` (`ID`,`BO_CODE`,`bs_key`,`bs_value`,`LAST_UPD_TIME`,`LAST_UPD_USER`,`CREAT_TIME`,`CREATOR`,`LAST_UPD_IP`,`WSDVER`,`SORT_NUM`) VALUES (1, 'boCode100', 'setKey100', 'setString100', NULL, NULL, '2019-02-26 15:15:56', 0, '127.0.0.1', 0, 0),(2, 'boCode200', 'setKey200', 'setString200', NULL, NULL, '2019-02-26 15:16:01', 0, '127.0.0.1', 0, 0),(3, 'TmmManage', 'isopen', '0', NULL, NULL, '2019-03-18 16:47:00', 1, '128.0.0.1', 0, 1),(40, 'time', 'timeUnit', 'hour', '2019-05-07 11:37:43', 206, '2019-03-19 20:18:10', 164, '192.168.3.183', 0, NULL),(41, 'time', 'drtnUnit', 'day', '2019-05-07 11:37:43', 206, '2019-03-19 20:18:10', 164, '192.168.3.183', 0, NULL),(42, 'time', 'dateFormat', 'yyyy-MM-DD HH:mm', '2019-05-07 11:37:43', 206, '2019-03-19 20:18:10', 164, '192.168.3.183', 0, NULL),(43, 'doc', 'uploadMax', '1456.0', '2019-05-06 18:03:42', 206, '2019-03-19 20:22:12', 164, '192.168.3.135', 0, NULL),(44, 'doc', 'banFileType', '[pn]', '2019-05-06 18:03:42', 206, '2019-03-19 20:22:12', 164, '192.168.3.135', 0, NULL),(45, 'project', 'taskDrtnType', 'FixedDrtn', '2019-05-06 17:47:51', 206, '2019-03-19 20:23:25', 164, '192.168.3.135', 0, NULL),(46, 'project', 'cpmType', 'TF', '2019-05-06 17:47:51', 206, '2019-03-19 20:23:26', 164, '192.168.3.135', 0, NULL),(47, 'project', 'cpmFloat', '1199.0', '2019-05-06 17:47:51', 206, '2019-03-19 20:23:26', 164, '192.168.3.135', 0, NULL),(48, 'project', 'enableProjectTeam', '1', '2019-05-06 17:47:51', 206, '2019-03-19 20:23:26', 164, '192.168.3.135', 0, NULL),(49, 'project', 'shareWbs', '1', '2019-05-06 17:47:51', 206, '2019-03-19 20:23:26', 164, '192.168.3.135', 0, NULL),(50, 'project', 'message', '1', '2019-05-06 17:47:51', 206, '2019-03-19 20:23:26', 164, '192.168.3.135', 0, NULL),(51, 'doc', 'I', 'null', '2019-04-25 20:46:48', 206, '2019-04-25 20:46:28', 206, '117.89.48.84', 0, NULL),(52, 'doc', 'ALLATORIxDEMO', 'null', '2019-04-29 23:53:38', 206, '2019-04-25 20:46:28', 206, '114.222.211.209', 0, NULL),(53, 'project', 'K', 'null', '2019-04-29 09:31:54', 206, '2019-04-26 01:43:52', 206, '114.222.211.209', 0, NULL),(54, 'project', 'e', 'null', '2019-04-26 03:55:57', 206, '2019-04-26 01:43:53', 206, '114.222.211.209', 0, NULL),(55, 'project', 'D', 'null', '2019-04-29 09:31:54', 206, '2019-04-26 01:43:53', 206, '114.222.211.209', 0, NULL),(56, 'project', 'l', 'null', '2019-04-29 21:46:26', 206, '2019-04-26 01:43:53', 206, '114.222.211.209', 0, NULL),(57, 'project', 'creator', 'null', '2019-04-26 03:55:57', 206, '2019-04-26 01:43:53', 206, '114.222.211.209', 0, NULL),(58, 'project', 'ALLATORIxDEMO', 'null', '2019-04-29 21:46:26', 206, '2019-04-26 01:43:53', 206, '114.222.211.209', 0, NULL),(59, 'doc', 'creator', 'null', '2019-04-26 03:56:11', 206, '2019-04-26 03:14:51', 206, '114.222.211.209', 0, NULL),(60, 'time', 'l', 'null', '2019-04-29 22:18:33', 206, '2019-04-26 03:24:48', 206, '114.222.211.209', 0, NULL),(61, 'time', 'creator', 'null', '2019-04-26 03:34:41', 206, '2019-04-26 03:24:48', 206, '114.222.211.209', 0, NULL),(62, 'time', 'ALLATORIxDEMO', 'null', '2019-04-29 23:02:40', 206, '2019-04-26 03:24:48', 206, '114.222.211.209', 0, NULL),(63, 'doc', 'G', 'null', '2019-04-29 09:20:08', 206, '2019-04-29 09:18:31', 206, '114.222.211.209', 0, NULL),(64, 'project', 'E', 'null', '2019-04-29 09:31:54', 206, '2019-04-29 09:24:57', 206, '114.222.211.209', 0, NULL),(65, 'project', 'F', 'null', '2019-04-29 21:46:26', 206, '2019-04-29 09:24:57', 206, '114.222.211.209', 0, NULL),(66, 'project', 'G', 'null', '2019-04-29 09:31:54', 206, '2019-04-29 09:24:57', 206, '114.222.211.209', 0, NULL),(67, 'project', 'j', 'null', '2019-04-29 21:46:26', 206, '2019-04-29 21:45:27', 206, '114.222.211.209', 0, NULL),(68, 'project', 'f', 'null', '2019-04-29 21:46:26', 206, '2019-04-29 21:45:27', 206, '114.222.211.209', 0, NULL),(69, 'project', 'k', 'null', '2019-04-29 21:46:26', 206, '2019-04-29 21:45:27', 206, '114.222.211.209', 0, NULL),(70, 'time', 'k', 'null', '2019-04-29 22:18:33', 206, '2019-04-29 21:45:37', 206, '114.222.211.209', 0, NULL),(71, 'time', 'a', 'null', '2019-04-29 23:02:40', 206, '2019-04-29 22:33:26', 206, '114.222.211.209', 0, NULL),(72, 'time', 'e', 'null', '2019-04-29 23:02:40', 206, '2019-04-29 22:33:26', 206, '114.222.211.209', 0, NULL),(73, 'doc', 'e', 'null', '2019-04-29 23:53:38', 206, '2019-04-29 22:51:31', 206, '114.222.211.209', 0, NULL);
UNLOCK TABLES;
COMMIT;
BEGIN;
LOCK TABLES `acm_cloud`.`wsd_base_time` WRITE;
DELETE FROM `acm_cloud`.`wsd_base_time`;
INSERT INTO `acm_cloud`.`wsd_base_time` (`ID`,`TIME_NAME`,`TIME_WH`,`TIME_DRTN`,`TIME_FORMAT`,`IS_GLOBAL`,`LAST_UPD_TIME`,`LAST_UPD_USER`,`CREAT_TIME`,`CREATOR`,`LAST_UPD_IP`,`WSDVER`,`SORT_NUM`) VALUES (1, '1', '1', '1', '1', '1', '1900-01-01 00:00:00', NULL, '2019-01-21 20:28:24', 1, NULL, NULL, NULL);
UNLOCK TABLES;
COMMIT;
BEGIN;
LOCK TABLES `acm_cloud`.`wsd_base_tmpldelv` WRITE;
DELETE FROM `acm_cloud`.`wsd_base_tmpldelv`;
INSERT INTO `acm_cloud`.`wsd_base_tmpldelv` (`ID`,`TYPE_ID`,`PARENT_ID`,`DELV_TITLE`,`DELV_NUM`,`DELV_VERSION`,`DELV_TYPE`,`DELV_DESC`,`TYPE`,`LAST_UPD_TIME`,`LAST_UPD_USER`,`CREAT_TIME`,`CREATOR`,`LAST_UPD_IP`,`WSDVER`,`SORT_NUM`) VALUES (4, 2, NULL, 'delvTitle100', 'delvNum100', 'delvVersion100', NULL, NULL, 'pbs', NULL, NULL, '2019-02-28 20:38:25', NULL, '127.0.0.1', 0, 0),(34, 13, 0, '经营管理', '001', NULL, '2', NULL, 'pbs', '2019-04-26 02:39:48', 206, '2019-04-25 08:15:48', 206, '114.222.211.209', 0, NULL),(36, 13, 34, '经营计划定义', '00101', NULL, '1', '经营计划定义', 'pbs', '2019-04-26 02:39:56', 206, '2019-04-25 08:16:21', 206, '114.222.211.209', 0, NULL),(37, 13, 36, '概要设计', 'SJ01', NULL, '2', NULL, 'delv', '2019-04-26 02:40:20', 206, '2019-04-25 08:17:59', 206, '114.222.211.209', 0, NULL),(47, 14, 0, 'dfdf', 'dd', NULL, '2', 'dd', 'pbs', '2019-04-26 23:05:26', 206, '2019-04-26 02:52:32', 206, '192.168.3.135', 0, NULL),(49, 14, 47, 'vcv', 'cv', NULL, '1', NULL, 'delv', '2019-04-26 02:53:41', 206, '2019-04-26 02:53:14', 206, '114.222.211.209', 0, NULL),(52, 13, 36, '详细设计', 'XXSJ', NULL, NULL, NULL, 'delv', '2019-04-26 04:27:27', 206, '2019-04-26 04:27:15', 206, '114.222.211.209', 0, NULL),(55, 14, 0, '11', '11', NULL, '1', '11', 'pbs', '2019-04-26 08:49:56', NULL, '2019-04-26 08:49:56', 206, '114.222.211.209', 0, NULL),(56, 13, 0, '策划管理', '002', NULL, '1', NULL, 'pbs', '2019-04-26 09:14:38', NULL, '2019-04-26 09:14:38', 206, '114.222.211.209', 0, NULL),(57, 13, 34, '经验计划编制', '00102', NULL, '2', NULL, 'pbs', '2019-04-26 09:15:45', NULL, '2019-04-26 09:15:45', 206, '114.222.211.209', 0, NULL),(58, 13, 0, '计划管理1', '0031', NULL, NULL, NULL, 'pbs', '2019-04-26 09:18:56', 206, '2019-04-26 09:16:36', 206, '114.222.211.209', 0, NULL),(59, 13, 34, '经营计划反馈', '00103', NULL, NULL, NULL, 'pbs', '2019-04-26 09:16:57', NULL, '2019-04-26 09:16:57', 206, '114.222.211.209', 0, NULL),(60, 13, 57, '需求方案', '111', NULL, NULL, NULL, 'delv', '2019-04-26 09:18:05', NULL, '2019-04-26 09:18:05', 206, '114.222.211.209', 0, NULL),(61, 13, 57, '1111', '111111', NULL, '1', NULL, 'delv', '2019-04-26 09:18:23', NULL, '2019-04-26 09:18:23', 206, '114.222.211.209', 0, NULL),(62, 14, 55, 'd\'f', '  ', NULL, '1', NULL, 'pbs', '2019-04-26 09:25:05', NULL, '2019-04-26 09:25:05', 206, '114.222.211.209', 0, NULL),(63, 14, 55, 'd\'d', '  得到', NULL, '2', NULL, 'pbs', '2019-04-26 09:28:54', NULL, '2019-04-26 09:28:54', 206, '114.222.211.209', 0, NULL),(64, 14, 55, 'ww', 'w', NULL, '1', 'w', 'pbs', '2019-04-26 09:29:24', NULL, '2019-04-26 09:29:24', 206, '114.222.211.209', 0, NULL),(65, 14, 62, '11', '1', NULL, '1', '11', 'pbs', '2019-04-26 20:06:54', NULL, '2019-04-26 20:06:54', 206, '114.222.211.209', 0, NULL),(67, 14, 55, 'dsd', 'ss', NULL, '2', 'ss', 'delv', '2019-04-26 20:09:10', 206, '2019-04-26 20:09:01', 206, '114.222.211.209', 0, NULL),(68, 14, 0, '22', '22', NULL, '1', '111', 'pbs', '2019-04-26 21:54:54', NULL, '2019-04-26 21:54:54', 206, '114.222.211.209', 0, NULL),(73, 14, 47, 'tr', 'dfd', NULL, '1', NULL, 'delv', '2019-04-26 22:49:07', NULL, '2019-04-26 22:49:07', 206, '114.222.211.209', 0, NULL);
UNLOCK TABLES;
COMMIT;
BEGIN;
LOCK TABLES `acm_cloud`.`wsd_base_tmpldelv_type` WRITE;
DELETE FROM `acm_cloud`.`wsd_base_tmpldelv_type`;
INSERT INTO `acm_cloud`.`wsd_base_tmpldelv_type` (`ID`,`TYPE_TITLE`,`TYPE_NUM`,`TYPE_VERSION`,`TYPE_TYPE`,`TYPE_DESC`,`LAST_UPD_TIME`,`LAST_UPD_USER`,`CREAT_TIME`,`CREATOR`,`LAST_UPD_IP`,`WSDVER`,`SORT_NUM`) VALUES (13, '软件开发项目', 'PD001', '1.0', '1', '', '2019-04-25 08:09:36', 206, '2019-04-25 08:06:55', 206, '117.89.48.84', 0, NULL),(14, '软件实施项目', 'SS', '1.0', '2', NULL, '2019-04-27 04:28:48', 206, '2019-04-25 08:07:14', 206, '117.89.23.119', 0, NULL);
UNLOCK TABLES;
COMMIT;
BEGIN;
LOCK TABLES `acm_cloud`.`wsd_base_tmpldoc` WRITE;
DELETE FROM `acm_cloud`.`wsd_base_tmpldoc`;
INSERT INTO `acm_cloud`.`wsd_base_tmpldoc` (`ID`,`DOC_TITLE`,`DOC_NUM`,`DOC_VERSION`,`FILE_ID`,`DOC_OBJECT`,`IS_USE`,`profession`,`secuty_level`,`author`,`doc_classify`,`LAST_UPD_TIME`,`LAST_UPD_USER`,`CREAT_TIME`,`CREATOR`,`LAST_UPD_IP`,`WSDVER`,`SORT_NUM`) VALUES (15, '需求分析报告', '001', '1.0', 376, 'cn', NULL, '4', '2', 'XX', '2', '2019-04-30 02:22:52', 206, '2019-04-26 08:27:21', 206, '117.89.23.119', 0, NULL);
UNLOCK TABLES;
COMMIT;
BEGIN;
LOCK TABLES `acm_cloud`.`wsd_base_tmplfile` WRITE;
DELETE FROM `acm_cloud`.`wsd_base_tmplfile`;
UNLOCK TABLES;
COMMIT;
BEGIN;
LOCK TABLES `acm_cloud`.`wsd_base_tmplplan` WRITE;
DELETE FROM `acm_cloud`.`wsd_base_tmplplan`;
INSERT INTO `acm_cloud`.`wsd_base_tmplplan` (`ID`,`TMPL_CODE`,`TMPL_NAME`,`IS_GLOBAL`,`STATUS`,`LAST_UPD_TIME`,`LAST_UPD_USER`,`CREAT_TIME`,`CREATOR`,`LAST_UPD_IP`,`WSDVER`,`SORT_NUM`) VALUES (37, NULL, 'test', 1, NULL, '2019-04-26 08:02:23', NULL, '2019-04-26 08:02:23', 206, '192.168.3.135', 0, NULL),(42, NULL, 'tesdt', 1, NULL, '2019-05-06 20:25:25', NULL, '2019-05-06 20:25:25', 206, '114.222.211.209', 0, NULL),(43, NULL, '苏轨院计划模板', 1, NULL, '2019-05-06 21:28:57', NULL, '2019-05-06 21:28:57', 206, '114.222.211.209', 0, NULL);
UNLOCK TABLES;
COMMIT;
BEGIN;
LOCK TABLES `acm_cloud`.`wsd_base_tmpltask` WRITE;
DELETE FROM `acm_cloud`.`wsd_base_tmpltask`;
INSERT INTO `acm_cloud`.`wsd_base_tmpltask` (`ID`,`TMPL_ID`,`PARENT_ID`,`TASK_CODE`,`TASK_NAME`,`PLAN_DRTN`,`PLAN_QTY`,`PLAN_TYPE`,`PLAN_LEVEL`,`IS_FEEDBACK`,`CONTROL_ACCOUNT`,`TASK_TYPE`,`DRTN_TYPE`,`REMARK`,`STATUS`,`LAST_UPD_TIME`,`LAST_UPD_USER`,`CREAT_TIME`,`CREATOR`,`LAST_UPD_IP`,`WSDVER`,`SORT_NUM`) VALUES (13, 1, 12, 'string1', 'string1', 0.0000, 0.0000, 'string1', 0, NULL, NULL, 'string1', 'string1', 'string1', NULL, '2019-04-09 14:15:09', 206, NULL, NULL, '127.0.0.1', 0, NULL),(44, 27, 0, '24', '个人', 434.0000, 646466.0000, '2', 3, 1, 1, '0', NULL, '34', NULL, '2019-04-19 11:20:06', NULL, '2019-04-19 11:20:06', 206, '117.89.48.84', 0, NULL),(79, 43, 0, 'ZKJH', '3号线总控计划', 8.0000, 100.0000, '3', 1, 1, 1, '0', NULL, NULL, NULL, '2019-05-06 21:29:40', NULL, '2019-05-06 21:29:40', 206, '114.222.211.209', 0, NULL);
UNLOCK TABLES;
COMMIT;
BEGIN;
LOCK TABLES `acm_cloud`.`wsd_base_tmpltaskdelv` WRITE;
DELETE FROM `acm_cloud`.`wsd_base_tmpltaskdelv`;
INSERT INTO `acm_cloud`.`wsd_base_tmpltaskdelv` (`ID`,`TASK_ID`,`DELV_ID`,`LAST_UPD_TIME`,`LAST_UPD_USER`,`CREAT_TIME`,`CREATOR`,`LAST_UPD_IP`,`WSDVER`,`SORT_NUM`) VALUES (11, 28, 12, '2019-04-12 11:46:34', NULL, '2019-04-12 11:46:34', '206', '127.0.0.1', 0, NULL),(18, 46, 12, '2019-04-19 20:38:22', NULL, '2019-04-19 20:38:22', '206', '117.89.48.84', 0, NULL),(20, 48, 37, '2019-04-26 04:05:53', NULL, '2019-04-26 04:05:53', '206', '114.222.211.209', 0, NULL),(21, 48, 49, '2019-04-26 04:06:14', NULL, '2019-04-26 04:06:14', '206', '114.222.211.209', 0, NULL),(22, 48, 50, '2019-04-26 04:06:14', NULL, '2019-04-26 04:06:14', '206', '114.222.211.209', 0, NULL),(23, 50, 37, '2019-04-26 04:22:19', NULL, '2019-04-26 04:22:19', '206', '114.222.211.209', 0, NULL),(25, 48, 52, '2019-04-26 05:44:37', NULL, '2019-04-26 05:44:37', '206', '114.222.211.209', 0, NULL),(37, 65, 49, '2019-04-26 21:58:29', NULL, '2019-04-26 21:58:29', '206', '114.222.211.209', 0, NULL),(39, 65, 67, '2019-04-26 22:02:59', NULL, '2019-04-26 22:02:59', '206', '114.222.211.209', 0, NULL),(40, 65, 72, '2019-04-26 22:03:11', NULL, '2019-04-26 22:03:11', '206', '114.222.211.209', 0, NULL),(50, 74, 49, '2019-04-26 22:48:17', NULL, '2019-04-26 22:48:17', '206', '114.222.211.209', 0, NULL),(51, 74, 67, '2019-04-26 22:48:17', NULL, '2019-04-26 22:48:17', '206', '114.222.211.209', 0, NULL),(52, 74, 37, '2019-04-26 22:50:02', NULL, '2019-04-26 22:50:02', '206', '114.222.211.209', 0, NULL),(53, 74, 52, '2019-04-26 22:50:02', NULL, '2019-04-26 22:50:02', '206', '114.222.211.209', 0, NULL),(54, 74, 61, '2019-04-26 22:50:02', NULL, '2019-04-26 22:50:02', '206', '114.222.211.209', 0, NULL),(55, 74, 60, '2019-04-26 22:50:02', NULL, '2019-04-26 22:50:02', '206', '114.222.211.209', 0, NULL),(65, 75, 60, '2019-05-05 21:21:24', NULL, '2019-05-05 21:21:24', '206', '114.222.211.209', 0, NULL),(66, 76, 37, '2019-05-06 05:13:33', NULL, '2019-05-06 05:13:33', '206', '114.222.211.209', 0, NULL),(67, 76, 52, '2019-05-06 05:13:33', NULL, '2019-05-06 05:13:33', '206', '114.222.211.209', 0, NULL),(68, 76, 61, '2019-05-06 05:13:33', NULL, '2019-05-06 05:13:33', '206', '114.222.211.209', 0, NULL),(69, 76, 60, '2019-05-06 05:13:33', NULL, '2019-05-06 05:13:33', '206', '114.222.211.209', 0, NULL),(70, 66, 73, '2019-05-06 20:53:02', NULL, '2019-05-06 20:53:02', '206', '114.222.211.209', 0, NULL),(71, 66, 37, '2019-05-06 21:14:30', NULL, '2019-05-06 21:14:30', '206', '114.222.211.209', 0, NULL),(72, 66, 52, '2019-05-06 21:14:30', NULL, '2019-05-06 21:14:30', '206', '114.222.211.209', 0, NULL),(73, 66, 61, '2019-05-06 21:14:30', NULL, '2019-05-06 21:14:30', '206', '114.222.211.209', 0, NULL),(74, 66, 60, '2019-05-06 21:14:30', NULL, '2019-05-06 21:14:30', '206', '114.222.211.209', 0, NULL),(75, 66, 49, '2019-05-06 21:22:14', NULL, '2019-05-06 21:22:14', '206', '114.222.211.209', 0, NULL);
UNLOCK TABLES;
COMMIT;
BEGIN;
LOCK TABLES `acm_cloud`.`wsd_base_tmpltaskpred` WRITE;
DELETE FROM `acm_cloud`.`wsd_base_tmpltaskpred`;
INSERT INTO `acm_cloud`.`wsd_base_tmpltaskpred` (`ID`,`TASK_ID`,`PRED_TASK_ID`,`RELATION_TYPE`,`LAG_QTY`,`LAST_UPD_TIME`,`LAST_UPD_USER`,`CREAT_TIME`,`CREATOR`,`LAST_UPD_IP`,`WSDVER`,`SORT_NUM`) VALUES (1, 2, 1, 'SF', 0.100000, '2019-04-10 11:14:18', 206, '2019-04-10 10:59:41', 206, '127.0.0.1', 0, NULL),(3, 28, 27, 'SS', 0.000000, '2019-04-10 15:33:00', NULL, '2019-04-10 15:33:00', 206, '127.0.0.1', 0, NULL),(13, 5, 6, 'FS', 0.000000, '2019-04-16 11:31:32', NULL, '2019-04-16 11:31:32', 206, '117.89.48.84', 0, NULL),(14, 6, 5, 'SS', 0.000000, '2019-04-16 12:50:17', 206, '2019-04-16 11:35:15', 206, '192.168.3.137', 0, NULL),(15, 5, 5, 'FS', 0.000000, '2019-04-16 11:45:19', NULL, '2019-04-16 11:45:19', 206, '192.168.3.137', 0, NULL),(17, 26, 27, 'FS', 0.000000, '2019-04-16 12:41:42', NULL, '2019-04-16 12:41:42', 206, '192.168.3.184', 0, NULL),(18, 8, 5, 'FS', 0.000000, '2019-04-16 12:44:35', NULL, '2019-04-16 12:44:35', 206, '192.168.3.137', 0, NULL),(19, 35, 46, 'SS', 0.000000, '2019-04-19 19:02:19', 206, '2019-04-19 13:53:41', 206, '117.89.48.84', 0, NULL),(22, 36, 45, 'FS', 0.000000, '2019-04-19 19:42:27', 206, '2019-04-19 17:44:13', 206, '192.168.3.156', 0, NULL),(25, 55, 54, 'FS', 3.000000, '2019-04-26 05:38:13', 206, '2019-04-25 07:54:31', 206, '114.222.211.209', 0, NULL),(26, 56, 55, 'FS', 0.000000, '2019-04-25 07:58:06', 206, '2019-04-25 07:57:52', 206, '117.89.48.84', 0, NULL),(29, 55, 55, 'FS', 0.000000, '2019-04-26 04:36:00', NULL, '2019-04-26 04:36:00', 206, '114.222.211.209', 0, NULL),(32, 57, 55, 'FS', 0.000000, '2019-04-26 04:40:22', NULL, '2019-04-26 04:40:22', 206, '114.222.211.209', 0, NULL),(35, 62, 52, 'FS', 0.000000, '2019-04-26 07:54:03', NULL, '2019-04-26 07:54:03', 206, '192.168.3.135', 0, NULL),(36, 53, 62, 'FS', 0.000000, '2019-04-26 07:58:02', NULL, '2019-04-26 07:58:02', 206, '192.168.3.135', 0, NULL),(39, 76, 74, 'FS', 0.000000, '2019-04-26 21:51:40', NULL, '2019-04-26 21:51:40', 206, '114.222.211.209', 0, NULL),(41, 75, 76, 'FS', 2.000000, '2019-04-26 21:52:30', 206, '2019-04-26 21:52:03', 206, '114.222.211.209', 0, NULL);
UNLOCK TABLES;
COMMIT;
BEGIN;
LOCK TABLES `acm_cloud`.`wsd_sys_bizvar` WRITE;
DELETE FROM `acm_cloud`.`wsd_sys_bizvar`;
INSERT INTO `acm_cloud`.`wsd_sys_bizvar` (`ID`,`TABLE_NAME`,`TABLE_TITLE`,`FIELD_NAME`,`FIELD_TITLE`,`FIELD_TYPE`,`SQL`,`TYPE`,`TITLE`,`XPATH`,`CATALOGUUID`,`LAST_UPD_TIME`,`LAST_UPD_USER`,`CREAT_TIME`,`CREATOR`,`LAST_UPD_IP`,`WSDVER`,`SORT_NUM`) VALUES (1, '1', '1', '1', '1', '1', '1', '1', '1', '1', 1, NULL, NULL, NULL, NULL, NULL, NULL, NULL);
UNLOCK TABLES;
COMMIT;
BEGIN;
LOCK TABLES `acm_cloud`.`wsd_sys_bizvar_wf` WRITE;
DELETE FROM `acm_cloud`.`wsd_sys_bizvar_wf`;
UNLOCK TABLES;
COMMIT;
BEGIN;
LOCK TABLES `acm_cloud`.`wsd_sys_favorites` WRITE;
DELETE FROM `acm_cloud`.`wsd_sys_favorites`;
INSERT INTO `acm_cloud`.`wsd_sys_favorites` (`id`,`user_id`,`menu_code`,`menu_type`,`last_upd_user`,`last_upd_time`,`creat_time`,`creator`,`last_upd_ip`,`wsdver`,`sort_num`,`menu_url`,`menu_id`) VALUES (88, 287, 'SM-ORG', NULL, NULL, '2019-05-08 04:24:30', '2019-05-08 04:24:30', '287', '114.222.211.209', '0', 1, 'Sys/Role', 6);
UNLOCK TABLES;
COMMIT;
BEGIN;
LOCK TABLES `acm_cloud`.`wsd_sys_favorites_copy` WRITE;
DELETE FROM `acm_cloud`.`wsd_sys_favorites_copy`;
INSERT INTO `acm_cloud`.`wsd_sys_favorites_copy` (`id`,`user_id`,`content`,`biz_type`,`last_upd_user`,`last_upd_time`,`creat_time`,`creator`,`last_upd_ip`,`wsdver`,`sort_num`) VALUES (88, 206, '2', 'menu', NULL, '2019-05-07 03:26:01', '2019-05-07 03:26:01', '206', '127.0.0.1', '0', 1);
UNLOCK TABLES;
COMMIT;
BEGIN;
LOCK TABLES `acm_cloud`.`wsd_sys_func` WRITE;
DELETE FROM `acm_cloud`.`wsd_sys_func`;
INSERT INTO `acm_cloud`.`wsd_sys_func` (`id`,`menu_id`,`func_code`,`func_name`,`remark`,`del`,`creator`,`creat_time`,`last_upd_user`,`last_upd_time`,`wsdver`,`sort_num`,`last_upd_ip`,`short_code`) VALUES (81, 18, 'EPS_EDIT', '编制基本信息', NULL, 1, NULL, NULL, NULL, NULL, 0, NULL, NULL, 'EDIT'),(82, 19, 'PREPA_EDIT', '编制基本信息', NULL, 1, NULL, '2019-04-24 11:56:47', NULL, '2019-04-24 11:56:47', 0, NULL, NULL, NULL),(83, 20, 'PROJECT_EDIT', '编制基本信息', NULL, 1, NULL, '2019-04-24 11:56:49', NULL, '2019-04-24 11:56:49', 0, NULL, NULL, NULL),(84, 20, 'PROJECT_TEAM-EDIT', '编制项目团队', NULL, 1, NULL, '2019-04-24 11:56:54', NULL, '2019-04-24 11:56:54', 0, NULL, NULL, NULL),(85, 20, 'PROJECT_CPRTM-EDIT', '编辑协作团队', NULL, 1, 206, '2019-04-24 11:56:57', NULL, '2019-04-24 11:56:57', 0, NULL, '117.89.48.84', NULL),(86, 175, 'DELV_EDIT', '编制基本信息', NULL, 1, 206, '2019-04-24 11:57:00', NULL, '2019-04-24 11:57:00', 0, NULL, '117.89.48.84', NULL),(89, 257, 'TASK_EDIT', '编制基本信息', NULL, 1, 206, '2019-04-24 11:57:07', NULL, '2019-04-24 11:57:07', 0, NULL, '117.89.48.84', NULL),(90, 257, 'TASK_RELEASE', '直接发布计划', NULL, 1, NULL, '2019-04-24 11:57:09', NULL, '2019-04-24 11:57:09', 0, NULL, NULL, NULL),(91, 257, 'TASK_CONFIRM', '确认计划', NULL, 1, 206, '2019-04-24 11:57:11', NULL, '2019-04-24 11:57:11', 0, NULL, '117.89.48.84', NULL),(92, 257, 'TASK_RELEASE-APRL', '发布计划审批', NULL, 1, 206, '2019-04-24 11:57:14', NULL, '2019-04-24 11:57:14', 0, NULL, '117.89.48.84', NULL),(93, 257, 'TASK_RELEASE-CANCEL', '取消发布计划', NULL, 1, 206, '2019-04-24 11:57:17', NULL, '2019-04-24 11:57:17', 0, NULL, '117.89.48.84', NULL),(94, 257, 'TASK_PROGCALC', '进度计算', NULL, 1, 206, '2019-04-24 11:57:19', NULL, '2019-04-24 11:57:19', 0, NULL, '117.89.48.84', NULL),(95, 257, 'TASK_TMPLPLAN-SAVE', '保存计划模板', NULL, 1, 206, '2019-04-24 11:57:21', NULL, '2019-04-24 11:57:21', 0, NULL, '117.89.48.84', NULL),(96, 257, 'TASK_IMPORT', '导入', NULL, 1, 206, '2019-04-24 11:57:23', NULL, '2019-04-24 11:57:23', 0, NULL, '117.89.48.84', NULL),(97, 257, 'TASK_EXPORT', '导出', NULL, 1, 206, '2019-04-24 11:57:26', NULL, '2019-04-24 11:57:26', 0, NULL, '117.89.48.84', NULL),(98, 257, 'TASK_CPRTM-EDIT', '编辑协作团队', NULL, 1, 206, '2019-04-24 11:57:28', NULL, '2019-04-24 11:57:28', 0, NULL, '117.89.48.84', NULL),(99, 256, 'CHANGE_EDIT', '编制基本信息', NULL, 1, 206, '2019-04-24 11:57:30', NULL, '2019-04-24 11:57:30', 0, NULL, '117.89.48.84', NULL),(100, 256, 'CHANGE_RELEASE', '直接批准变更', NULL, 1, 206, '2019-04-24 11:57:32', NULL, '2019-04-24 11:57:32', 0, NULL, '117.89.48.84', NULL),(101, 256, 'CHANGE_RELEASE-APRL', '变更审批', NULL, 1, 206, '2019-04-24 11:57:35', NULL, '2019-04-24 11:57:35', 0, NULL, '117.89.48.84', NULL),(102, 26, 'FEEDBACK_EDIT', '编制基本信息', NULL, 1, 206, '2019-04-24 11:57:37', NULL, '2019-04-24 11:57:37', 0, NULL, '117.89.48.84', NULL),(103, 26, 'FEEDBACK_APPROVED', '进展批准', NULL, 1, 206, '2019-04-24 11:57:41', NULL, '2019-04-24 11:57:41', 0, NULL, '117.89.48.84', NULL),(104, 26, 'FEEDBACK_APPROVAL', '进展审批', NULL, 1, 206, '2019-04-24 11:57:44', NULL, '2019-04-24 11:57:44', 0, NULL, '117.89.48.84', NULL),(105, 26, 'FEEDBACK_APPROVED-CANCEL', '取消进展', NULL, 1, 206, '2019-04-24 11:57:48', NULL, '2019-04-24 11:57:48', 0, NULL, '117.89.48.84', NULL),(106, 29, 'ROLE_RSRC_EDIT', '编制基本信息', NULL, 1, 206, '2019-04-24 11:58:12', NULL, '2019-04-24 11:58:12', 0, NULL, '117.89.48.84', NULL),(107, 30, 'LIST_RSRC_EDIT', '编制基本信息', NULL, 1, 206, '2019-04-24 11:58:22', NULL, '2019-04-24 11:58:22', 0, NULL, '117.89.48.84', NULL),(108, 31, 'ANAL_RSRC_EDIT', '编制基本信息', NULL, 1, 206, '2019-04-24 11:58:43', NULL, '2019-04-24 11:58:43', 0, NULL, '117.89.48.84', NULL),(109, 27, 'QUESTION_EDIT', '编制基本信息', NULL, 1, 206, '2019-04-24 11:58:46', NULL, '2019-04-24 11:58:46', 0, NULL, '117.89.48.84', NULL),(110, 28, 'MEETING_EDIT', '编制基本信息', NULL, 1, 206, '2019-04-24 11:58:47', NULL, '2019-04-24 11:58:47', 0, NULL, '117.89.48.84', NULL),(112, 119, 'TEMPORARY_EDIT', '编制基本信息', NULL, 1, 206, '2019-04-24 11:58:49', NULL, '2019-04-24 11:58:49', 0, NULL, '117.89.48.84', NULL),(113, 125, 'CORP_DOC_EDIT', '编制基本信息', NULL, 1, 206, '2019-04-24 11:59:06', NULL, '2019-04-24 11:59:06', 0, NULL, '117.89.48.84', NULL),(114, 120, 'PROJECT_DOC_EDIT', '编制基本信息', NULL, 1, 206, '2019-04-24 11:59:02', NULL, '2019-04-24 11:59:02', 0, NULL, '117.89.48.84', NULL),(115, 126, 'FAVORITE_EDIT', '编制基本信息', NULL, 1, 206, '2019-04-24 11:59:10', NULL, '2019-04-24 11:59:10', 0, NULL, '117.89.48.84', NULL),(116, 170, 'RECYCLEBIN_EDIT', '编制基本信息', NULL, 1, 206, '2019-04-24 11:59:11', NULL, '2019-04-24 11:59:11', 0, NULL, '117.89.48.84', NULL),(117, 142, 'DICT_EDIT', '编制基本信息', NULL, 1, 206, '2019-04-24 11:59:14', NULL, '2019-04-24 11:59:14', 0, NULL, '117.89.48.84', NULL),(118, 181, 'CLASSIFY_EDIT', '编制基本信息', NULL, 1, 206, '2019-04-24 11:59:16', NULL, '2019-04-24 11:59:16', 0, NULL, '117.89.48.84', NULL),(119, 182, 'CALENDAR_EDIT', '编制基本信息', NULL, 1, 206, '2019-04-24 11:59:18', NULL, '2019-04-24 11:59:18', 0, NULL, '117.89.48.84', NULL),(120, 183, 'CURRENY_EDIT', '编制基本信息', NULL, 1, 206, '2019-04-24 11:59:20', NULL, '2019-04-24 11:59:20', 0, NULL, '117.89.48.84', NULL),(121, 184, 'GLOBALD_EDIT', '编制基本信息', NULL, 1, 206, '2019-04-24 11:59:22', NULL, '2019-04-24 11:59:22', 0, NULL, '117.89.48.84', NULL),(122, 185, 'TMPL-PLAN_EDIT', '编制基本信息', NULL, 1, 206, '2019-04-24 11:59:25', NULL, '2019-04-24 11:59:25', 0, NULL, '117.89.48.84', NULL),(123, 186, 'TMPL-DELV_EDIT', '编制基本信息', NULL, 1, 206, '2019-04-24 11:59:27', NULL, '2019-04-24 11:59:27', 0, NULL, '117.89.48.84', NULL),(124, 187, 'TMPL-DOC_EDIT', '编制基本信息', NULL, 1, 206, '2019-04-24 11:59:29', NULL, '2019-04-24 11:59:29', 0, NULL, '117.89.48.84', NULL),(125, 188, 'CODERULE_EDIT', '编制基本信息', NULL, 1, 206, '2019-04-24 11:59:32', NULL, '2019-04-24 11:59:32', 0, NULL, '117.89.48.84', NULL),(126, 2, 'MENU_EDIT', '编制基本信息', NULL, 1, 206, '2019-04-24 11:59:34', NULL, '2019-04-24 11:59:34', 0, NULL, '117.89.48.84', NULL),(127, 5, 'ROLE_EDIT', '编制基本信息', NULL, 0, 206, '2019-04-24 11:59:36', NULL, '2019-04-24 11:59:36', 0, NULL, '117.89.48.84', NULL),(128, 176, 'IPT_EDIT', '编制基本信息', NULL, 1, 206, '2019-04-24 11:59:38', NULL, '2019-04-24 11:59:38', 0, NULL, '117.89.48.84', NULL),(129, 6, 'ORG_EDIT', '编制基本信息', NULL, 1, 206, '2019-04-24 11:59:40', NULL, '2019-04-24 11:59:40', 0, NULL, '117.89.48.84', NULL),(130, 179, 'BUSSI_WF_EDIT', '编制基本信息', NULL, 1, 206, '2019-04-24 11:59:52', NULL, '2019-04-24 11:59:52', 0, NULL, '117.89.48.84', NULL),(131, 177, 'TMM_EDIT', '编制基本信息', NULL, 1, 206, '2019-04-24 11:59:57', NULL, '2019-04-24 11:59:57', 0, NULL, '117.89.48.84', NULL),(132, 462, '测试_test001', 'test001', NULL, 1, 206, '2019-04-27 21:32:05', NULL, '2019-04-27 21:32:05', 0, NULL, '117.89.23.119', 'test001'),(134, 390, 'INFO_ADD', '2', NULL, 1, NULL, NULL, NULL, NULL, 0, NULL, NULL, 'ADD'),(136, 13, 'PM_aa', 'dfsd', NULL, 1, 206, '2019-05-06 21:59:21', NULL, '2019-05-06 21:59:21', 0, NULL, '114.222.211.209', 'aa');
UNLOCK TABLES;
COMMIT;
BEGIN;
LOCK TABLES `acm_cloud`.`wsd_sys_i18n` WRITE;
DELETE FROM `acm_cloud`.`wsd_sys_i18n`;
INSERT INTO `acm_cloud`.`wsd_sys_i18n` (`id`,`menu_id`,`short_code`,`code`,`creator`,`creat_time`,`last_upd_user`,`last_upd_time`,`wsdver`,`sort_num`,`last_upd_ip`) VALUES (3, 2, 'UPDATE', 'DEFINE.UPDATE', 206, '2019-05-05 22:29:33', NULL, '2019-05-05 22:29:33', 0, NULL, '127.0.0.1'),(8, 119, 'SUN', 'TEMPORARY_SUN', 257, '2019-05-08 03:12:33', NULL, '2019-05-08 03:12:33', 0, NULL, '192.168.3.111');
UNLOCK TABLES;
COMMIT;
BEGIN;
LOCK TABLES `acm_cloud`.`wsd_sys_i18n_relation` WRITE;
DELETE FROM `acm_cloud`.`wsd_sys_i18n_relation`;
INSERT INTO `acm_cloud`.`wsd_sys_i18n_relation` (`id`,`i18n_id`,`i18n_code`,`i18n_value`,`LAST_UPD_TIME`,`LAST_UPD_USER`,`CREAT_TIME`,`CREATOR`,`LAST_UPD_IP`,`WSDVER`,`SORT_NUM`) VALUES (2, 3, 'zh_CN', '修改', '2019-05-05 22:29:33', NULL, '2019-05-05 22:29:33', 206, '127.0.0.1', 0, NULL),(3, 3, 'en_US', 'update', '2019-05-05 22:29:33', NULL, '2019-05-05 22:29:33', 206, '127.0.0.1', 0, NULL),(4, 3, 'ri_WEN', 'tudu', '2019-05-05 22:29:33', NULL, '2019-05-05 22:29:33', 206, '127.0.0.1', 0, NULL);
UNLOCK TABLES;
COMMIT;
BEGIN;
LOCK TABLES `acm_cloud`.`wsd_sys_ipaccess` WRITE;
DELETE FROM `acm_cloud`.`wsd_sys_ipaccess`;
INSERT INTO `acm_cloud`.`wsd_sys_ipaccess` (`id`,`start_ip`,`end_ip`,`access_rule`,`is_effect`,`remark`,`CREATOR`,`CREAT_TIME`,`LAST_UPD_USER`,`LAST_UPD_TIME`,`WSDVER`,`SORT_NUM`,`LAST_UPD_IP`) VALUES (18, '192.168.1.1', '192.168.1.3', '1', NULL, NULL, 206, '2019-04-25 03:14:13', '206', '2019-04-25 10:09:59', '0', 7, '192.168.3.101'),(20, '192.168.1.1', '192.168.1.5', '1', NULL, NULL, 206, '2019-04-25 03:14:30', NULL, '2019-04-25 03:14:30', '0', 9, '117.89.48.84'),(22, '192.168.1.1', '192.168.1.7', '1', NULL, NULL, 206, '2019-04-25 03:14:45', NULL, '2019-04-25 03:14:45', '0', 11, '117.89.48.84'),(23, '192.168.1.1', '192.168.1.8', '1', NULL, NULL, 206, '2019-04-25 03:14:51', NULL, '2019-04-25 03:14:51', '0', 12, '117.89.48.84'),(26, '12', '12', '1', NULL, 'a33', 206, '2019-04-25 10:09:44', '206', '2019-05-06 02:24:51', '0', 13, '114.222.211.209'),(27, '192.168.1.144', '192.168.1.333', '0', NULL, '192.168.1.1', 206, '2019-04-25 10:10:20', '206', '2019-04-27 21:34:05', '0', 14, '117.89.23.119');
UNLOCK TABLES;
COMMIT;
BEGIN;
LOCK TABLES `acm_cloud`.`wsd_sys_ipt` WRITE;
DELETE FROM `acm_cloud`.`wsd_sys_ipt`;
INSERT INTO `acm_cloud`.`wsd_sys_ipt` (`id`,`parent_id`,`ipt_code`,`ipt_name`,`project_id`,`del`,`level`,`remark`,`last_upd_time`,`last_upd_user`,`creat_time`,`creator`,`last_upd_ip`,`wsdver`,`sort_num`) VALUES (217, 1, '1', '1', NULL, NULL, '1', '1', NULL, NULL, '2019-03-16 14:38:08', 151, '114.222.210.74', 0, 0),(221, 209, '12121', '测试数41', NULL, NULL, '1', '测试数据41', NULL, NULL, '2019-03-16 14:48:50', 151, '114.222.210.74', 0, 0),(308, 287, '方法', '共和国', NULL, NULL, '1', '发', '2019-04-24 20:24:55', NULL, '2019-04-24 20:24:55', 206, '117.89.48.84', 0, NULL),(324, 321, '覆盖', '大锅饭', NULL, NULL, '2', '地方', '2019-04-24 09:08:20', NULL, '2019-04-24 09:08:20', 206, '192.168.3.137', 0, NULL),(375, 0, '测试', '测试', NULL, NULL, '1', NULL, '2019-04-24 21:41:52', NULL, '2019-04-24 21:41:52', 206, '117.89.48.84', 0, NULL),(381, 375, '测试6', '测试6', NULL, NULL, '2', NULL, '2019-04-24 21:43:19', NULL, '2019-04-24 21:43:19', 206, '117.89.48.84', 0, NULL),(387, 381, '测试6-111', '测试6-1111', NULL, NULL, '2', NULL, '2019-04-27 21:32:55', '206', '2019-04-24 22:57:34', 206, '117.89.23.119', 0, NULL),(389, 0, 'PDIPT', '产品研发IPT（勿删）', NULL, NULL, '1', NULL, '2019-04-25 07:24:18', '206', '2019-04-25 02:18:13', 206, '117.89.48.84', 0, NULL),(390, 0, 'SSIPT', '项目实施IPT', NULL, NULL, '1', NULL, '2019-04-25 02:18:35', NULL, '2019-04-25 02:18:35', 206, '117.89.48.84', 0, NULL),(392, 389, 'PD000', '产品委员会', NULL, NULL, '2', NULL, '2019-04-25 02:20:11', NULL, '2019-04-25 02:20:11', 206, '117.89.48.84', 0, NULL),(393, 389, 'PD001', '产品需求团队', NULL, NULL, '2', NULL, '2019-04-25 02:21:30', '206', '2019-04-25 02:20:53', 206, '117.89.48.84', 0, NULL),(394, 389, 'PD002', '产品平台架构团队', NULL, NULL, '2', NULL, '2019-04-25 02:22:01', NULL, '2019-04-25 02:22:01', 206, '117.89.48.84', 0, NULL),(395, 389, 'PD003', '产品设计团队', NULL, NULL, '2', NULL, '2019-04-25 02:22:55', '206', '2019-04-25 02:22:33', 206, '117.89.48.84', 0, NULL),(396, 389, 'PD004', '产品开发团队', NULL, NULL, '2', NULL, '2019-04-25 02:23:13', NULL, '2019-04-25 02:23:13', 206, '117.89.48.84', 0, NULL),(397, 389, 'PD005', '产品测试团队', NULL, NULL, '2', NULL, '2019-04-25 02:23:31', NULL, '2019-04-25 02:23:31', 206, '117.89.48.84', 0, NULL),(399, 390, 'GW', '实施顾问', NULL, NULL, '1', '', '2019-05-07 01:11:46', '257', '2019-05-06 20:54:10', 206, '114.222.211.209', 0, NULL),(400, 390, 'KF', '开发顾问', NULL, NULL, '2', NULL, '2019-05-07 01:12:08', NULL, '2019-05-07 01:12:08', 257, '114.222.211.209', 0, NULL);
UNLOCK TABLES;
COMMIT;
BEGIN;
LOCK TABLES `acm_cloud`.`wsd_sys_menu` WRITE;
DELETE FROM `acm_cloud`.`wsd_sys_menu`;
INSERT INTO `acm_cloud`.`wsd_sys_menu` (`id`,`parent_id`,`menu_code`,`menu_local`,`menu_name`,`short_code`,`menu_type`,`i18n`,`menu_group`,`url`,`image`,`is_menu`,`share`,`hidden`,`active`,`creator`,`creat_time`,`last_upd_user`,`last_upd_time`,`wsdver`,`sort_num`,`menu_desc`,`last_upd_ip`) VALUES (2, 83, 'SM-MENU', 1, '菜单管理', 'MENU', 2, '1', NULL, 'Sys/Menu', '&#xe60d;', 1, 0, 0, 1, 206, '2019-01-21 13:57:38', '237', '2019-04-24 11:33:37', 0, 10, NULL, '117.89.48.84'),(3, 83, 'SM-USER', 1, '用户管理', 'USER', 2, '11', NULL, 'Sys/User', '11', 1, 0, 0, 1, 206, '2018-12-14 16:00:50', '237', '2019-04-24 11:33:52', 0, 60, NULL, '117.89.48.84'),(5, 83, 'SM-ROLE', 1, '角色管理', 'ROLE', 2, '11', NULL, 'Sys/Part', '11', 1, 0, 0, 1, 206, '2018-12-14 16:00:51', '237', '2019-04-24 11:33:40', 0, 20, '角色管理', '117.89.48.84'),(6, 83, 'SM-ORG', 1, '组织机构', 'ORG', 2, '11', NULL, 'Sys/Role', '11', 0, 0, 0, 1, 206, '2018-12-14 16:00:52', '237', '2019-04-24 11:33:48', 0, 50, NULL, '117.89.48.84'),(12, 0, 'IM', NULL, '策划', 'IM', 1, '0', NULL, '/', '0', 0, 0, 0, 1, 206, '2019-02-14 10:55:52', '237', '2019-04-24 11:54:54', 0, 100, '饿的方式', '117.89.48.84'),(13, 0, 'PM', NULL, '计划', 'PM', 1, '111', NULL, '0', '111', 1, 0, 0, 1, 206, '2019-02-14 10:56:02', '237', '2019-04-24 11:27:05', 0, 200, NULL, '117.89.48.84'),(14, 0, 'CM', NULL, '沟通', 'CM', 1, '111', NULL, '/', '111', 0, 0, 0, 1, 206, '2019-02-14 10:56:05', '237', '2019-04-24 11:29:41', 0, 400, NULL, '117.89.48.84'),(15, 0, 'RM', NULL, '资源', 'RM', 1, 'resource management', NULL, '/', 'icon1', 0, 0, 0, 1, 206, '2019-02-14 10:56:06', '237', '2019-04-24 11:27:50', 0, 300, '资源管理一级菜单', '117.89.48.84'),(16, 0, 'DM', NULL, '文档', 'DM', 1, '1', NULL, '/', '1', 1, 0, 0, 1, 206, '2019-02-14 10:56:08', '237', '2019-04-24 11:31:37', 0, 500, NULL, '117.89.48.84'),(18, 12, 'IM-EPS', NULL, '项目群', 'EPS', 2, '1', NULL, 'Plot/Group', '1', 1, 0, 0, 1, 206, NULL, '206', '2019-04-28 04:16:45', 0, 10, 'qqqq', '114.222.211.209'),(19, 12, 'IM-PREPA', NULL, '项目立项', 'PREPA', 2, '1', NULL, 'Plot/Approval', '1', 0, 0, 0, 1, 206, NULL, '206', '2019-04-28 06:20:38', 0, 20, NULL, '192.168.3.105'),(20, 12, 'IM-PROJECT', NULL, '项目信息', 'PROJECT', 2, '1', NULL, 'Plot/Info', '1', 1, 0, 0, 1, 206, NULL, '206', '2019-04-28 06:20:52', 0, 30, NULL, '192.168.3.105'),(23, 13, 'PM-DEFINE', NULL, '计划定义', 'DEFINE', 2, '11', NULL, 'Plan/Define', '11', 1, 0, 0, 1, 206, NULL, '237', '2019-04-24 11:27:11', 0, 10, NULL, '117.89.48.84'),(26, 13, 'PM-FEEDBACK', NULL, '计划反馈', 'FEEDBACK', 2, '11', NULL, 'Plan/Fdback', '11', 1, 0, 0, 1, 206, NULL, '237', '2019-04-24 11:27:24', 0, 40, NULL, '117.89.48.84'),(27, 14, 'CM-QUESTION', NULL, '问题管理', 'QUESTION', 2, '0', NULL, 'Comcate/Profdback', '0', 1, 0, 0, 1, 206, NULL, '237', '2019-04-24 11:31:01', 0, 10, NULL, '117.89.48.84'),(28, 14, 'CM-MEETING', NULL, '会议管理', 'MEETING', 2, '0', NULL, 'Comcate/Meeting', '0', 1, 0, 0, 1, 206, NULL, '237', '2019-04-24 11:31:06', 0, 20, NULL, '117.89.48.84'),(29, 15, 'RM-ROLE', NULL, '资源角色', 'ROLE', 2, '0', NULL, 'Resource/Resourole', '0', 1, 0, 0, 1, 206, NULL, '237', '2019-04-24 11:27:55', 0, 10, NULL, '117.89.48.84'),(30, 15, 'RM-LIST', NULL, '资源清单', 'LIST', 2, '111', NULL, 'Resource/Resoulist', '11', 1, 0, 0, 1, 206, NULL, '237', '2019-04-24 11:28:00', 0, 20, 'A', '117.89.48.84'),(31, 15, 'RM-ANAL', NULL, '资源分析', 'ANAL', 2, '0', NULL, 'Resource/Analysis', '0', 1, 0, 0, 1, 206, NULL, '237', '2019-04-24 11:28:03', 0, 30, NULL, '117.89.48.84'),(83, 0, 'SM', 1, '系统管理', 'SM', 1, '221221', NULL, '1', 'icon-huaban', 0, 0, 0, 1, 206, '2019-02-13 00:00:00', '237', '2019-04-24 11:33:31', 0, 700, '描述部分', '117.89.48.84'),(119, 16, 'DM-TEMPORARY', NULL, '临时文档', 'TEMPORARY', 2, '0', NULL, 'Doc/TempDoc', '0', 1, 1, 0, 1, 206, NULL, '237', '2019-04-24 11:31:42', 0, 10, '临时文档', '117.89.48.84'),(120, 16, 'DM-PROJECT', NULL, '项目文档', 'PROJECT', 2, '0', NULL, 'Doc/ProDoc', '0', 1, 0, 0, 1, 206, NULL, '237', '2019-04-24 11:31:50', 0, 30, '0', '117.89.48.84'),(125, 16, 'DM-CORP', NULL, '企业文档', 'CORP', 2, '0', NULL, 'Doc/CompDoc', '0', 1, 0, 0, 1, 206, NULL, '237', '2019-04-24 11:31:47', 0, 20, '123456', '117.89.48.84'),(126, 16, 'DM-FAVORITE', NULL, '收藏夹', 'FAVORITE', 2, '0', NULL, 'Doc/Fav', '0', 1, 0, 0, 1, 206, NULL, '237', '2019-04-24 11:31:55', 0, 40, '收藏夹', '117.89.48.84'),(136, 0, 'OM', NULL, '经营', 'OM', 1, 'zn', 1, '1', 'icon', 0, 0, 0, 1, 206, '2019-03-04 19:44:49', '237', '2019-04-24 11:26:07', 0, 50, NULL, '117.89.48.84'),(137, 136, 'OM-DEFINE', NULL, '经营计划定义', 'DEFINE', 2, '1', 1, 'Operate/OpeDefine', '1', 1, 0, 0, 1, 206, '2019-03-04 19:59:18', '206', '2019-04-24 20:46:50', 0, 10, '11', '117.89.48.84'),(138, 136, 'OM-TASK', NULL, '经营计划编制', 'TASK', 2, '0', 1, 'Operate/OpePrepared', '0', 1, 0, 0, 1, 206, '2019-03-05 10:28:38', '237', '2019-04-24 11:25:30', 0, 20, NULL, '117.89.48.84'),(140, 0, 'BM', 1, '基础数据', 'BM', 1, 'Basics', 1, '0', 'icon-jichushujuguanli', 0, 0, 0, 1, 206, '2019-03-05 11:22:20', '237', '2019-04-24 11:32:17', 0, 600, '基础数据菜单', '117.89.48.84'),(142, 140, 'BM-DICT', 1, '数据字典', 'DICT', 2, 'DigitDir', 1, 'Basicd/Globald/DigitDir', 'icon', 1, 0, 0, 1, 206, '2019-03-05 11:25:15', '237', '2019-04-24 11:32:23', 0, 10, '数据字典', '117.89.48.84'),(170, 16, 'DM-RECYCLEBIN', NULL, '回收站', 'RECYCLEBIN', 2, '0', 1, 'Doc/Recycle', '0', 1, 0, 0, 1, 206, '2019-03-06 16:39:50', '237', '2019-04-24 11:32:08', 0, 50, '回收站', '117.89.48.84'),(173, 136, 'OM-CHANGE', NULL, '经营计划变更', 'CHANGE', 2, '121', 1, 'Operate/OpeChange', '111', 1, 0, 0, 1, 206, '2019-03-06 19:02:54', '237', '2019-04-24 11:25:44', 0, 40, NULL, '117.89.48.84'),(174, 136, 'OM-FEEDBACK', NULL, '经营计划反馈', 'FEEDBACK', 2, '11', 1, 'Operate/OpeFdback', '11', 1, 0, 0, 1, 206, '2019-03-06 19:03:51', '237', '2019-04-24 11:25:39', 0, 30, NULL, '117.89.48.84'),(175, 12, 'IM-DELV', NULL, '项目交付物', 'DELV', 2, '1', 1, 'Plot/Delivery', '1', 1, 0, 0, 1, 206, '2019-03-07 10:29:00', '206', '2019-04-28 06:25:47', 0, 40, NULL, '192.168.3.105'),(176, 83, 'SM-IPT', 1, 'IPT管理', 'IPT', 2, 'Ipttree', 1, 'Sys/Ipttree', 'icon', 1, 0, 0, 1, 206, '2019-03-07 11:11:21', '237', '2019-04-24 11:33:44', 0, 40, 'IPT全局树', '117.89.48.84'),(177, 83, 'SYS-TMM', 1, '三员管理', 'TMM', 2, 'Threeme', 1, 'Sys/Threeme', 'icon', 1, 0, 0, 1, 206, '2019-03-07 11:36:22', '206', '2019-04-21 12:22:11', 0, 100, NULL, '117.89.48.84'),(178, 445, 'WM-DEFINE', 1, '流程定义', 'DEFINE', 2, 'Sys/Flow', 1, 'Sys/Flow', 'icon-gongzuoliu', 1, 0, 0, 1, 206, '2019-03-07 11:40:05', '206', '2019-04-25 03:21:59', 0, 70, '流程定义', '117.89.48.84'),(179, 445, 'WM-BUSSI', 1, '流程业务定义', 'BUSSI', 2, 'Sys/Wfbusiness', 1, 'Sys/Wfbusiness', 'Sys/Wfbusiness', 1, 0, 0, 1, 206, '2019-03-07 11:47:39', '237', '2019-04-24 11:51:30', 0, 80, '流程业务定义', '117.89.48.84'),(180, 445, 'WM-VAR', 1, '流程变量定义', 'WF-VAR', 2, 'Sys/Wfvariable', 1, 'Sys/Wfvariable', 'Wfvariable', 1, 0, 0, 0, 206, '2019-03-07 11:55:09', '206', '2019-04-21 12:19:49', 0, 90, '流程变量定义', '117.89.48.84'),(181, 140, 'BM-CLASSIFY', 1, '分类码', 'CLASSIFY', 2, 'CategoryCode', 1, 'Basicd/Globald/CategoryCode', 'CategoryCode', 1, 0, 0, 1, 206, '2019-03-07 13:49:06', '237', '2019-04-24 11:32:27', 0, 20, '分类码', '117.89.48.84'),(182, 140, 'BM-CALENDAR', 1, '日历设置', 'CALENDAR', 2, 'CalendarSet', 1, 'Basicd/Globald/CalendarSet', 'CalendarSet', 1, 0, 0, 1, 206, '2019-03-07 14:20:03', '237', '2019-04-24 11:32:31', 0, 30, '日历设置', '117.89.48.84'),(183, 140, 'BM-CURRENY', 1, '货币设置', 'CURRENY', 2, 'CurrenySet', 1, 'Basicd/Globald/CurrenySet', 'CurrenySet', 1, 0, 0, 1, 206, '2019-03-07 14:35:04', '237', '2019-04-24 11:32:35', 0, 40, '货币设置', '117.89.48.84'),(184, 140, 'BM-GLOBALD', 1, '全局设置', 'GLOBALD', 2, 'GlobaldSet', 1, 'Basicd/Globald/GlobaldSet', 'GlobaldSet', 1, 0, 0, 1, 206, '2019-03-07 14:35:55', '237', '2019-04-24 11:32:39', 0, 50, '全局设置', '117.89.48.84'),(185, 140, 'BM-TMPL-PLAN', 1, '计划模板', 'TMPL-PLAN', 2, 'Templated', 1, 'Basicd/Templated/Plan', 'Templated', 1, 0, 0, 1, 206, '2019-03-07 14:36:38', '237', '2019-04-24 11:32:46', 0, 60, '计划模板', '117.89.48.84'),(186, 140, 'BM-TMPL-DELV', 1, '交付物模板', 'TMPL-DELV', 2, 'Delivery', 1, 'Basicd/Templated/Delivery', 'Delivery', 1, 0, 0, 1, 206, '2019-03-07 14:37:15', '237', '2019-04-24 11:32:51', 0, 70, '交付物模板', '117.89.48.84'),(187, 140, 'BM-TMPL-DOC', 1, '文档模板', 'TMPL-DOC', 2, 'Doc', 1, 'Basicd/Templated/Doc', 'Doc', 1, 0, 0, 1, 206, '2019-03-07 14:37:50', '237', '2019-04-24 11:32:55', 0, 80, '文档模板', '117.89.48.84'),(188, 140, 'BM-CODERULE', 1, '编码规则', 'CODERULE', 2, 'CodeRule', 1, 'Basicd/Coded/CodeRule', 'CodeRule', 1, 0, 0, 1, 206, '2019-03-07 14:38:21', '237', '2019-04-24 11:32:59', 0, 90, '编码规则', '117.89.48.84'),(250, 140, 'RULETYPE', 1, '规则类型', '1', 2, '1', NULL, 'Basicd/Coded/MaintainCodeRule', '1', 0, 0, 0, 0, 206, NULL, '206', '2019-03-29 14:06:56', 0, 1, NULL, '117.89.48.84'),(256, 13, 'PM-CHANGE', NULL, '计划变更', 'CHANGE', 2, '11', 1, 'Plan/Change', 'qew', 0, 0, 0, 1, 206, '2019-03-11 15:29:18', '237', '2019-04-24 11:27:20', 0, 30, NULL, '117.89.48.84'),(257, 13, 'PM-TASK', NULL, '计划编制', 'TASK', 2, 'sfd', 1, 'Plan/Prepared', 'sfsfd', 1, 0, 0, 1, 206, '2019-03-11 15:31:03', '237', '2019-04-24 11:27:15', 0, 20, NULL, '117.89.48.84'),(307, 2, 'SM-MENU-INFO', NULL, '基本信息', 'INFO', 3, '1', 1, 'Sys/Menu/MenuInfo', 'iconjibenxinxi', 0, 0, 0, 1, 206, '2019-04-08 16:10:50', '206', '2019-04-28 01:15:01', 0, 10, '', '114.222.211.209'),(308, 2, 'SM-MENU-AUTH', NULL, '权限配置', 'AUTH', 3, '1', 1, 'Sys/Menu/Permission', 'iconquanxianpeizhi1', 0, 0, 0, 1, 206, '2019-04-08 16:31:32', '206', '2019-04-28 01:15:19', 0, 20, NULL, '114.222.211.209'),(312, 23, 'PM-DEFINE-INFO', NULL, '基本信息', 'INFO', 3, '0', 1, 'Plan/Define/Edit', 'iconjibenxinxi', 0, 0, 0, 1, 206, '2019-04-22 10:42:32', '206', '2019-04-28 21:44:37', 0, 10, '基本信息', '114.222.211.209'),(313, 23, 'PM-DEFINE-BASELINE', NULL, '进度基线', 'BASELINE', 3, '0', 1, 'Plan/Define/Baseline', 'iconjixianguanli', 0, 0, 0, 1, 206, '2019-04-22 10:43:40', '206', '2019-04-28 21:44:33', 0, 20, '进度基线', '114.222.211.209'),(316, 23, 'PM-DEFINE-CPRTM', NULL, '协作团队', 'CPRTM', 3, '0', 1, 'Plot/Group/TeamInfo', 'icontuandui', 0, 0, 0, 1, 206, '2019-04-22 11:01:04', '206', '2019-04-28 21:44:16', 0, 30, '协作团队', '114.222.211.209'),(317, 23, 'PM-DEFINE-VARSET', NULL, '变量设置', 'VARSET', 3, '0', 1, 'Plan/Define/Setvar', 'iconset', 0, 0, 0, 1, 206, '2019-04-22 11:01:50', '206', '2019-04-28 21:44:12', 0, 40, '变量设置', '114.222.211.209'),(318, 23, 'PM-DEFINE-FILES', NULL, '文件信息', 'FILES', 3, '0', 1, 'Components/FileInfo', 'iconwenjian', 0, 0, 0, 1, 206, '2019-04-22 11:02:29', '206', '2019-04-28 03:25:03', 0, 50, '文件信息', '114.222.211.209'),(319, 23, 'PM-DEFINE-CLASSIFY', NULL, '分类码', 'CLASSIFY', 3, '0', 1, 'Components/CategoryCode', 'iconfenleima', 0, 0, 0, 1, 206, '2019-04-22 11:03:08', '206', '2019-04-28 03:25:14', 0, 60, NULL, '114.222.211.209'),(320, 257, 'PM-TASK-1', NULL, 'WBS', '1', 4, '0', 1, '/', '0', 0, 0, 0, 1, 206, '2019-04-22 11:04:24', NULL, '2019-04-22 11:04:24', 0, 10, 'WBS组', '117.89.48.84'),(321, 257, 'PM-TASK-2', NULL, '任务', '2', 4, '0', 1, '/', '0', 0, 0, 0, 1, 206, '2019-04-22 11:12:46', NULL, '2019-04-22 11:12:46', 0, 20, '任务组', '117.89.48.84'),(322, 320, 'PM-TASK-1-INFO', NULL, '基本信息', 'INFO', 3, '0', 1, 'Plan/Prepared/Info', 'iconjibenxinxi', 0, 0, 0, 1, 206, '2019-04-22 11:13:09', '206', '2019-04-28 03:27:54', 0, 10, '变量设置', '114.222.211.209'),(323, 320, 'PM-TASK-1-DELV', NULL, '交付清单', 'DELV', 3, '0', 1, 'Components/DeliveryList', 'iconjiaofuqingdan', 0, 0, 0, 1, 206, '2019-04-22 11:14:17', '206', '2019-04-28 03:28:09', 0, 20, '交付清单', '114.222.211.209'),(325, 320, 'PM-TASK-1-RELATION', NULL, '计划关联', 'RELATION', 3, '0', 1, 'Plan/Prepared/PlanAcco', 'iconjihuaguanlian', 0, 0, 0, 1, 206, '2019-04-22 11:18:38', '206', '2019-04-28 03:28:28', 0, 30, '计划关联', '114.222.211.209'),(326, 320, 'PM-TASK-1-BASELINE', NULL, '进度基线', 'BASELINE', 3, '0', 1, 'Plan/Prepared/Baseline', 'iconjindujixian', 0, 0, 0, 1, 206, '2019-04-22 11:19:45', '206', '2019-04-28 03:32:15', 0, 50, '', '114.222.211.209'),(327, 320, 'PM-TASK-1-FILES', NULL, '文件信息', 'FILES', 3, '0', 1, 'Components/FileInfo', 'iconwenjian', 0, 0, 0, 1, 206, '2019-04-22 11:20:17', '206', '2019-04-28 03:32:27', 0, 60, NULL, '114.222.211.209'),(328, 320, 'PM-TASK-1-FEEDBACK_LOG', NULL, '进展日志', 'FEEDBACK_LOG', 3, '0', 1, 'Plan/Components/Log', 'iconrizhi', 0, 0, 0, 1, 206, '2019-04-22 11:21:28', '206', '2019-04-28 03:32:40', 0, 70, '进展日志', '114.222.211.209'),(329, 320, 'PM-TASK-1-CHANGE', NULL, '变更信息', 'CHANGE', 3, '0', 1, 'Plan/Prepared/ChangeInfo', 'iconbiangengxinxi', 0, 0, 0, 1, 206, '2019-04-22 11:22:00', '206', '2019-04-28 03:32:54', 0, 80, '变更信息', '114.222.211.209'),(330, 320, 'PM-TASK-1-WF', NULL, '流程信息', 'WF', 3, '0', 1, 'Plot/Approval/Process', 'iconliucheng', 0, 0, 0, 1, 206, '2019-04-22 11:22:40', '206', '2019-04-28 03:33:05', 0, 90, '流程信息', '114.222.211.209'),(331, 321, 'PM-TASK-2-INFO', NULL, '基本信息', 'INFO', 3, '0', 1, 'Plan/Prepared/Info', 'iconjibenxinxi', 0, 0, 0, 1, 206, '2019-04-22 11:23:50', '206', '2019-04-28 03:33:24', 0, 10, '基本信息', '114.222.211.209'),(332, 321, 'PM-TASK-2-DELV', NULL, '交付清单', 'DELV', 3, '0', 1, 'Components/DeliveryList', 'iconjiaofuqingdan', 0, 0, 0, 1, 206, '2019-04-22 11:24:43', '206', '2019-04-28 03:33:39', 0, 20, '交付清单', '114.222.211.209'),(333, 321, 'PM-TASK-2-RELATION', NULL, '计划关联', 'RELATION', 3, '0', 1, 'Plan/Prepared/PlanAcco', 'iconjihuaguanlian', 0, 0, 0, 1, 206, '2019-04-22 11:25:18', '206', '2019-04-28 03:33:52', 0, 30, '计划关联', '114.222.211.209'),(334, 321, 'PM-TASK-2-LOGIC', NULL, '逻辑关系', 'LOGIC', 3, '0', 1, 'Plan/Components/Logic', 'iconguanxitu', 0, 0, 0, 1, 206, '2019-04-22 11:26:17', '206', '2019-04-28 03:35:11', 0, 50, '逻辑关系', '114.222.211.209'),(335, 321, 'PM-TASK-2-RSRCPLAN', NULL, '资源计划', 'RSRCPLAN', 3, '0', 1, 'Plan/Components/ResPlan', 'iconiconziyuan6', 0, 0, 0, 1, 206, '2019-04-22 11:26:48', '206', '2019-04-28 03:35:25', 0, 60, '资源计划', '114.222.211.209'),(336, 321, 'PM-TASK-2-BASELINE', NULL, '进度基线', 'BASELINE', 3, '0', 1, 'Plan/Prepared/Baseline', 'iconjindujixian', 0, 0, 0, 1, 206, '2019-04-22 11:27:23', '206', '2019-04-28 03:35:35', 0, 70, '资源计划', '114.222.211.209'),(337, 321, 'PM-TASK-2-FILES', NULL, '文件信息', 'FILES', 3, '0', 1, 'Components/FileInfo', 'iconwenjian', 0, 0, 0, 1, 206, '2019-04-22 11:27:58', '206', '2019-04-28 03:35:47', 0, 80, '文件信息', '114.222.211.209'),(338, 321, 'PM-TASK-2-FEEDBACK_LOG', NULL, '进展日志', 'FEEDBACK_LOG', 3, '0', 1, 'Plan/Components/Log', 'iconrizhi', 0, 0, 0, 1, 206, '2019-04-22 11:29:24', '206', '2019-04-28 03:36:01', 0, 90, '文件信息', '114.222.211.209'),(339, 321, 'PM-TASK-2-CHANGE', NULL, '变更信息', 'CHANGE', 3, '0', 1, 'Plan/Prepared/ChangeInfo', 'iconbiangengxinxi', 0, 0, 0, 1, 206, '2019-04-22 11:30:12', '206', '2019-04-28 03:36:14', 0, 100, '变更信息', '114.222.211.209'),(340, 321, 'PM-TASK-2-WF', NULL, '流程信息', 'WF', 3, '0', 1, 'Plot/Approval/Process', 'iconliucheng', 0, 0, 0, 1, 206, '2019-04-22 11:31:13', '206', '2019-04-28 03:36:24', 0, 110, '流程信息', '114.222.211.209'),(341, 256, 'PM-CHANGE-1', NULL, 'WBS', '1', 4, '0', 1, '/', '0', 0, 0, 0, 1, 206, '2019-04-22 11:35:55', NULL, '2019-04-22 11:35:55', 0, 10, 'WBS组', '117.89.48.84'),(342, 256, 'PM-CHANGE-2', NULL, '任务', '2', 4, '0', 1, '/', '0', 0, 0, 0, 1, 206, '2019-04-22 11:36:25', NULL, '2019-04-22 11:36:25', 0, 20, '任务组', '117.89.48.84'),(343, 341, 'PM-CHANGE-1-INFO', NULL, '基本信息', 'INFO', 3, '0', 1, 'Plan/Change/Info', 'iconjibenxinxi', 0, 0, 0, 1, 206, '2019-04-22 11:41:53', '206', '2019-04-28 03:38:03', 0, 10, '基本信息', '114.222.211.209'),(344, 341, 'PM-CHANGE-1-HISTORY', NULL, '变更记事', 'HISTORY', 3, '0', 1, 'Plan/Prepared/ChangeInfo', 'iconbiangengjishi', 0, 0, 0, 1, 206, '2019-04-22 11:43:17', '206', '2019-04-28 03:38:15', 0, 20, '变更记事', '114.222.211.209'),(345, 341, 'PM-CHANGE-1-WF', NULL, '流程信息', 'WF', 3, '0', 1, 'Plot/Approval/Process', 'iconliuchengxinxi', 0, 0, 0, 1, 206, '2019-04-22 11:44:30', '206', '2019-04-29 04:54:44', 0, 30, '流程信息', '58.213.76.98'),(346, 342, 'PM-CHANGE-2-INFO', NULL, '基本信息', 'INFO', 3, '0', 1, 'Plan/Change/Info', 'iconjibenxinxi', 0, 0, 0, 1, 206, '2019-04-22 11:45:58', '206', '2019-04-28 03:38:40', 0, 10, '基本信息', '114.222.211.209'),(347, 342, 'PM-CHANGE-2-LOGIC', NULL, '逻辑关系', 'LOGIC', 3, '0', 1, 'Plan/Change/Logic', 'iconguanxitu', 0, 0, 0, 1, 206, '2019-04-22 11:46:47', '206', '2019-04-28 03:38:50', 0, 20, '基本信息', '114.222.211.209'),(348, 342, 'PM-CHANGE-2-HISTORY', NULL, '变更记事', 'HISTORY', 3, '0', 1, 'Plan/Prepared/ChangeInfo', 'iconbiangengjishi', 0, 0, 0, 1, 206, '2019-04-22 11:47:21', '206', '2019-04-28 03:39:00', 0, 30, '基本信息', '114.222.211.209'),(349, 342, 'PM-CHANGE-2-WF', NULL, '流程信息', 'WF', 3, '0', 1, 'Plot/Approval/Process', 'iconliuchengxinxi', 0, 0, 0, 1, 206, '2019-04-22 11:48:31', '206', '2019-04-29 04:54:38', 0, 40, '流程信息', '58.213.76.98'),(350, 26, 'PM-FEEDBACK-1', NULL, 'WBS', '1', 4, '0', 1, '/', '0', 0, 0, 0, 1, 206, '2019-04-22 11:59:33', NULL, '2019-04-22 11:59:33', 0, 10, '流程信息', '117.89.48.84'),(351, 26, 'PM-FEEDBACK-2', NULL, '任务', '2', 4, '0', 1, '/', '0', 0, 0, 0, 1, 206, '2019-04-22 13:50:06', NULL, '2019-04-22 13:50:06', 0, 20, '任务', '117.89.48.84'),(352, 350, 'PM-FEEDBACK-1-INFO', NULL, '本期进展', 'INFO', 3, '0', 1, 'Plan/Fdback/Progress', 'iconjindujixian', 0, 0, 0, 1, 206, '2019-04-22 13:52:43', '206', '2019-04-28 03:39:53', 0, 10, '本期进展', '114.222.211.209'),(353, 350, 'PM-FEEDBACK-1-DELV', NULL, '交付清单', 'DELV', 3, '0', 1, 'Components/DeliveryList', 'iconjiaofuqingdan', 0, 0, 0, 1, 206, '2019-04-22 13:53:31', '206', '2019-04-28 03:40:04', 0, 20, '交付清单', '114.222.211.209'),(354, 350, 'PM-FEEDBACK-1-FEEDBACK_LOG', NULL, '进展日志', 'FEEDBACK_LOG', 3, '0', 1, 'Plan/Components/Log', 'iconrizhi', 0, 0, 0, 1, 206, '2019-04-22 13:54:09', '206', '2019-04-28 03:40:21', 0, 30, NULL, '114.222.211.209'),(355, 350, 'PM-FEEDBACK-1-QUESTION', NULL, '项目问题', 'QUESTION', 3, '0', 1, 'Plan/Fdback/ProjectProb', 'iconhelp', 0, 0, 0, 1, 206, '2019-04-22 13:54:47', '206', '2019-04-28 03:40:44', 0, 40, '项目问题', '114.222.211.209'),(356, 350, 'PM-FEEDBACK-1-WF', NULL, '流程信息', 'WF', 3, '0', 1, 'MyProcess/ProcessInfo', 'iconliuchengxinxi', 0, 0, 0, 1, 206, '2019-04-22 13:55:16', '206', '2019-04-28 03:40:54', 0, 50, '流程信息', '114.222.211.209'),(357, 351, 'PM-FEEDBACK-2-INFO', NULL, '本期进展', 'INFO', 3, '0', 1, 'Plan/Fdback/Progress', 'iconjindujixian', 0, 0, 0, 1, 206, '2019-04-22 13:55:56', '206', '2019-04-28 03:41:08', 0, 10, '本期进展', '114.222.211.209'),(358, 351, 'PM-FEEDBACK-2-DELV', NULL, '交付清单', 'DELV', 3, '0', 1, 'Components/DeliveryList', 'iconjiaofuqingdan', 0, 0, 0, 1, 206, '2019-04-22 13:56:47', '206', '2019-04-28 03:41:21', 0, 20, '交付清单', '114.222.211.209'),(359, 351, 'PM-FEEDBACK-2-RSRCPLAN', NULL, '资源消耗', 'RSRCPLAN', 3, '0', 1, 'Plan/Fdback/ResourceF', 'iconiconziyuan6', 0, 0, 0, 1, 206, '2019-04-22 13:58:06', '206', '2019-04-28 03:41:35', 0, 30, '资源消耗', '114.222.211.209'),(360, 351, 'PM-FEEDBACK-2-FEEDBACK_LOG', NULL, '进展日志', 'FEEDBACK_LOG', 3, '0', 1, 'Plan/Components/Log', 'iconrizhi', 0, 0, 0, 1, 206, '2019-04-22 13:58:29', '206', '2019-04-28 03:41:47', 0, 40, '进展日志', '114.222.211.209'),(361, 351, 'PM-FEEDBACK-2-QUESTION', NULL, '项目问题', 'QUESTION', 3, '0', 1, 'Plan/Fdback/ProjectProb', 'iconhelp', 0, 0, 0, 1, 206, '2019-04-22 13:59:17', '206', '2019-04-28 03:41:58', 0, 50, '进展日志', '114.222.211.209'),(362, 351, 'PM-FEEDBACK-2-WF', NULL, '流程信息', 'WF', 3, '0', 1, 'MyProcess/ProcessInfo', 'iconliuchengxinxi', 0, 0, 0, 1, 206, '2019-04-22 13:59:40', '206', '2019-04-28 03:42:09', 0, 60, '进展日志', '114.222.211.209'),(363, 27, 'CM-QUESTION-INFO', NULL, '基本信息', 'INFO', 3, '0', 1, 'Comcate/Profdback/BasicInfo', 'iconjibenxinxi', 0, 0, 0, 1, 206, '2019-04-22 14:01:19', '206', '2019-04-28 03:17:04', 0, 10, NULL, '114.222.211.209'),(364, 27, 'CM-QUESTION-FILES', NULL, '文件信息', 'FILES', 3, '0', 1, 'Components/FileInfo', 'iconwenjian', 0, 0, 0, 1, 206, '2019-04-22 14:02:15', '206', '2019-04-28 03:17:17', 0, 20, NULL, '114.222.211.209'),(365, 27, 'CM-QUESTION-HANDLE', NULL, '处理记录', 'HANDLE', 3, '0', 1, 'Comcate/Profdback/ProfdBackInfo', 'iconjilu', 0, 0, 0, 1, 206, '2019-04-22 14:03:26', '206', '2019-04-28 03:17:30', 0, 30, '处理记录', '114.222.211.209'),(366, 27, 'CM-QUESTION-WF', NULL, '流程信息', 'WF', 3, '0', 1, 'Plot/Approval/Process', 'iconliuchengxinxi', 0, 0, 0, 1, 206, '2019-04-22 14:03:51', '206', '2019-04-28 03:17:48', 0, 40, '流程信息', '114.222.211.209'),(367, 28, 'CM-MEETING-INFO', NULL, '基本信息', 'INFO', 3, '0', 1, 'Comcate/Meeting/MeetInfo', 'iconjibenxinxi', 0, 0, 0, 1, 206, '2019-04-22 14:09:32', '206', '2019-04-28 03:18:11', 0, 10, '基本信息', '114.222.211.209'),(368, 28, 'CM-MEETING-FILES', NULL, '文件信息', 'FILES', 3, '0', 1, 'Components/FileInfo', 'iconwenjian', 0, 0, 0, 1, 206, '2019-04-22 14:10:00', '206', '2019-04-28 03:18:24', 0, 20, '文件信息', '114.222.211.209'),(369, 28, 'CM-MEETING-ACTION', NULL, '会议行动项', 'ACTION', 3, '0', 1, 'Comcate/Meeting/MeetAction', 'iconicon-1', 0, 0, 0, 1, 206, '2019-04-22 14:11:24', '206', '2019-04-28 03:18:41', 0, 30, '会议行动项', '114.222.211.209'),(370, 28, 'CM-MEETING-WF', NULL, '流程信息', 'WF', 3, '0', 1, 'MyProcess/ProcessInfo', 'iconliuchengxinxi', 0, 0, 0, 1, 206, '2019-04-22 14:16:12', '206', '2019-04-28 03:18:53', 0, 40, '流程信息', '114.222.211.209'),(371, 142, 'BM-DICT-INFO', NULL, '基本信息', 'INFO', 3, '0', 1, 'Basicd/Globald/DigitDir/DigitInfo', 'iconjibenxinxi', 0, 0, 0, 1, 206, '2019-04-22 14:17:44', '206', '2019-04-28 02:29:15', 0, 10, '基本信息', '114.222.211.209'),(372, 142, 'BM-DICT-VALUE', NULL, '字典码值', 'VALUE', 3, '0', 1, 'Basicd/Globald/DigitDir/DigitType', 'iconzidianmazhi', 0, 0, 0, 1, 206, '2019-04-22 14:18:16', '206', '2019-04-28 02:29:27', 0, 20, '字典码值', '114.222.211.209'),(374, 183, 'BM-CURRENY-INFO', NULL, '基本信息', 'INFO', 3, '0', 1, 'Basicd/Globald/CurrenySet/CurInfo', 'iconjibenxinxi', 0, 0, 0, 1, 206, '2019-04-22 14:19:12', '206', '2019-04-28 02:32:02', 0, 10, NULL, '114.222.211.209'),(375, 185, 'BM-TMPL-PLAN-2', NULL, 'WBS', '2', 4, '0', 1, '/', '0', 0, 0, 0, 1, 206, '2019-04-22 14:21:45', '206', '2019-04-22 14:22:30', 0, 20, 'WBS', '117.89.48.84'),(376, 185, 'BM-TMPL-PLAN-3', NULL, '任务', '3', 4, '0', 1, '/', '0', 0, 0, 0, 1, 206, '2019-04-22 14:22:14', NULL, '2019-04-22 14:22:14', 0, 30, NULL, '117.89.48.84'),(377, 185, 'BM-TMPL-PLAN-1', NULL, '项目', '1', 4, '0', 1, '/', '0', 0, 0, 0, 1, 206, '2019-04-22 14:22:54', NULL, '2019-04-22 14:22:54', 0, 10, '项目', '117.89.48.84'),(378, 377, 'BM-TMPL-PLAN-1-INFO', NULL, '基本信息', 'INFO', 3, '0', 1, 'Basicd/Templated/Plan/PlanInfo', 'iconjibenxinxi', 0, 0, 0, 1, 206, '2019-04-22 14:23:25', '206', '2019-04-28 02:58:48', 0, 10, '基本信息', '114.222.211.209'),(379, 377, 'BM-TMPL-PLAN-1-AUTH', NULL, '模板权限', 'AUTH', 3, '0', 1, 'Basicd/Templated/Plan/TeamInfo', 'iconquanxianguanli', 0, 0, 0, 1, 206, '2019-04-22 14:25:00', '206', '2019-04-28 02:59:01', 0, 20, '模板权限', '114.222.211.209'),(380, 320, 'PM-TASK-1-CPRTM', NULL, '协作团队', 'CPRTM', 3, '0', 1, 'Plot/Group/TeamInfo', 'icontuandui', 0, 0, 0, 1, 206, '2019-04-22 14:26:03', '206', '2019-04-28 03:31:48', 0, 40, '协作团队', '114.222.211.209'),(381, 321, 'PM-TASK-2-CPRTM', NULL, '协作团队', 'CPRTM', 3, '0', 1, 'Plot/Group/TeamInfo', 'icontuandui', 0, 0, 0, 1, 206, '2019-04-22 14:27:09', '206', '2019-04-28 03:34:08', 0, 40, '协作团队', '114.222.211.209'),(382, 375, 'BM-TMPL-PLAN-2-INFO', NULL, '基本信息', 'INFO', 3, '0', 1, 'Basicd/Templated/Plan/WbsInfo', 'iconjibenxinxi', 0, 0, 0, 1, 206, '2019-04-22 14:29:50', '206', '2019-04-28 02:59:46', 0, 10, '基本信息', '114.222.211.209'),(383, 375, 'BM-TMPL-PLAN-2-DELV', NULL, '交付清单', 'DELV', 3, '0', 1, 'Basicd/Templated/Plan/DeliveryList', 'iconjiaofuqingdan', 0, 0, 0, 1, 206, '2019-04-22 14:36:16', '206', '2019-04-28 03:00:06', 0, 10, '交付清单', '114.222.211.209'),(384, 376, 'BM-TMPL-PLAN-3-INFO', NULL, '基本信息', 'INFO', 3, '0', 1, 'Basicd/Templated/Plan/TaskInfo', 'iconjibenxinxi', 0, 0, 0, 1, 206, '2019-04-22 14:37:02', '206', '2019-04-28 03:00:18', 0, 10, NULL, '114.222.211.209'),(385, 376, 'BM-TMPL-PLAN-3-DELV', NULL, '交付清单', 'DELV', 3, '0', 1, 'Basicd/Templated/Plan/DeliveryList', 'iconjiaofuqingdan', 0, 0, 0, 1, 206, '2019-04-22 14:37:31', '206', '2019-04-28 03:00:38', 0, 20, '交付清单', '114.222.211.209'),(386, 376, 'BM-TMPL-PLAN-3-LOGIC', NULL, '逻辑关系', 'LOGIC', 3, '0', 1, 'Basicd/Templated/Plan/LogicalRelationship', 'iconguanxitu', 0, 0, 0, 1, 206, '2019-04-22 14:37:51', '206', '2019-04-28 03:00:50', 0, 30, '逻辑关系', '114.222.211.209'),(387, 186, 'BM-TMPL-DELV-INFO', NULL, '基本信息', 'INFO', 3, '0', 1, 'Basicd/Templated/Delivery/DeliveryInfo', 'iconjibenxinxi', 0, 0, 0, 1, 206, '2019-04-22 14:41:00', '206', '2019-04-28 03:02:04', 0, 10, '基本信息', '114.222.211.209'),(388, 186, 'BM-TMPL-DELV-LIST', NULL, '交付物设置', 'LIST', 3, '0', 1, 'Basicd/Templated/Delivery/DevSet', 'iconjiaofuwushezhi1', 0, 0, 0, 1, 206, '2019-04-22 14:41:26', '206', '2019-04-28 03:02:12', 0, 20, '交付物设置', '114.222.211.209'),(389, 187, 'BM-TMPL-DOC-INFO', NULL, '基本信息', 'INFO', 3, '0', 1, 'Basicd/Templated/Doc/DocInfo', 'iconjibenxinxi', 0, 0, 0, 1, 206, '2019-04-22 14:41:59', '206', '2019-04-28 03:02:33', 0, 10, NULL, '114.222.211.209'),(390, 137, 'OM-DEFINE-INFO', NULL, '基本信息', 'INFO', 3, '0', 1, 'Operate/OpeDefine/Edit', 'iconjibenxinxi', 0, 0, 0, 1, 206, '2019-04-22 15:21:50', '206', '2019-04-30 02:08:19', 0, 10, NULL, '114.222.211.209'),(391, 137, 'OM-DEFINE-VERSET', NULL, '规则设置', 'VERSET', 3, '0', 1, 'Operate/OpeDefine/Rule', 'iconbianmaguize', 0, 0, 0, 1, 206, '2019-04-22 15:22:32', '206', '2019-04-30 02:08:38', 0, 20, NULL, '114.222.211.209'),(392, 137, 'OM-DEFINE-CPRTM', NULL, '协作团队', 'CPRTM', 3, '0', 1, 'Operate/OpeDefine/TeamInfo', 'icontuandui', 0, 0, 0, 1, 206, '2019-04-22 15:23:57', '206', '2019-04-30 02:08:51', 0, 30, '变更设置', '114.222.211.209'),(393, 18, 'IM-EPS-INFO', NULL, '基本信息', 'INFO', 3, '0', 1, 'Plot/Group/BasicInfo', 'iconjibenxinxi', 0, 0, 0, 1, 206, '2019-04-22 15:32:33', '206', '2019-04-28 03:43:24', 0, 10, NULL, '114.222.211.209'),(394, 18, 'IM-EPS-FILES', NULL, '文件信息', 'FILES', 3, '0', 1, 'Components/FileInfoTwo', 'iconwenjian', 0, 0, 0, 1, 206, '2019-04-22 15:33:07', '257', '2019-05-07 22:30:21', 0, 20, '文件信息', '192.168.3.140'),(395, 18, 'IM-EPS-CPRTM', NULL, '协作团队', 'CPRTM', 3, '0', 1, 'Plot/Group/TeamInfo', 'icontuandui', 0, 0, 0, 1, 206, '2019-04-22 15:34:45', '206', '2019-04-28 03:43:47', 0, 30, '协作团队', '114.222.211.209'),(396, 19, 'IM-PREPA-INFO', NULL, '基本信息', 'INFO', 3, '0', 1, 'Plot/Approval/InfoForm', 'iconjibenxinxi', 0, 0, 0, 1, 206, '2019-04-22 15:35:14', '206', '2019-04-28 06:22:05', 0, 10, NULL, '192.168.3.105'),(397, 19, 'IM-PREPA-CONTACTS', NULL, '联系人', 'CONTACTS', 3, '0', 1, 'Plot/Approval/LinkManInfo', 'iconlianxiren1', 0, 0, 0, 1, 206, '2019-04-22 15:37:47', '206', '2019-04-28 06:22:23', 0, 30, '联系人', '192.168.3.105'),(398, 19, 'IM-PREPA-TEAM', NULL, '项目团队', 'TEAM', 3, '0', 1, 'Plot/Approval/TeamInfo', 'icon-xiangmutuandui2', 0, 0, 0, 1, 206, '2019-04-22 15:41:19', '257', '2019-05-07 05:11:15', 0, 20, '项目团队', '114.222.211.209'),(399, 19, 'IM-PREPA-FILES', NULL, '文件信息', 'FILES', 3, '0', 1, 'Components/FileInfoTwo', 'iconwenjian', 0, 0, 0, 1, 206, '2019-04-22 15:43:12', '257', '2019-05-07 22:30:32', 0, 40, '文件信息', '192.168.3.140'),(400, 19, 'IM-PREPA-WF', NULL, '流程信息', 'WF', 3, '0', 1, 'MyProcess/ProcessInfo', 'iconliuchengxinxi', 0, 0, 0, 1, 206, '2019-04-22 15:46:30', '206', '2019-04-28 06:23:11', 0, 50, '流程信息', '192.168.3.105'),(401, 20, 'IM-PROJECT-INFO', NULL, '基本信息', 'INFO', 3, '0', 1, 'Plot/Info/InfoForm', 'iconjibenxinxi', 0, 0, 0, 1, 206, '2019-04-22 15:48:17', '206', '2019-04-28 06:23:20', 0, 10, '基本信息', '192.168.3.105'),(402, 20, 'IM-PROJECT-CONTACTS', NULL, '联系人', 'CONTACTS', 3, '0', 1, 'Plot/Approval/LinkManInfo', 'iconlianxiren1', 0, 0, 0, 1, 206, '2019-04-22 15:52:56', '206', '2019-04-28 06:23:28', 0, 20, '基本信息', '192.168.3.105'),(403, 20, 'IM-PROJECT-TEAM', NULL, '项目团队', 'TEAM', 3, '0', 1, 'Plot/Approval/TeamInfo', 'icon-xiangmutuandui2', 0, 0, 0, 1, 206, '2019-04-22 15:53:46', '257', '2019-05-08 00:51:07', 0, 30, '项目团队', '114.222.211.209'),(404, 20, 'IM-PROJECT-CPRTM', NULL, '协作团队', 'CPRTM', 3, '0', 1, 'Plot/Group/TeamInfo', 'icontuandui', 0, 0, 0, 1, 206, '2019-04-22 15:56:00', '206', '2019-04-28 06:23:41', 0, 40, NULL, '192.168.3.105'),(405, 20, 'IM-PROJECT-VERSET', NULL, '变量设置', 'VERSET', 3, '0', 1, 'Plot/Info/VariableSet', 'iconset', 0, 0, 0, 1, 206, '2019-04-22 15:57:21', '206', '2019-04-28 06:23:46', 0, 50, NULL, '192.168.3.105'),(406, 20, 'IM-PROJECT-CLASSIFY', NULL, '分类码', 'CLASSIFY', 3, '0', 1, 'Components/CategoryCode', 'iconfenleima', 0, 0, 0, 1, 206, '2019-04-22 15:58:02', '206', '2019-04-28 06:23:52', 0, 60, NULL, '192.168.3.105'),(409, 175, 'IM-DELV-1', NULL, 'PBS', '1', 4, '0', 1, '/', '0', 0, 0, 0, 1, 206, '2019-04-22 16:00:29', '206', '2019-04-28 06:24:47', 0, 10, NULL, '192.168.3.105'),(410, 175, 'IM-DELV-2', NULL, '交付物', '2', 4, '0', 1, '/', '0', 0, 0, 0, 1, 206, '2019-04-22 16:00:49', '206', '2019-04-28 06:24:55', 0, 20, NULL, '192.168.3.105'),(411, 409, 'IM-DELV-1-INFO', NULL, '基本信息', 'INFO', 3, '0', 1, 'Plot/Delivery/BasicInfo', 'iconjibenxinxi', 0, 0, 0, 1, 206, '2019-04-22 16:01:04', '206', '2019-04-28 06:25:16', 0, 10, NULL, '192.168.3.105'),(412, 410, 'IM-DELV-2-INFO', NULL, '基本信息', 'INFO', 3, '0', 1, 'Plot/Delivery/BasicInfo', 'iconjibenxinxi', 0, 0, 0, 1, 206, '2019-04-22 16:01:43', '206', '2019-04-28 06:25:23', 0, 10, NULL, '192.168.3.105'),(413, 410, 'IM-DELV-2-FILES', NULL, '文件信息', 'FILES', 3, '0', 1, 'Components/FileInfo', 'iconwenjian', 0, 0, 0, 1, 206, '2019-04-22 16:02:16', '206', '2019-04-28 06:25:32', 0, 20, NULL, '192.168.3.105'),(414, 410, 'IM-DELV-2-CLASSIFY', NULL, '分类码', 'CLASSIFY', 3, '0', 1, 'Components/CategoryCode', 'iconfenleima', 0, 0, 0, 1, 206, '2019-04-22 16:02:43', '206', '2019-04-28 21:37:27', 0, 40, NULL, '114.222.211.209'),(415, 410, 'IM-DELV-2-PLAN', NULL, '项目计划', 'PLAN', 3, '0', 1, 'Plot/Delivery/ProjectPlan', 'iconxiangmujihua', 0, 0, 0, 1, 206, '2019-04-22 16:03:22', '206', '2019-04-28 06:25:37', 0, 30, NULL, '192.168.3.105'),(416, 5, 'SM-ROLE-INFO', NULL, '基本信息', 'INFO', 3, '0', 1, 'Sys/Part/BasicInfo', 'iconjibenxinxi', 0, 0, 0, 1, 206, '2019-04-22 16:05:41', '206', '2019-04-28 01:16:40', 0, 10, NULL, '114.222.211.209'),(417, 5, 'SM-ROLE-AUTH_LIST', NULL, '权限清单', 'AUTH_LIST', 3, '0', 1, 'Sys/Part/Authority', 'iconquanxianpeizhi1', 0, 0, 0, 1, 206, '2019-04-22 16:06:48', '206', '2019-04-28 01:17:23', 0, 20, NULL, '114.222.211.209'),(418, 176, 'SM-IPT-INFO', NULL, '基本信息', 'INFO', 3, '0', 1, 'Sys/Ipttree/Agency', 'iconjibenxinxi', 0, 0, 0, 1, 206, '2019-04-22 16:07:51', '206', '2019-04-28 01:19:08', 0, 10, NULL, '114.222.211.209'),(419, 176, 'SM-IPT-USER-LIST', NULL, '用户列表', 'USER-LIST', 3, '0', 1, 'Sys/Ipttree/Staff', 'iconyuangongliebiao', 0, 0, 0, 1, 206, '2019-04-22 16:08:42', '206', '2019-04-28 01:19:14', 0, 20, '', '114.222.211.209'),(420, 6, 'SM-ORG-INFO', NULL, '基本信息', 'INFO', 3, '0', 1, 'Sys/Role/RoleInfo', 'iconjibenxinxi', 0, 0, 0, 1, 206, '2019-04-22 16:09:34', '206', '2019-04-28 01:20:05', 0, 10, '', '114.222.211.209'),(421, 6, 'SM-ORG-USER-LIST', NULL, '用户列表', 'USER-LIST', 3, '0', 1, 'Sys/Role/RoleList', 'iconyuangongliebiao', 0, 0, 0, 1, 206, '2019-04-22 16:10:03', '206', '2019-04-28 01:20:14', 0, 20, NULL, '114.222.211.209'),(422, 3, 'SM-USER-INFO', NULL, '基本信息', 'INFO', 3, '0', 1, 'Sys/User/Info', 'iconyuangongliebiao', 0, 0, 0, 1, 206, '2019-04-22 16:10:31', '206', '2019-04-28 01:21:02', 0, 10, NULL, '114.222.211.209'),(423, 179, 'WM-BUSSI-INFO', NULL, '基本信息', 'INFO', 3, '0', 1, 'Sys/Wfbusiness/BasicInfo', 'iconjibenxinxi', 0, 0, 0, 1, 206, '2019-04-22 16:11:10', '306', '2019-05-06 04:09:32', 0, 10, NULL, '192.168.3.172'),(424, 29, 'RM-ROLE-INFO', NULL, '基本信息', 'INFO', 3, '0', 1, 'Resource/Resourole/BasicInfo', 'iconjibenxinxi', 0, 0, 0, 1, 206, '2019-04-22 16:12:56', '206', '2019-04-28 03:19:26', 0, 10, NULL, '114.222.211.209'),(425, 30, 'RM-LIST-1', NULL, '人力资源', '1', 4, '0', 1, '/', '0', 0, 0, 0, 1, 206, '2019-04-22 16:19:40', '206', '2019-04-23 10:52:06', 0, 10, NULL, '117.89.48.84'),(426, 30, 'RM-LIST-2', NULL, '设备资源', '2', 4, '0', 1, '/', '0', 0, 0, 0, 1, 206, '2019-04-22 16:21:36', NULL, '2019-04-22 16:21:36', 0, 20, NULL, '117.89.48.84'),(427, 30, 'RM-LIST-3', NULL, '材料资源', '3', 4, '0', 1, '/', '0', 0, 0, 0, 1, 206, '2019-04-22 16:22:06', NULL, '2019-04-22 16:22:06', 0, 30, '', '117.89.48.84'),(428, 425, 'RM-LIST-1-INFO', NULL, '基本信息', 'INFO', 3, '0', 1, 'Resource/Resoulist/PeopleListInfo', 'iconjibenxinxi', 0, 0, 0, 1, 206, '2019-04-22 16:23:24', '206', '2019-04-28 03:20:33', 0, 10, NULL, '114.222.211.209'),(429, 425, 'RM-LIST-1-ROLE', NULL, '资源角色', 'ROLE', 3, '0', 1, 'Resource/Resoulist/RoleInfo', 'iconjiaose1', 0, 0, 0, 1, 206, '2019-04-22 16:23:48', '206', '2019-04-28 03:22:18', 0, 20, NULL, '114.222.211.209'),(430, 426, 'RM-LIST-2-INFO', NULL, '基本信息', 'INFO', 3, '0', 1, 'Resource/Resoulist/ListInfo', 'iconjibenxinxi', 0, 0, 0, 1, 206, '2019-04-22 16:24:14', '206', '2019-04-28 03:22:37', 0, 10, NULL, '114.222.211.209'),(431, 426, 'RM-LIST-2-RSRC', NULL, '资源角色', 'RSRC', 3, '0', 1, 'Resource/Resoulist/RoleInfo', 'iconjiaose1', 0, 0, 0, 1, 206, '2019-04-22 16:25:05', '206', '2019-04-28 03:22:50', 0, 20, NULL, '114.222.211.209'),(432, 427, 'RM-LIST-3-INFO', NULL, '基本信息', 'INFO', 3, '0', 1, 'Resource/Resoulist/MaterialInfo', 'iconjibenxinxi', 0, 0, 0, 1, 206, '2019-04-22 16:25:18', '206', '2019-04-28 03:23:03', 0, 10, NULL, '114.222.211.209'),(433, 427, 'RM-LIST-3-RSRC', NULL, '资源角色', 'RSRC', 3, '0', 1, 'Resource/Resoulist/RoleInfo', 'iconjiaose1', 0, 0, 0, 1, 206, '2019-04-22 16:25:41', '206', '2019-04-28 03:23:20', 0, 20, NULL, '114.222.211.209'),(434, 125, 'DM-CORP-INFO', NULL, '基本信息', 'INFO', 3, '0', 1, 'Doc/CompDoc/Edit', 'iconjibenxinxi', 0, 0, 0, 1, 206, '2019-04-22 16:27:38', '206', '2019-04-28 03:03:21', 0, 10, NULL, '114.222.211.209'),(435, 125, 'DM-CORP-VERSION', NULL, '历史版本', 'VERSION', 3, '0', 1, 'Doc/CompDoc/History', 'iconlishibanben', 0, 0, 0, 1, 206, '2019-04-22 16:28:34', '206', '2019-04-28 03:06:17', 0, 20, NULL, '114.222.211.209'),(436, 125, 'DM-CORP-CLA', NULL, '分类码', 'CLA', 3, '0', 1, 'Components/CategoryCode', 'iconfenleima', 0, 0, 0, 1, 206, '2019-04-22 16:29:46', '206', '2019-04-28 03:05:38', 0, 30, NULL, '114.222.211.209'),(437, 120, 'DM-PROJECT-INFO', NULL, '基本信息', 'INFO', 3, '0', 1, 'Doc/ProDoc/Edit', 'iconjibenxinxi', 0, 0, 0, 1, 206, '2019-04-22 16:31:17', '206', '2019-04-28 03:06:34', 0, 10, NULL, '114.222.211.209'),(438, 120, 'DM-PROJECT-VERSION', NULL, '历史版本', 'VERSION', 3, '0', 1, 'Doc/CompDoc/History', 'iconlishibanben', 0, 0, 0, 1, 206, '2019-04-22 16:32:00', '206', '2019-04-28 03:06:45', 0, 20, NULL, '114.222.211.209'),(439, 120, 'DM-PROJECT-CLASSIFY', NULL, '分类码', 'CLASSIFY', 3, '0', 1, 'Components/CategoryCode', 'iconfenleima', 0, 0, 0, 1, 206, '2019-04-22 16:32:37', '206', '2019-04-28 03:06:55', 0, 30, NULL, '114.222.211.209'),(440, 120, 'DM-PROJECT-WF', NULL, '流程信息', 'WF', 3, '0', 1, 'MyProcess/ProcessInfo', 'iconliuchengxinxi', 0, 0, 0, 1, 206, '2019-04-22 16:33:08', '206', '2019-04-28 03:07:07', 0, 40, NULL, '114.222.211.209'),(441, 126, 'DM-FAVORITE-INFO', NULL, '基本信息', 'INFO', 3, '0', 1, 'Doc/Fav/BasicInfo', 'iconjibenxinxi', 0, 0, 0, 1, 206, '2019-04-22 16:33:39', '206', '2019-04-28 03:11:17', 0, 10, NULL, '114.222.211.209'),(442, 170, 'DM-RECYCLEBIN-INFO', NULL, '基本信息', 'INFO', 3, '0', 1, 'Doc/Recycle/BasicInfo', 'iconjibenxinxi', 0, 0, 0, 1, 206, '2019-04-22 16:34:51', '206', '2019-04-28 03:11:43', 0, 10, NULL, '114.222.211.209'),(445, 0, 'WM', 1, '工作流管理', 'WM', 1, '0', 1, '/', 'icon-gongzuoliu', 0, 0, 0, 1, 237, '2019-04-24 11:37:47', '206', '2019-04-25 03:23:34', 0, 800, NULL, '117.89.48.84'),(464, 2, 'SM-MENU-1111', NULL, '测试分组', '1111', 4, '1', 1, '11111', '1111', 0, 0, 0, 1, 206, '2019-04-28 01:24:08', NULL, '2019-04-28 01:24:08', 0, 1, NULL, '192.168.3.161'),(465, 464, 'SM-MENU-1111-111', NULL, '测试页签1', '111', 3, '11', 1, '1111', '111', 0, 0, 0, 1, 206, '2019-04-28 01:24:39', NULL, '2019-04-28 01:24:39', 0, 1, NULL, '192.168.3.161'),(466, 464, 'SM-MENU-1111-1111221', NULL, '测试页签2', '1111221', 3, '我去请问请问请问去', 1, '请问千千万', '11额外企鹅我去', 0, 0, 0, 1, 206, '2019-04-28 01:25:01', NULL, '2019-04-28 01:25:01', 0, 111, NULL, '192.168.3.161'),(468, 0, 'RY', NULL, '人员', 'RY', 1, 'zh', 1, '1', 'icon', 0, 0, 0, 1, 206, '2019-04-28 02:43:30', '206', '2019-04-28 04:06:03', 0, 60, NULL, '192.168.2.12'),(469, 468, 'XMB', NULL, '项目管理', 'XMB', 2, 'zh', 1, '11', 'icon', 1, 0, 0, 1, 206, '2019-04-28 02:49:12', '206', '2019-04-28 04:10:50', 0, 1, NULL, '192.168.2.12'),(470, 468, 'TS', NULL, '特殊工种管理', 'TS', 2, 'zh', 1, '1', 'icon', 1, 0, 0, 1, 206, '2019-04-28 02:55:50', NULL, '2019-04-28 02:55:50', 0, 2, NULL, '192.168.2.12'),(471, 468, 'JTC', NULL, '人员进退场', 'JTC', 2, 'zh', 1, '1', 'icon', 1, 0, 0, 1, 206, '2019-04-28 02:56:26', NULL, '2019-04-28 02:56:26', 0, 4, NULL, '192.168.2.12'),(472, 468, 'BG', NULL, '人员变更', 'BG', 2, 'zh', 1, '1', 'icon', 1, 0, 0, 1, 206, '2019-04-28 02:58:23', NULL, '2019-04-28 02:58:23', 0, 5, NULL, '192.168.2.12'),(473, 468, 'TXL', NULL, '通讯录', 'TXL', 2, 'zh', 1, '1', 'icon', 1, 0, 0, 1, 206, '2019-04-28 02:59:41', NULL, '2019-04-28 02:59:41', 0, 5, NULL, '192.168.2.12'),(474, 468, 'KQ', NULL, '考勤管理', 'KQ', 2, 'zh', 1, '1', 'icon', 1, 0, 0, 1, 206, '2019-04-28 03:00:36', NULL, '2019-04-28 03:00:36', 0, 6, NULL, '192.168.2.12'),(477, 181, 'BM-CLASSIFY-1', NULL, '分类码', '1', 4, '/', 1, '/', 'fenleima', 0, 0, 0, 1, 206, '2019-04-29 00:54:30', NULL, '2019-04-29 00:54:30', 0, 1, NULL, '114.222.211.209'),(478, 181, 'BM-CLASSIFY-2', NULL, '码值', '2', 4, 'mazhi', 1, '/', '1', 0, 0, 0, 1, 206, '2019-04-29 00:55:07', NULL, '2019-04-29 00:55:07', 0, 2, NULL, '114.222.211.209'),(479, 477, 'BM-CLASSIFY-1-INFO', NULL, '基本信息', 'INFO', 3, 'info', 1, 'Basicd/Globald/CategoryCode/CategoryCodeInfo', 'iconjibenxinxi', 0, 0, 0, 1, 206, '2019-04-29 00:58:06', '206', '2019-04-29 01:03:48', 0, 1, NULL, '114.222.211.209'),(480, 478, 'BM-CLASSIFY-2-INFO', NULL, '基本信息', 'INFO', 3, 'info', 1, 'Basicd/Globald/CategoryCode/CodeValueCodeInfo', 'iconjibenxinxi', 0, 0, 0, 1, 206, '2019-04-29 00:58:46', NULL, '2019-04-29 00:58:46', 0, 1, NULL, '114.222.211.209'),(481, 137, 'OM-DEFINE-CODE', NULL, '编码设置', 'CODE', 3, '1', 1, 'Operate/OpeDefine/Code', 'iconconfig-rule', 0, 0, 0, 1, 206, '2019-04-30 02:09:42', NULL, '2019-04-30 02:09:42', 0, 4, NULL, '114.222.211.209'),(482, 138, 'OM-TASK-EDIT', NULL, '基本信息', 'EDIT', 3, '1', 1, 'Operate/OpePrepared/Edit', 'iconjibenxinxi', 0, 0, 0, 1, 206, '2019-04-30 02:16:28', NULL, '2019-04-30 02:16:28', 0, 1, NULL, '114.222.211.209'),(483, 138, 'OM-TASK-RECORD', NULL, '反馈记录', 'RECORD', 3, '1', 1, 'Operate/OpePrepared/Record', 'iconrizhi', 0, 0, 0, 1, 206, '2019-04-30 02:16:59', NULL, '2019-04-30 02:16:59', 0, 2, NULL, '114.222.211.209'),(484, 138, 'OM-TASK-PLAN', NULL, '计划关联', 'PLAN', 3, '1', 1, 'Operate/OpePrepared/PlanAcco', 'iconjihuaguanlian', 0, 0, 0, 1, 206, '2019-04-30 02:17:30', NULL, '2019-04-30 02:17:30', 0, 3, NULL, '114.222.211.209'),(485, 138, 'OM-TASK-TEAMINFO', NULL, '协作团队', 'TEAMINFO', 3, '1', 1, 'Operate/OpeDefine/TeamInfo', 'icontuandui\'', 0, 0, 0, 1, 206, '2019-04-30 02:17:54', NULL, '2019-04-30 02:17:54', 0, 4, NULL, '114.222.211.209'),(486, 138, 'OM-TASK-FILEINFO', NULL, '文件信息', 'FILEINFO', 3, '1', 1, 'Operate/OpePrepared/FileInfo', 'iconwenjian', 0, 0, 0, 1, 206, '2019-04-30 02:18:20', NULL, '2019-04-30 02:18:20', 0, 5, NULL, '114.222.211.209'),(487, 138, 'OM-TASK-CHANGEINFO', NULL, '变更记录', 'CHANGEINFO', 3, '1', 1, 'Operate/OpePrepared/ChangeInfo', 'iconbiangengxinxi', 0, 0, 0, 1, 206, '2019-04-30 02:19:20', NULL, '2019-04-30 02:19:20', 0, 6, NULL, '114.222.211.209'),(488, 138, 'OM-TASK-PROCESSINFO', NULL, '流程信息', 'PROCESSINFO', 3, '1', 1, 'MyProcess/ProcessInfo', 'iconliuchengxinxi', 0, 0, 0, 1, 206, '2019-04-30 02:19:46', NULL, '2019-04-30 02:19:46', 0, 7, NULL, '114.222.211.209'),(489, 174, 'OM-FEEDBACK-PROGRESS', NULL, '进展填报', 'PROGRESS', 3, '1', 1, 'Operate/OpeFdback/Progress', 'iconjindujixian', 0, 0, 0, 1, 206, '2019-04-30 02:22:46', NULL, '2019-04-30 02:22:46', 0, 1, NULL, '114.222.211.209'),(490, 174, 'OM-FEEDBACK-RECORD', NULL, '反馈记录', 'RECORD', 3, '1', 1, 'Operate/OpeFdback/Record', 'iconrizhi', 0, 0, 0, 1, 206, '2019-04-30 02:24:22', NULL, '2019-04-30 02:24:22', 0, 2, NULL, '114.222.211.209'),(491, 174, 'OM-FEEDBACK-PROCESSINFO', NULL, '流程信息', 'PROCESSINFO', 3, '1', 1, 'MyProcess/ProcessInfo', 'iconliuchengxinxi', 0, 0, 0, 1, 206, '2019-04-30 02:26:10', NULL, '2019-04-30 02:26:10', 0, 3, NULL, '114.222.211.209'),(492, 173, 'OM-CHANGE-EDIT', NULL, '基本信息', 'EDIT', 3, '1', 1, 'Operate/OpeChange/Edit', 'iconjibenxinxi', 0, 0, 0, 1, 206, '2019-04-30 02:27:12', NULL, '2019-04-30 02:27:12', 0, 1, NULL, '114.222.211.209'),(493, 173, 'OM-CHANGE-FILEINFO', NULL, '文件信息', 'FILEINFO', 3, '1', 1, 'Operate/OpePrepared/FileInfo', 'iconwenjian', 0, 0, 0, 1, 206, '2019-04-30 02:27:42', NULL, '2019-04-30 02:27:42', 0, 2, NULL, '114.222.211.209'),(494, 173, 'OM-CHANGE-CHANGEINFO', NULL, '变更记录', 'CHANGEINFO', 3, '1', 1, 'Operate/OpePrepared/ChangeInfo', 'iconbiangengxinxi', 0, 0, 0, 1, 206, '2019-04-30 02:28:05', NULL, '2019-04-30 02:28:05', 0, 3, NULL, '114.222.211.209'),(495, 173, 'OM-CHANGE-PROCESSINFO', NULL, '流程信息', 'PROCESSINFO', 3, '1', 1, 'MyProcess/ProcessInfo', 'iconliuchengxinxi', 0, 0, 0, 1, 206, '2019-04-30 02:28:30', NULL, '2019-04-30 02:28:30', 0, 4, NULL, '114.222.211.209'),(496, 0, 'STATIS', NULL, '综合分析', 'STATIS', 1, '1', 1, '/', '1', 0, 0, 0, 1, 206, '2019-05-05 02:15:00', NULL, '2019-05-05 02:15:00', 0, 4, '综合分析', '114.222.211.209'),(497, 496, 'STATIS-RESOURCES', NULL, '资源管理', 'RESOURCES', 2, '1', 1, 'Statis/Resources', '1', 0, 0, 0, 1, 206, '2019-05-05 02:16:23', NULL, '2019-05-05 02:16:23', 0, 1, NULL, '114.222.211.209'),(498, 496, 'STATIS-PROJECT', NULL, '项目进展', 'PROJECT', 2, '1', 1, 'Statis/Project', '1', 0, 0, 0, 1, 206, '2019-05-05 02:17:22', NULL, '2019-05-05 02:17:22', 0, 2, NULL, '114.222.211.209'),(499, 496, 'STATIS-MILESTORNE', NULL, '里程碑', 'MILESTORNE', 2, '1', 1, 'Statis/Milestone', '1', 0, 0, 0, 1, 206, '2019-05-05 02:18:01', NULL, '2019-05-05 02:18:01', 0, 3, NULL, '114.222.211.209'),(500, 2, 'SM-MENU-I18N', NULL, '国际化', 'I18N', 3, '1', 1, 'Sys/Menu/I18n', 'iconjibenxinxi', 0, 0, 0, 1, 206, '2019-05-06 21:11:49', '206', '2019-05-06 21:22:15', 0, 30, NULL, '192.168.3.111'),(501, 5, 'SM-ROLE-USER-LIST', NULL, '用户列表', 'USER-LIST', 3, '0', 1, 'Sys/Part/userList', 'iconyuangongliebiao', 0, 0, 0, 1, 247, '2019-05-07 03:32:02', '247', '2019-05-07 03:32:28', 0, 30, NULL, '114.222.211.209');
UNLOCK TABLES;
COMMIT;
BEGIN;
LOCK TABLES `acm_cloud`.`wsd_sys_message` WRITE;
DELETE FROM `acm_cloud`.`wsd_sys_message`;
INSERT INTO `acm_cloud`.`wsd_sys_message` (`ID`,`TITLE`,`CONTENT`,`SEND_USER`,`SEND_TIME`,`type`,`source`,`DEL`,`collect`,`CLAIM_DEAL_TYPE`,`CLAIM_DEAL_TIME`,`PARENT_ID`,`OPT_TYPE`,`LAST_UPD_TIME`,`LAST_UPD_USER`,`CREAT_TIME`,`CREATOR`,`LAST_UPD_IP`,`WSDVER`,`SORT_NUM`) VALUES (52, '付首付多少', '<p>法法&nbsp;</p>', 206, '2019-04-22 21:10:26', 'COMMUNICATE', 0, 0, 0, 'INXXBEFOREPZ', '2019-04-11 00:00:00', 0, 0, '2019-04-30 02:18:09', '206', '2019-04-22 21:10:26', 206, '114.222.211.209', 0, NULL),(53, 'dsafa', '<p>gfdsgfdsgdsg</p>', 237, '2019-04-22 21:12:40', 'COMMUNICATE', 0, 0, 0, NULL, NULL, 52, 1, '2019-04-22 21:12:40', NULL, '2019-04-22 21:12:40', 237, '117.89.48.84', 0, NULL),(58, 'ACM设计图', '', 257, '2019-04-28 03:10:33', 'DOC_OUTGIVING', 0, 0, 0, NULL, NULL, 0, 0, '2019-05-04 21:34:12', '257', '2019-04-28 03:10:33', 257, '114.222.211.209', 0, NULL),(59, '沟通测试', '<p>ASDFASDF&nbsp;</p>', 257, '2019-04-28 03:12:32', 'COMMUNICATE', 0, 0, 0, 'INXXBEFOREPZ', '2019-04-29 11:00:00', 0, 0, '2019-05-04 21:34:12', '257', '2019-04-28 03:12:32', 257, '114.222.211.209', 0, NULL),(60, '吧v', '<p>嘎嘎嘎嘎嘎过过过过过过过</p>', 206, '2019-04-29 04:16:49', 'DOC_OUTGIVING', 0, 0, 0, 'inXXbeforehf', '2019-04-28 11:00:00', 0, 0, '2019-04-30 02:18:09', '206', '2019-04-29 04:16:49', 206, '114.222.211.209', 0, NULL),(61, '测试', '<p>啊啊啊啊</p>', 206, NULL, 'COMMUNICATE', 0, 2, 0, NULL, NULL, 0, 0, '2019-04-29 09:35:11', NULL, '2019-04-29 09:35:11', 206, '192.168.3.155', 0, NULL),(62, '测试消息', '<p><divcourier new\',=\"\" monospace;font-weight:=\"\" normal;font-size:=\"\" 14px;line-height:=\"\" 19px;white-space:=\"\" pre;\"=\"\"></divcourier></p><div><span>recv</span>测试消息</div>', 251, '2019-04-29 09:42:17', 'COMMUNICATE', 0, 0, 0, 'INXXBEFOREHF', '2019-04-29 11:00:00', 0, 0, '2019-04-29 09:42:17', NULL, '2019-04-29 09:42:17', 251, '114.222.211.209', 0, NULL),(63, '已经收到', '<p>已经收到</p>', 257, '2019-04-29 09:45:34', 'COMMUNICATE', 0, 0, 0, NULL, NULL, 62, 1, '2019-05-04 21:34:12', '257', '2019-04-29 09:45:34', 257, '114.222.211.209', 0, NULL),(64, '测试回复消息一', '<p>测试回复消息一</p>', 251, '2019-04-29 10:25:49', 'COMMUNICATE', 0, 0, 0, NULL, NULL, 0, 0, '2019-04-29 10:25:49', NULL, '2019-04-29 10:25:49', 251, '114.222.211.209', 0, NULL),(65, '测试回复消息一回复', '<p>测试回复消息一回复</p>', 257, '2019-04-29 10:33:54', 'COMMUNICATE', 0, 0, 0, NULL, NULL, 64, 1, '2019-05-04 21:34:12', '257', '2019-04-29 10:33:54', 257, '114.222.211.209', 0, NULL),(66, '测试回复消息一回复回复', '<p>测试回复消息一回复回复</p>', 251, '2019-04-29 10:34:38', 'COMMUNICATE', 0, 0, 0, NULL, NULL, 65, 1, '2019-04-29 10:34:38', NULL, '2019-04-29 10:34:38', 251, '114.222.211.209', 0, NULL),(68, '测试回复消息一回复回复', '<p>测试回复消息一回复回复</p>', 257, '2019-04-29 10:36:23', 'COMMUNICATE', 0, 0, 0, NULL, NULL, 66, 2, '2019-05-04 21:34:12', '257', '2019-04-29 10:36:23', 257, '114.222.211.209', 0, NULL),(69, '测试还原', '<p>测试还原测试还原</p>', 206, '2019-04-29 22:03:26', 'COMMUNICATE', 0, 0, 0, NULL, NULL, 0, 0, '2019-04-30 02:18:09', '206', '2019-04-29 22:03:26', 206, '114.222.211.209', 0, NULL),(70, '测试消息', '<p>测试消息</p>', 251, '2019-04-30 01:45:00', 'COMMUNICATE', 0, 0, 0, NULL, NULL, 0, 0, '2019-04-30 01:45:00', NULL, '2019-04-30 01:45:00', 251, '114.222.211.209', 0, NULL);
UNLOCK TABLES;
COMMIT;
BEGIN;
LOCK TABLES `acm_cloud`.`wsd_sys_message_drafts` WRITE;
DELETE FROM `acm_cloud`.`wsd_sys_message_drafts`;
INSERT INTO `acm_cloud`.`wsd_sys_message_drafts` (`ID`,`TITLE`,`CONTENT`,`SEND_USER`,`SEND_TIME`,`type`,`CLAIM_DEAL_TYPE`,`CLAIM_DEAL_TIME`,`PARENT_ID`,`OPT_TYPE`,`LAST_UPD_TIME`,`LAST_UPD_USER`,`CREAT_TIME`,`CREATOR`,`LAST_UPD_IP`,`WSDVER`,`SORT_NUM`) VALUES (1, '1', '1', 1, '2019-03-06 10:51:36', '1', 'AAA', '2019-03-07 10:51:45', 1, 1, NULL, NULL, '2019-03-14 10:51:57', NULL, NULL, NULL, NULL);
UNLOCK TABLES;
COMMIT;
BEGIN;
LOCK TABLES `acm_cloud`.`wsd_sys_message_drafts_user` WRITE;
DELETE FROM `acm_cloud`.`wsd_sys_message_drafts_user`;
UNLOCK TABLES;
COMMIT;
BEGIN;
LOCK TABLES `acm_cloud`.`wsd_sys_message_relation` WRITE;
DELETE FROM `acm_cloud`.`wsd_sys_message_relation`;
INSERT INTO `acm_cloud`.`wsd_sys_message_relation` (`ID`,`BIZ_TYPE`,`BIZ_ID`,`MESSAGE_ID`,`LAST_UPD_TIME`,`LAST_UPD_USER`,`CREAT_TIME`,`CREATOR`,`LAST_UPD_IP`,`WSDVER`,`SORT_NUM`) VALUES (73, 'file', 275, 52, '2019-04-22 21:10:26', NULL, '2019-04-22 21:10:26', 206, '117.89.48.84', 0, NULL),(74, 'file', 462, 58, '2019-04-28 03:10:33', NULL, '2019-04-28 03:10:33', 257, '114.222.211.209', 0, NULL),(75, 'file', 466, 58, '2019-04-28 03:10:33', NULL, '2019-04-28 03:10:33', 257, '114.222.211.209', 0, NULL),(76, 'file', 467, 58, '2019-04-28 03:10:33', NULL, '2019-04-28 03:10:33', 257, '114.222.211.209', 0, NULL),(77, 'file', 499, 60, '2019-04-29 04:16:49', NULL, '2019-04-29 04:16:49', 206, '114.222.211.209', 0, NULL),(78, 'file', 526, 61, '2019-04-29 09:35:11', NULL, '2019-04-29 09:35:11', 206, '192.168.3.155', 0, NULL),(79, 'file', 527, 61, '2019-04-29 09:35:12', NULL, '2019-04-29 09:35:12', 206, '192.168.3.155', 0, NULL),(80, 'file', 528, 62, '2019-04-29 09:42:17', NULL, '2019-04-29 09:42:17', 251, '114.222.211.209', 0, NULL),(81, 'file', 529, 64, '2019-04-29 10:25:49', NULL, '2019-04-29 10:25:49', 251, '114.222.211.209', 0, NULL),(82, 'file', 590, 70, '2019-04-30 01:45:00', NULL, '2019-04-30 01:45:00', 251, '114.222.211.209', 0, NULL);
UNLOCK TABLES;
COMMIT;
BEGIN;
LOCK TABLES `acm_cloud`.`wsd_sys_message_user` WRITE;
DELETE FROM `acm_cloud`.`wsd_sys_message_user`;
INSERT INTO `acm_cloud`.`wsd_sys_message_user` (`ID`,`MESSAGE_ID`,`RECV_USER`,`RECV_TIME`,`REAL_STATUS`,`TYPE`,`del`,`collect`,`LAST_UPD_TIME`,`LAST_UPD_USER`,`CREAT_TIME`,`CREATOR`,`LAST_UPD_IP`,`WSDVER`,`SORT_NUM`) VALUES (125, 52, 237, '2019-04-22 21:10:26', 1, 1, 0, 0, '2019-04-29 22:19:13', '206', '2019-04-22 21:10:26', 206, '192.168.3.155', 0, NULL),(126, 52, 236, '2019-04-22 21:10:26', 0, 1, 0, 0, '2019-04-22 21:10:26', NULL, '2019-04-22 21:10:26', 206, '117.89.48.84', 0, NULL),(127, 52, 231, '2019-04-22 21:10:26', 0, 1, 0, 0, '2019-04-22 21:10:26', NULL, '2019-04-22 21:10:26', 206, '117.89.48.84', 0, NULL),(128, 52, 218, '2019-04-22 21:10:26', 0, 1, 0, 0, '2019-04-22 21:10:26', NULL, '2019-04-22 21:10:26', 206, '117.89.48.84', 0, NULL),(133, 58, 206, '2019-04-28 03:10:33', 1, 1, 0, 0, '2019-04-30 04:43:06', '206', '2019-04-23 14:11:21', 206, '114.222.211.209', 0, NULL),(134, 58, 251, '2019-04-28 03:10:33', 1, 1, 0, 0, '2019-04-28 03:11:58', '251', '2019-04-28 03:10:33', 257, '114.222.211.209', 0, NULL),(135, 59, 304, '2019-04-28 03:12:32', 0, 1, 0, 0, '2019-04-28 03:12:32', NULL, '2019-04-28 03:12:32', 257, '192.168.3.105', 0, NULL),(136, 60, 304, '2019-04-29 04:16:49', 0, 1, 0, 0, '2019-04-29 22:19:12', '206', '2019-04-29 04:16:49', 206, '192.168.3.155', 0, NULL),(137, 61, 305, NULL, 0, 1, NULL, NULL, '2019-04-29 09:35:11', NULL, '2019-04-29 09:35:11', 206, '192.168.3.155', 0, NULL),(138, 61, 251, NULL, 0, 1, NULL, NULL, '2019-04-29 09:35:11', NULL, '2019-04-29 09:35:11', 206, '192.168.3.155', 0, NULL),(139, 61, 254, NULL, 0, 1, NULL, NULL, '2019-04-29 09:35:11', NULL, '2019-04-29 09:35:11', 206, '192.168.3.155', 0, NULL),(140, 61, 252, NULL, 0, 1, NULL, NULL, '2019-04-29 09:35:11', NULL, '2019-04-29 09:35:11', 206, '192.168.3.155', 0, NULL),(141, 61, 253, NULL, 0, 1, NULL, NULL, '2019-04-29 09:35:11', NULL, '2019-04-29 09:35:11', 206, '192.168.3.155', 0, NULL),(142, 61, 247, NULL, 0, 1, NULL, NULL, '2019-04-29 09:35:11', NULL, '2019-04-29 09:35:11', 206, '192.168.3.155', 0, NULL),(143, 61, 260, NULL, 0, 1, NULL, NULL, '2019-04-29 09:35:11', NULL, '2019-04-29 09:35:11', 206, '192.168.3.155', 0, NULL),(144, 62, 257, '2019-04-29 09:42:17', 1, 1, 0, 0, '2019-05-04 21:41:15', '257', '2019-04-29 09:42:17', 251, '192.168.3.111', 0, NULL),(145, 64, 257, '2019-04-29 10:25:49', 1, 1, 0, 0, '2019-05-04 21:41:15', '257', '2019-04-29 10:25:49', 251, '192.168.3.111', 0, NULL),(146, 65, 251, '2019-04-29 10:33:54', 1, 1, 0, 0, '2019-04-29 10:34:15', '251', '2019-04-29 10:33:54', 257, '114.222.211.209', 0, NULL),(147, 66, 257, '2019-04-29 10:34:38', 1, 1, 0, 0, '2019-05-04 21:41:16', '257', '2019-04-29 10:34:38', 251, '192.168.3.111', 0, NULL),(149, 68, 251, '2019-04-29 10:36:23', 1, 1, 0, 0, '2019-04-29 10:39:36', '251', '2019-04-29 10:36:23', 257, '114.222.211.209', 0, NULL),(150, 69, 247, '2019-04-29 22:03:26', 0, 1, 0, 0, '2019-04-29 22:19:12', '206', '2019-04-29 22:03:26', 206, '192.168.3.155', 0, NULL),(151, 70, 257, '2019-04-30 01:45:00', 0, 1, 0, 0, '2019-05-04 21:41:16', '257', '2019-04-30 01:45:00', 251, '192.168.3.111', 0, NULL);
UNLOCK TABLES;
COMMIT;
BEGIN;
LOCK TABLES `acm_cloud`.`wsd_sys_operation_audit` WRITE;
DELETE FROM `acm_cloud`.`wsd_sys_operation_audit`;
INSERT INTO `acm_cloud`.`wsd_sys_operation_audit` (`id`,`logger_type`,`application_name`,`module_name`,`operation_name`,`operation_result`,`operation_user`,`exception`,`operation_desc`,`ip_address`,`last_upd_time`,`last_upd_user`,`creator`,`creat_time`,`sort_num`,`last_upd_ip`,`wsdver`) VALUES (464, '测试', '测试', '测试', '测试', '测试', 124, '测试', '测试', '测试', NULL, NULL, NULL, '2019-03-08 15:23:16', NULL, NULL, NULL),(465, '组织增加', '系统管理', '组织管理', '增加', '成功', 124, '增加', '增加', '1237.02.0230', NULL, NULL, NULL, '2019-03-22 10:19:26', NULL, NULL, NULL);
UNLOCK TABLES;
COMMIT;
BEGIN;
LOCK TABLES `acm_cloud`.`wsd_sys_org` WRITE;
DELETE FROM `acm_cloud`.`wsd_sys_org`;
INSERT INTO `acm_cloud`.`wsd_sys_org` (`id`,`parent_id`,`biz_type`,`biz_id`,`org_code`,`org_name`,`del`,`org_type`,`org_level`,`remark`,`last_upd_time`,`last_upd_user`,`creat_time`,`creator`,`last_upd_ip`,`wsdver`,`sort_num`,`status`,`grog_loc`,`org_address`,`zip_code`,`org_contract`,`contract_num`,`org_email`,`web_address`,`effect_date`,`invalid_date`) VALUES (127, 47, 'project', 1, 'CODE1.1', '测试团队1.1', NULL, NULL, NULL, NULL, '2019-03-25 16:09:24', NULL, '2019-03-25 16:09:24', 206, '192.168.3.116', 0, 1, NULL, NULL, NULL, NULL, NULL, NULL, NULL, NULL, NULL, NULL),(134, 133, 'prepa', 12, '3.3', '3.3', NULL, NULL, NULL, NULL, '2019-03-25 19:04:13', NULL, '2019-03-25 19:04:13', 206, '49.77.228.180', 0, 1, NULL, NULL, NULL, NULL, NULL, NULL, NULL, NULL, NULL, NULL),(137, 132, 'prepa', 12, '2.2.2', '2.2.2', NULL, NULL, NULL, NULL, '2019-03-25 20:22:20', NULL, '2019-03-25 20:22:20', 206, '49.77.228.180', 0, 1, NULL, NULL, NULL, NULL, NULL, NULL, NULL, NULL, NULL, NULL),(143, 140, 'prepa', 12, '2.2.4', '2.2.4', NULL, NULL, NULL, NULL, '2019-03-25 21:03:35', NULL, '2019-03-25 21:03:35', 206, '49.77.228.180', 0, 1, NULL, NULL, NULL, NULL, NULL, NULL, NULL, NULL, NULL, NULL),(165, 28, 'project', 1, '01_u', '01Name_u', NULL, NULL, NULL, NULL, '2019-03-26 14:13:53', NULL, '2019-03-26 14:13:52', NULL, '127.0.0.1', 0, 1, NULL, NULL, NULL, NULL, NULL, NULL, NULL, NULL, NULL, NULL),(184, 0, 'prepa', 11, '1111', '人事部门', NULL, NULL, NULL, NULL, '2019-03-28 15:32:09', NULL, '2019-03-28 15:32:09', 206, '192.168.3.155', 0, 1, NULL, NULL, NULL, NULL, NULL, NULL, NULL, NULL, NULL, NULL),(185, 184, 'prepa', 11, 'two', '营销部门', NULL, NULL, NULL, NULL, '2019-03-28 15:54:57', NULL, '2019-03-28 15:54:57', 206, '192.168.3.155', 0, 1, NULL, NULL, NULL, NULL, NULL, NULL, NULL, NULL, NULL, NULL),(186, 0, 'prepa', 11, 'sanyi', '三一科技', NULL, NULL, NULL, NULL, '2019-03-28 15:55:14', NULL, '2019-03-28 15:55:14', 206, '192.168.3.155', 0, 2, NULL, NULL, NULL, NULL, NULL, NULL, NULL, NULL, NULL, NULL),(187, 0, 'prepa', 60, '1200', '体操部', NULL, NULL, NULL, NULL, '2019-03-29 15:13:39', NULL, '2019-03-29 15:13:39', 206, '117.89.48.84', 0, 1, NULL, NULL, NULL, NULL, NULL, NULL, NULL, NULL, NULL, NULL),(188, 0, 'prepa', 19, '1111222', '钱钱钱钱钱', NULL, NULL, NULL, NULL, '2019-03-29 16:50:36', '206', '2019-03-29 16:50:01', 206, '117.89.48.84', 0, 1, NULL, NULL, NULL, NULL, NULL, NULL, NULL, NULL, NULL, NULL),(189, 188, 'prepa', 19, 'two', '营销部门', NULL, NULL, NULL, NULL, '2019-03-29 16:50:50', NULL, '2019-03-29 16:50:50', 206, '117.89.48.84', 0, 1, NULL, NULL, NULL, NULL, NULL, NULL, NULL, NULL, NULL, NULL),(190, 0, 'prepa', 19, 'one', '市场部门', NULL, NULL, NULL, NULL, '2019-03-29 16:52:04', NULL, '2019-03-29 16:52:04', 206, '117.89.48.84', 0, 2, NULL, NULL, NULL, NULL, NULL, NULL, NULL, NULL, NULL, NULL),(191, 0, 'prepa', 31, 'one', '市场部门1', NULL, NULL, NULL, NULL, '2019-04-01 16:19:37', '206', '2019-04-01 16:18:30', 206, '117.89.48.84', 0, 1, NULL, NULL, NULL, NULL, NULL, NULL, NULL, NULL, NULL, NULL),(192, 191, 'prepa', 31, '01', '测试', NULL, NULL, NULL, NULL, '2019-04-01 16:18:57', NULL, '2019-04-01 16:18:57', 206, '117.89.48.84', 0, 1, NULL, NULL, NULL, NULL, NULL, NULL, NULL, NULL, NULL, NULL),(193, 192, 'prepa', 31, '`21', '大', NULL, NULL, NULL, NULL, '2019-04-01 16:21:43', NULL, '2019-04-01 16:21:43', 206, '117.89.48.84', 0, 1, NULL, NULL, NULL, NULL, NULL, NULL, NULL, NULL, NULL, NULL),(195, 192, 'prepa', 31, '214312', '二维无', NULL, NULL, NULL, NULL, '2019-04-01 16:36:16', NULL, '2019-04-01 16:36:16', 206, '117.89.48.84', 0, 2, NULL, NULL, NULL, NULL, NULL, NULL, NULL, NULL, NULL, NULL),(196, 0, 'prepa', 31, '4543', '花港饭店', NULL, NULL, NULL, NULL, '2019-04-01 16:36:41', NULL, '2019-04-01 16:36:41', 206, '117.89.48.84', 0, 2, NULL, NULL, NULL, NULL, NULL, NULL, NULL, NULL, NULL, NULL),(197, 9999, 'bizType100', 9999, 'teamCode100', 'teamName100', NULL, NULL, NULL, NULL, '2019-04-01 16:46:56', NULL, '2019-04-01 16:46:56', NULL, '127.0.0.1', 0, 1, NULL, NULL, NULL, NULL, NULL, NULL, NULL, NULL, NULL, NULL),(198, 0, 'prepa', 22, 'sanyi', '三一科技', NULL, NULL, NULL, NULL, '2019-04-04 16:09:40', NULL, '2019-04-04 16:09:40', 206, '117.89.48.84', 0, 1, NULL, NULL, NULL, NULL, NULL, NULL, NULL, NULL, NULL, NULL),(199, 198, 'prepa', 22, 'one', '市场部门', NULL, NULL, NULL, NULL, '2019-04-04 16:09:40', NULL, '2019-04-04 16:09:40', 206, '117.89.48.84', 0, 1, NULL, NULL, NULL, NULL, NULL, NULL, NULL, NULL, NULL, NULL),(207, 0, 'prepa', 62, '66666', '苏轨院', NULL, NULL, NULL, NULL, '2019-04-15 17:06:56', '206', '2019-04-15 17:04:59', 206, '117.89.48.84', 0, 1, NULL, NULL, NULL, NULL, NULL, NULL, NULL, NULL, NULL, NULL),(208, 207, 'prepa', 62, 'WSD', '南京维斯德软件有限公司', NULL, NULL, NULL, NULL, '2019-04-15 17:07:05', NULL, '2019-04-15 17:07:05', 206, '117.89.48.84', 0, 1, NULL, NULL, NULL, NULL, NULL, NULL, NULL, NULL, NULL, NULL),(209, 208, 'prepa', 62, '002', '营销中心1', NULL, NULL, NULL, NULL, '2019-04-15 17:07:05', NULL, '2019-04-15 17:07:05', 206, '117.89.48.84', 0, 1, NULL, NULL, NULL, NULL, NULL, NULL, NULL, NULL, NULL, NULL),(211, 185, 'prepa', 11, '（三）', '（三）', NULL, NULL, NULL, NULL, '2019-04-19 14:44:11', NULL, '2019-04-19 14:44:11', 206, '117.89.48.84', 0, 1, NULL, NULL, NULL, NULL, NULL, NULL, NULL, NULL, NULL, NULL),(212, 0, 'prepa', 58, '1', '11', NULL, NULL, NULL, NULL, '2019-04-19 14:54:18', '206', '2019-04-19 14:53:59', 206, '117.89.48.84', 0, 1, NULL, NULL, NULL, NULL, NULL, NULL, NULL, NULL, NULL, NULL),(213, 0, 'project', 77, 'TD1', '团队1', NULL, NULL, NULL, NULL, '2019-04-20 18:40:32', NULL, '2019-04-20 18:40:32', 206, '117.89.48.84', 0, 1, NULL, NULL, NULL, NULL, NULL, NULL, NULL, NULL, NULL, NULL),(214, 213, 'project', 77, 'TD1.1', '团队1.1', NULL, NULL, NULL, NULL, '2019-04-20 18:40:45', NULL, '2019-04-20 18:40:45', 206, '117.89.48.84', 0, 1, NULL, NULL, NULL, NULL, NULL, NULL, NULL, NULL, NULL, NULL),(231, 0, NULL, NULL, 'WISDOM', 'XXXX有限公司（勿删）', NULL, 0, '1', '', '2019-05-07 01:43:35', '257', '2019-04-24 12:43:37', 206, '114.222.211.209', 0, NULL, '1', NULL, '', NULL, NULL, NULL, NULL, NULL, NULL, NULL),(232, 231, NULL, NULL, 'wsd-001', '产品研发中心', NULL, 1, '1', '', '2019-04-24 15:44:54', '206', '2019-04-24 12:44:09', 206, '117.89.48.84', 0, 100, '1', NULL, '', NULL, NULL, NULL, NULL, NULL, NULL, NULL),(233, 231, NULL, NULL, 'wsd-002', '市场营销中心', NULL, 1, '1', '', '2019-04-24 15:45:38', NULL, '2019-04-24 15:45:38', 206, '117.89.48.84', 0, 200, '1', NULL, '', NULL, NULL, NULL, NULL, NULL, NULL, NULL),(235, 231, NULL, NULL, 'wsd-004', '业务咨询部', NULL, 1, '1', '', '2019-04-24 15:46:22', NULL, '2019-04-24 15:46:22', 206, '117.89.48.84', 0, 400, '1', NULL, '', NULL, NULL, NULL, NULL, NULL, NULL, NULL),(236, 231, NULL, NULL, 'wsd-005', '财务综合部', NULL, 1, '1', '', '2019-04-24 15:46:37', NULL, '2019-04-24 15:46:37', 206, '117.89.48.84', 0, 500, '1', NULL, '', NULL, NULL, NULL, NULL, NULL, NULL, NULL),(237, 231, NULL, NULL, 'wsd-006', '上海办事处', NULL, 1, '1', '', '2019-04-24 15:47:20', NULL, '2019-04-24 15:47:20', 206, '117.89.48.84', 0, 600, '1', NULL, '', NULL, NULL, NULL, NULL, NULL, NULL, NULL),(238, 231, NULL, NULL, 'wsd-007', '北京办事处', NULL, 1, '1', '', '2019-04-24 15:47:37', NULL, '2019-04-24 15:47:37', 206, '117.89.48.84', 0, 700, '1', NULL, '', NULL, NULL, NULL, NULL, NULL, NULL, NULL),(239, 231, NULL, NULL, 'wsd-008', '筑享云事业部', NULL, 1, '1', '', '2019-04-24 15:47:52', NULL, '2019-04-24 15:47:52', 206, '117.89.48.84', 0, 800, '1', NULL, '', NULL, NULL, NULL, NULL, NULL, NULL, NULL),(240, 232, NULL, NULL, 'wsd-00101', '开发部', NULL, 1, '2', '', '2019-04-24 15:48:28', NULL, '2019-04-24 15:48:28', 206, '117.89.48.84', 0, 100, '1', NULL, '', NULL, NULL, NULL, NULL, NULL, NULL, NULL),(241, 232, NULL, NULL, 'wsd-00102', '大数据平台&产品架构部', NULL, 1, '2', '', '2019-04-24 15:48:44', NULL, '2019-04-24 15:48:44', 206, '117.89.48.84', 0, 200, '1', NULL, '', NULL, NULL, NULL, NULL, NULL, NULL, NULL),(242, 232, NULL, NULL, 'wsd-00103', '移动部', NULL, 1, '2', '', '2019-04-24 15:48:55', NULL, '2019-04-24 15:48:55', 206, '117.89.48.84', 0, 300, '1', NULL, '', NULL, NULL, NULL, NULL, NULL, NULL, NULL),(278, 0, 'prepa', 78, 'CPYFZX', '产品研发中心', NULL, NULL, NULL, NULL, '2019-04-24 08:45:05', NULL, '2019-04-24 08:45:05', 206, '192.168.3.199', 0, 1, NULL, NULL, NULL, NULL, NULL, NULL, NULL, NULL, NULL, NULL),(279, 278, 'prepa', 78, 'KFB', '开发部', NULL, NULL, NULL, NULL, '2019-04-24 08:45:20', NULL, '2019-04-24 08:45:20', 206, '192.168.3.199', 0, 1, NULL, NULL, NULL, NULL, NULL, NULL, NULL, NULL, NULL, NULL),(284, 0, 'prepa', 78, 'CPYFZX1', '产品研发中心', NULL, NULL, NULL, NULL, '2019-04-24 09:14:42', NULL, '2019-04-24 09:14:42', 257, '192.168.3.199', 0, 2, NULL, NULL, NULL, NULL, NULL, NULL, NULL, NULL, NULL, NULL),(286, 284, 'prepa', 78, 'KFB1', '开发部', NULL, NULL, NULL, NULL, '2019-04-24 09:14:52', NULL, '2019-04-24 09:14:52', 257, '192.168.3.199', 0, 1, NULL, NULL, NULL, NULL, NULL, NULL, NULL, NULL, NULL, NULL),(287, 284, 'prepa', 78, 'DSJ', '大数据', NULL, NULL, NULL, NULL, '2019-04-24 09:15:06', NULL, '2019-04-24 09:15:06', 257, '192.168.3.199', 0, 2, NULL, NULL, NULL, NULL, NULL, NULL, NULL, NULL, NULL, NULL),(289, 284, 'prepa', 78, 'TEST1', '测试部门', NULL, NULL, NULL, NULL, '2019-04-24 09:17:43', NULL, '2019-04-24 09:17:43', 257, '192.168.3.199', 0, 3, NULL, NULL, NULL, NULL, NULL, NULL, NULL, NULL, NULL, NULL),(290, 0, 'prepa', 78, 'CPYFZXA', '产品研发中心A', NULL, NULL, NULL, NULL, '2019-04-24 09:21:40', NULL, '2019-04-24 09:21:40', 257, '192.168.3.199', 0, 3, NULL, NULL, NULL, NULL, NULL, NULL, NULL, NULL, NULL, NULL),(296, 0, 'project', 78, 'CPYFZX', '产品研发中心', NULL, NULL, NULL, NULL, '2019-04-24 09:26:13', '257', '2019-04-24 09:25:28', 257, '192.168.3.199', 0, 2, NULL, NULL, NULL, NULL, NULL, NULL, NULL, NULL, NULL, NULL),(297, 296, 'project', 78, 'KFB.1', '开发部', NULL, NULL, NULL, NULL, '2019-04-24 09:26:41', NULL, '2019-04-24 09:26:41', 257, '192.168.3.199', 0, 1, NULL, NULL, NULL, NULL, NULL, NULL, NULL, NULL, NULL, NULL),(302, 296, 'project', 78, 'KFB11', '大数据', NULL, NULL, NULL, NULL, '2019-04-24 09:33:54', NULL, '2019-04-24 09:33:54', 257, '192.168.3.199', 0, 2, NULL, NULL, NULL, NULL, NULL, NULL, NULL, NULL, NULL, NULL),(333, 0, 'perpa', 11, 'CPYFZX', '产品研发中心', NULL, NULL, NULL, NULL, '2019-04-25 03:20:57', NULL, '2019-04-25 03:20:57', 257, '192.168.3.101', 0, 1, NULL, NULL, NULL, NULL, NULL, NULL, NULL, NULL, NULL, NULL),(334, 0, 'project', 64, '32', '发放', NULL, NULL, NULL, NULL, '2019-04-25 03:22:27', NULL, '2019-04-25 03:22:27', 206, '117.89.48.84', 0, 1, NULL, NULL, NULL, NULL, NULL, NULL, NULL, NULL, NULL, NULL),(335, 0, 'prepa', 73, '测试4', '测试4', NULL, NULL, NULL, NULL, '2019-04-25 04:05:28', NULL, '2019-04-25 04:05:28', 206, '117.89.48.84', 0, 1, NULL, NULL, NULL, NULL, NULL, NULL, NULL, NULL, NULL, NULL),(336, 0, 'prepa', 73, 'wsd-002', '市场营销中心', NULL, NULL, NULL, NULL, '2019-04-25 04:13:53', NULL, '2019-04-25 04:13:53', 206, '117.89.48.84', 0, 2, NULL, NULL, NULL, NULL, NULL, NULL, NULL, NULL, NULL, NULL),(337, 0, 'prepa', 75, 'wsd-004', '业务咨询部', NULL, NULL, NULL, NULL, '2019-04-25 04:24:22', NULL, '2019-04-25 04:24:22', 206, '117.89.48.84', 0, 1, NULL, NULL, NULL, NULL, NULL, NULL, NULL, NULL, NULL, NULL),(338, 0, 'prepa', 36, '测试4', '测试4', NULL, NULL, NULL, NULL, '2019-04-25 05:06:26', NULL, '2019-04-25 05:06:26', 206, '117.89.48.84', 0, 1, NULL, NULL, NULL, NULL, NULL, NULL, NULL, NULL, NULL, NULL),(339, 0, 'prepa', 49, 'wsd-00101', '开发部', NULL, NULL, NULL, NULL, '2019-04-25 05:11:09', NULL, '2019-04-25 05:11:09', 206, '117.89.48.84', 0, 1, NULL, NULL, NULL, NULL, NULL, NULL, NULL, NULL, NULL, NULL),(340, 0, 'prepa', 49, 'wsd-002', '市场营销中心', NULL, NULL, NULL, NULL, '2019-04-25 05:12:06', NULL, '2019-04-25 05:12:06', 206, '117.89.48.84', 0, 2, NULL, NULL, NULL, NULL, NULL, NULL, NULL, NULL, NULL, NULL),(341, 0, 'prepa', 49, 'wsd-006', '上海办事处', NULL, NULL, NULL, NULL, '2019-04-25 05:14:09', NULL, '2019-04-25 05:14:09', 206, '117.89.48.84', 0, 3, NULL, NULL, NULL, NULL, NULL, NULL, NULL, NULL, NULL, NULL),(342, 0, 'prepa', 75, '测试4', '测试4', NULL, NULL, NULL, NULL, '2019-04-25 05:21:26', NULL, '2019-04-25 05:21:26', 206, '117.89.48.84', 0, 2, NULL, NULL, NULL, NULL, NULL, NULL, NULL, NULL, NULL, NULL),(343, 0, 'prepa', 100, 'wsd-002', '市场营销中心', NULL, NULL, NULL, NULL, '2019-04-25 05:31:18', NULL, '2019-04-25 05:31:18', 257, '117.89.48.84', 0, 1, NULL, NULL, NULL, NULL, NULL, NULL, NULL, NULL, NULL, NULL),(344, 0, 'prepa', 100, 'wsd-001', '产品研发中心', NULL, NULL, NULL, NULL, '2019-04-25 05:33:07', NULL, '2019-04-25 05:33:07', 206, '127.0.0.1', 0, 2, NULL, NULL, NULL, NULL, NULL, NULL, NULL, NULL, NULL, NULL),(345, 0, 'prepa', 64, '测试4', '测试4', NULL, NULL, NULL, NULL, '2019-04-25 20:42:26', NULL, '2019-04-25 20:42:26', 257, '117.89.48.84', 0, 1, NULL, NULL, NULL, NULL, NULL, NULL, NULL, NULL, NULL, NULL),(346, 0, 'perpa', 67, 'CPYFZX', '产品研发中心', NULL, NULL, NULL, NULL, '2019-04-25 22:35:52', NULL, '2019-04-25 22:35:52', 257, '192.168.3.101', 0, 1, NULL, NULL, NULL, NULL, NULL, NULL, NULL, NULL, NULL, NULL),(347, 346, 'perpa', 67, 'UID', 'UID', NULL, NULL, NULL, NULL, '2019-04-25 22:40:07', NULL, '2019-04-25 22:40:07', 257, '192.168.3.101', 0, 1, NULL, NULL, NULL, NULL, NULL, NULL, NULL, NULL, NULL, NULL),(348, 346, 'prepa', 67, 'wsd-00101', '开发部', NULL, NULL, NULL, NULL, '2019-04-25 22:52:15', NULL, '2019-04-25 22:52:15', 257, '192.168.3.101', 0, 1, NULL, NULL, NULL, NULL, NULL, NULL, NULL, NULL, NULL, NULL),(349, 346, 'prepa', 67, 'wsd-002', '市场营销中心', NULL, NULL, NULL, NULL, '2019-04-25 23:02:15', NULL, '2019-04-25 23:02:15', 257, '192.168.3.101', 0, 2, NULL, NULL, NULL, NULL, NULL, NULL, NULL, NULL, NULL, NULL),(350, 346, 'prepa', 67, 'wsd-00103', '移动部', NULL, NULL, NULL, NULL, '2019-04-25 23:13:44', NULL, '2019-04-25 23:13:44', 257, '192.168.3.101', 0, 3, NULL, NULL, NULL, NULL, NULL, NULL, NULL, NULL, NULL, NULL),(351, 0, 'prepa', 67, 'CPYFZX', '产品研发中心', NULL, NULL, NULL, NULL, '2019-04-25 23:16:58', NULL, '2019-04-25 23:16:58', 257, '192.168.3.101', 0, 1, NULL, NULL, NULL, NULL, NULL, NULL, NULL, NULL, NULL, NULL),(352, 351, 'prepa', 67, 'KFB', '开发部', NULL, NULL, NULL, NULL, '2019-04-25 23:17:07', NULL, '2019-04-25 23:17:07', 257, '192.168.3.101', 0, 1, NULL, NULL, NULL, NULL, NULL, NULL, NULL, NULL, NULL, NULL),(354, 351, 'prepa', 67, 'wsd-005', '财务综合部', NULL, NULL, NULL, NULL, '2019-04-25 23:17:56', NULL, '2019-04-25 23:17:56', 257, '192.168.3.101', 0, 3, NULL, NULL, NULL, NULL, NULL, NULL, NULL, NULL, NULL, NULL),(361, 351, 'prepa', 67, 'wsd-003', '业务实施部', NULL, NULL, NULL, NULL, '2019-04-26 01:19:59', NULL, '2019-04-26 01:19:59', 257, '192.168.3.101', 0, 6, NULL, NULL, NULL, NULL, NULL, NULL, NULL, NULL, NULL, NULL),(362, 0, 'prepa', 68, 'CPYFZX', '产品研发中心', NULL, NULL, NULL, NULL, '2019-04-26 05:01:18', NULL, '2019-04-26 05:01:18', 206, '192.168.3.101', 0, 1, NULL, NULL, NULL, NULL, NULL, NULL, NULL, NULL, NULL, NULL),(365, 0, 'perpa', 10, 'ceshi', '测试', NULL, NULL, NULL, NULL, '2019-04-26 05:11:17', NULL, '2019-04-26 05:11:17', 206, '114.222.211.209', 0, 1, NULL, NULL, NULL, NULL, NULL, NULL, NULL, NULL, NULL, NULL),(368, 362, 'prepa', 68, 'CS', '测试部门', NULL, NULL, NULL, NULL, '2019-04-26 07:20:19', NULL, '2019-04-26 07:20:19', 257, '192.168.3.101', 0, 2, NULL, NULL, NULL, NULL, NULL, NULL, NULL, NULL, NULL, NULL),(369, 0, 'prepa', 66, 'CPYFZX', '产品研发中心', NULL, NULL, NULL, NULL, '2019-04-26 07:44:53', '257', '2019-04-26 07:44:30', 257, '192.168.3.101', 0, 1, NULL, NULL, NULL, NULL, NULL, NULL, NULL, NULL, NULL, NULL),(370, 0, 'prepa', 66, 'CPYFZX1', '开发部', NULL, NULL, NULL, NULL, '2019-04-26 07:44:38', NULL, '2019-04-26 07:44:38', 257, '192.168.3.101', 0, 2, NULL, NULL, NULL, NULL, NULL, NULL, NULL, NULL, NULL, NULL),(371, 0, 'project', 55, 'AAAB', 'AAAB', NULL, NULL, NULL, NULL, '2019-04-26 07:47:56', '257', '2019-04-26 07:47:43', 257, '192.168.3.101', 0, 1, NULL, NULL, NULL, NULL, NULL, NULL, NULL, NULL, NULL, NULL),(372, 371, 'project', 55, 'BBB', 'BBB', NULL, NULL, NULL, NULL, '2019-04-26 07:47:48', NULL, '2019-04-26 07:47:48', 257, '192.168.3.101', 0, 1, NULL, NULL, NULL, NULL, NULL, NULL, NULL, NULL, NULL, NULL),(373, 372, 'project', 55, 'wsd-00102', '大数据平台&产品架构部', NULL, NULL, NULL, NULL, '2019-04-26 07:48:14', NULL, '2019-04-26 07:48:14', 257, '192.168.3.101', 0, 1, NULL, NULL, NULL, NULL, NULL, NULL, NULL, NULL, NULL, NULL),(374, 0, 'project', 106, 'CPYFZX', '产品研发中心', NULL, NULL, NULL, NULL, '2019-04-28 03:37:16', NULL, '2019-04-28 03:37:16', 257, '192.168.3.105', 0, 1, NULL, NULL, NULL, NULL, NULL, NULL, NULL, NULL, NULL, NULL),(375, 0, 'project', 114, 'AAA', 'AAA', NULL, NULL, NULL, NULL, '2019-04-28 07:11:51', NULL, '2019-04-28 07:11:51', 257, '192.168.3.105', 0, 1, NULL, NULL, NULL, NULL, NULL, NULL, NULL, NULL, NULL, NULL),(376, 0, 'project', 114, 'BBB', 'BBB', NULL, NULL, NULL, NULL, '2019-04-28 07:11:58', NULL, '2019-04-28 07:11:58', 257, '192.168.3.105', 0, 2, NULL, NULL, NULL, NULL, NULL, NULL, NULL, NULL, NULL, NULL),(377, 375, 'project', 114, 'wsd-00101', '开发部', NULL, NULL, NULL, NULL, '2019-04-28 07:12:06', NULL, '2019-04-28 07:12:06', 257, '192.168.3.105', 0, 1, NULL, NULL, NULL, NULL, NULL, NULL, NULL, NULL, NULL, NULL),(378, 376, 'project', 114, '测试6-111', '测试6-1111', NULL, NULL, NULL, NULL, '2019-04-28 07:12:23', NULL, '2019-04-28 07:12:23', 257, '192.168.3.105', 0, 1, NULL, NULL, NULL, NULL, NULL, NULL, NULL, NULL, NULL, NULL),(379, 0, 'project', 111, 'ceshi', '测试', NULL, NULL, NULL, NULL, '2019-04-28 07:16:06', NULL, '2019-04-28 07:16:06', 257, '192.168.3.105', 0, 1, NULL, NULL, NULL, NULL, NULL, NULL, NULL, NULL, NULL, NULL),(380, 379, 'project', 111, '测试4', '测试1', NULL, NULL, NULL, NULL, '2019-04-28 07:16:07', NULL, '2019-04-28 07:16:07', 257, '192.168.3.105', 0, 1, NULL, NULL, NULL, NULL, NULL, NULL, NULL, NULL, NULL, NULL),(382, 381, 'prepa', 69, '测试4', '测试1', NULL, NULL, NULL, NULL, '2019-04-29 06:00:49', NULL, '2019-04-29 06:00:49', 206, '114.222.211.209', 0, 1, NULL, NULL, NULL, NULL, NULL, NULL, NULL, NULL, NULL, NULL),(383, 382, 'prepa', 69, 'wsd-002', '市场营销中心', NULL, NULL, NULL, NULL, '2019-04-29 06:01:20', NULL, '2019-04-29 06:01:20', 206, '114.222.211.209', 0, 1, NULL, NULL, NULL, NULL, NULL, NULL, NULL, NULL, NULL, NULL),(385, 0, 'prepa', 69, '（七）', '（七）', NULL, NULL, NULL, NULL, '2019-04-29 22:26:26', NULL, '2019-04-29 22:26:26', 206, '114.222.211.209', 0, 1, NULL, NULL, NULL, NULL, NULL, NULL, NULL, NULL, NULL, NULL),(386, 0, 'project', 72, '（九）', '（九）', NULL, NULL, NULL, NULL, '2019-04-29 22:47:27', NULL, '2019-04-29 22:47:27', 206, '114.222.211.209', 0, 1, NULL, NULL, NULL, NULL, NULL, NULL, NULL, NULL, NULL, NULL),(387, 232, NULL, NULL, 'test-org', '测试机构', NULL, 1, '1', '', '2019-05-06 01:33:13', NULL, '2019-05-06 01:33:13', 206, '192.168.3.172', 0, 3, '1', NULL, '', NULL, NULL, NULL, NULL, NULL, NULL, NULL),(389, 0, 'prepa', 70, 'HF001', '售前团队', NULL, NULL, NULL, NULL, '2019-05-07 01:05:58', '257', '2019-05-07 01:05:25', 257, '114.222.211.209', 0, 1, NULL, NULL, NULL, NULL, NULL, NULL, NULL, NULL, NULL, NULL),(390, 0, 'prepa', 70, 'HF002', '实施团队', NULL, NULL, NULL, NULL, '2019-05-07 01:06:49', '257', '2019-05-07 01:05:33', 257, '114.222.211.209', 0, 2, NULL, NULL, NULL, NULL, NULL, NULL, NULL, NULL, NULL, NULL),(392, 390, 'prepa', 70, 'HF00201', '实施顾问团队', NULL, NULL, NULL, NULL, '2019-05-07 01:06:31', NULL, '2019-05-07 01:06:31', 257, '114.222.211.209', 0, 1, NULL, NULL, NULL, NULL, NULL, NULL, NULL, NULL, NULL, NULL),(393, 390, 'prepa', 70, 'HF00202', '开发顾问团队', NULL, NULL, NULL, NULL, '2019-05-07 01:06:41', NULL, '2019-05-07 01:06:41', 257, '114.222.211.209', 0, 2, NULL, NULL, NULL, NULL, NULL, NULL, NULL, NULL, NULL, NULL),(402, 0, 'prepa', 64, '测试6', '测试6', NULL, NULL, NULL, NULL, '2019-05-07 02:32:01', NULL, '2019-05-07 02:32:01', 257, '114.222.211.209', 0, 2, NULL, NULL, NULL, NULL, NULL, NULL, NULL, NULL, NULL, NULL),(403, 0, 'prepa', 64, '测试6-111', '测试6-1111', NULL, NULL, NULL, NULL, '2019-05-07 02:32:01', NULL, '2019-05-07 02:32:01', 257, '114.222.211.209', 0, 3, NULL, NULL, NULL, NULL, NULL, NULL, NULL, NULL, NULL, NULL),(404, 0, 'prepa', 64, 'wsd-00101', '开发部', NULL, NULL, NULL, NULL, '2019-05-07 02:32:12', NULL, '2019-05-07 02:32:12', 257, '114.222.211.209', 0, 4, NULL, NULL, NULL, NULL, NULL, NULL, NULL, NULL, NULL, NULL),(405, 0, 'prepa', 64, 'wsd-00102', '大数据平台&产品架构部', NULL, NULL, NULL, NULL, '2019-05-07 02:32:12', NULL, '2019-05-07 02:32:12', 257, '114.222.211.209', 0, 5, NULL, NULL, NULL, NULL, NULL, NULL, NULL, NULL, NULL, NULL),(409, 0, 'prepa', 22, 'PD000', '产品委员会', NULL, NULL, NULL, NULL, '2019-05-07 06:15:57', NULL, '2019-05-07 06:15:57', 257, '114.222.211.209', 0, 2, NULL, NULL, NULL, NULL, NULL, NULL, NULL, NULL, NULL, NULL),(410, 0, 'prepa', 22, 'PD001', '产品需求团队', NULL, NULL, NULL, NULL, '2019-05-07 06:15:57', NULL, '2019-05-07 06:15:57', 257, '114.222.211.209', 0, 3, NULL, NULL, NULL, NULL, NULL, NULL, NULL, NULL, NULL, NULL);
UNLOCK TABLES;
COMMIT;
BEGIN;
LOCK TABLES `acm_cloud`.`wsd_sys_pwdrule` WRITE;
DELETE FROM `acm_cloud`.`wsd_sys_pwdrule`;
INSERT INTO `acm_cloud`.`wsd_sys_pwdrule` (`id`,`cycle`,`length`,`errornumber`,`locktime`,`LAST_UPD_IP`,`SORT_NUM`,`WSDVER`,`LAST_UPD_TIME`,`LAST_UPD_USER`,`CREAT_TIME`,`CREATOR`) VALUES (1, 30, 8, 5, 10, '117.89.23.119', NULL, '0', '2019-04-27 21:34:14', '206', '2019-03-08 14:17:13', NULL);
UNLOCK TABLES;
COMMIT;
BEGIN;
LOCK TABLES `acm_cloud`.`wsd_sys_role` WRITE;
DELETE FROM `acm_cloud`.`wsd_sys_role`;
INSERT INTO `acm_cloud`.`wsd_sys_role` (`ID`,`role_code`,`role_name`,`role_desc`,`last_upd_time`,`last_upd_user`,`creat_time`,`creator`,`last_upd_ip`,`wsdver`,`sort_num`) VALUES (181, 'PROJECT', '项目管理员', '项目管理员', '2019-04-26 22:30:08', '206', '2019-04-21 12:31:32', 206, '114.222.211.209', '0', 1),(182, 'PLAN', '计划员', '计划员', '2019-04-21 12:32:14', NULL, '2019-04-21 12:32:14', 206, '117.89.48.84', '0', 2),(184, 'DOC', '文档管理员', '文档管理员', '2019-04-21 12:34:02', NULL, '2019-04-21 12:34:02', 206, '117.89.48.84', '0', 4),(185, 'SYS', '系统管理员', '系统管理员', '2019-04-21 12:34:24', NULL, '2019-04-21 12:34:24', 206, '117.89.48.84', '0', 5),(188, 'SAF', '安全保密员', '', '2019-04-29 21:16:43', '206', '2019-04-23 22:53:15', 206, '114.222.211.209', '0', 7),(196, 'acmtest', 'ACM开发测试员', '用于开发阶段测试的角色，具有所有菜单权限', '2019-04-24 09:43:02', NULL, '2019-04-24 09:43:02', 206, '117.89.48.84', '0', 9),(213, 'AUD', '安全审计员', NULL, '2019-04-29 21:16:58', NULL, '2019-04-29 21:16:58', 206, '114.222.211.209', '0', 19);
UNLOCK TABLES;
COMMIT;
BEGIN;
LOCK TABLES `acm_cloud`.`wsd_sys_roleauth` WRITE;
DELETE FROM `acm_cloud`.`wsd_sys_roleauth`;
INSERT INTO `acm_cloud`.`wsd_sys_roleauth` (`id`,`role_id`,`res_code`,`res_type`,`creator`,`creat_time`,`last_upd_user`,`last_upd_time`,`wsdver`,`sort_num`,`last_upd_ip`) VALUES (264, 196, 'IM', 'menu', NULL, NULL, NULL, NULL, NULL, NULL, NULL),(269, 196, 'PM', 'menu', NULL, NULL, NULL, NULL, NULL, NULL, NULL),(270, 196, 'PM-DEFINE', 'menu', NULL, NULL, NULL, NULL, NULL, NULL, NULL),(271, 196, 'PM-TASK', 'menu', NULL, NULL, NULL, NULL, NULL, NULL, NULL),(272, 196, 'PM-CHANGE', 'menu', NULL, NULL, NULL, NULL, NULL, NULL, NULL),(273, 196, 'PM-FEEDBACK', 'menu', NULL, NULL, NULL, NULL, NULL, NULL, NULL),(274, 196, 'SM-MENU', 'menu', NULL, NULL, NULL, NULL, NULL, NULL, NULL),(275, 196, 'BM', 'menu', NULL, NULL, NULL, NULL, NULL, NULL, NULL),(276, 196, 'BM-DICT', 'menu', NULL, NULL, NULL, NULL, NULL, NULL, NULL),(277, 196, 'BM-CLASSIFY', 'menu', NULL, NULL, NULL, NULL, NULL, NULL, NULL),(278, 196, 'BM-CALENDAR', 'menu', NULL, NULL, NULL, NULL, NULL, NULL, NULL),(279, 196, 'BM-CURRENY', 'menu', NULL, NULL, NULL, NULL, NULL, NULL, NULL),(280, 196, 'BM-GLOBALD', 'menu', NULL, NULL, NULL, NULL, NULL, NULL, NULL),(281, 196, 'BM-TMPL-PLAN', 'menu', NULL, NULL, NULL, NULL, NULL, NULL, NULL),(282, 196, 'BM-TMPL-DELV', 'menu', NULL, NULL, NULL, NULL, NULL, NULL, NULL),(283, 196, 'BM-TMPL-DOC', 'menu', NULL, NULL, NULL, NULL, NULL, NULL, NULL),(284, 196, 'BM-CODERULE', 'menu', NULL, NULL, NULL, NULL, NULL, NULL, NULL),(285, 196, 'SM-ROLE', 'menu', NULL, NULL, NULL, NULL, NULL, NULL, NULL),(286, 196, 'OM', 'menu', NULL, NULL, NULL, NULL, NULL, NULL, NULL),(287, 196, 'OM-DEFINE', 'menu', NULL, NULL, NULL, NULL, NULL, NULL, NULL),(288, 196, 'OM-TASK', 'menu', NULL, NULL, NULL, NULL, NULL, NULL, NULL),(289, 196, 'OM-FEEDBACK', 'menu', NULL, NULL, NULL, NULL, NULL, NULL, NULL),(290, 196, 'OM-CHANGE', 'menu', NULL, NULL, NULL, NULL, NULL, NULL, NULL),(291, 196, 'RM', 'menu', NULL, NULL, NULL, NULL, NULL, NULL, NULL),(292, 196, 'RM-ROLE', 'menu', NULL, NULL, NULL, NULL, NULL, NULL, NULL),(293, 196, 'RM-LIST', 'menu', NULL, NULL, NULL, NULL, NULL, NULL, NULL),(294, 196, 'RM-ANAL', 'menu', NULL, NULL, NULL, NULL, NULL, NULL, NULL),(295, 196, 'CM', 'menu', NULL, NULL, NULL, NULL, NULL, NULL, NULL),(296, 196, 'CM-QUESTION', 'menu', NULL, NULL, NULL, NULL, NULL, NULL, NULL),(297, 196, 'CM-MEETING', 'menu', NULL, NULL, NULL, NULL, NULL, NULL, NULL),(298, 196, 'DM', 'menu', NULL, NULL, NULL, NULL, NULL, NULL, NULL),(299, 196, 'DM-TEMPORARY', 'menu', NULL, NULL, NULL, NULL, NULL, NULL, NULL),(300, 196, 'DM-CORP', 'menu', NULL, NULL, NULL, NULL, NULL, NULL, NULL),(301, 196, 'DM-PROJECT', 'menu', NULL, NULL, NULL, NULL, NULL, NULL, NULL),(302, 196, 'DM-FAVORITE', 'menu', NULL, NULL, NULL, NULL, NULL, NULL, NULL),(303, 196, 'DM-RECYCLEBIN', 'menu', NULL, NULL, NULL, NULL, NULL, NULL, NULL),(304, 196, 'SM', 'menu', NULL, NULL, NULL, NULL, NULL, NULL, NULL),(305, 196, 'SM-IPT', 'menu', NULL, NULL, NULL, NULL, NULL, NULL, NULL),(306, 196, 'SM-ORG', 'menu', NULL, NULL, NULL, NULL, NULL, NULL, NULL),(307, 196, 'SM-USER', 'menu', NULL, NULL, NULL, NULL, NULL, NULL, NULL),(308, 196, 'SYS-TMM', 'menu', NULL, NULL, NULL, NULL, NULL, NULL, NULL),(313, 196, 'PREPA_EDIT', 'func', NULL, NULL, NULL, NULL, NULL, NULL, NULL),(314, 196, 'PROJECT_EDIT', 'func', NULL, NULL, NULL, NULL, NULL, NULL, NULL),(315, 196, 'PROJECT_TEAM-EDIT', 'func', NULL, NULL, NULL, NULL, NULL, NULL, NULL),(316, 196, 'PROJECT_CPRTM-EDIT', 'func', NULL, NULL, NULL, NULL, NULL, NULL, NULL),(317, 196, 'DELV_EDIT', 'func', NULL, NULL, NULL, NULL, NULL, NULL, NULL),(320, 196, 'TASK_EDIT', 'func', NULL, NULL, NULL, NULL, NULL, NULL, NULL),(321, 196, 'TASK_RELEASE', 'func', NULL, NULL, NULL, NULL, NULL, NULL, NULL),(322, 196, 'TASK_CONFIRM', 'func', NULL, NULL, NULL, NULL, NULL, NULL, NULL),(323, 196, 'TASK_RELEASE-APRL', 'func', NULL, NULL, NULL, NULL, NULL, NULL, NULL),(324, 196, 'TASK_RELEASE-CANCEL', 'func', NULL, NULL, NULL, NULL, NULL, NULL, NULL),(325, 196, 'TASK_PROGCALC', 'func', NULL, NULL, NULL, NULL, NULL, NULL, NULL),(326, 196, 'TASK_TMPLPLAN-SAVE', 'func', NULL, NULL, NULL, NULL, NULL, NULL, NULL),(327, 196, 'TASK_IMPORT', 'func', NULL, NULL, NULL, NULL, NULL, NULL, NULL),(328, 196, 'TASK_EXPORT', 'func', NULL, NULL, NULL, NULL, NULL, NULL, NULL),(329, 196, 'TASK_CPRTM-EDIT', 'func', NULL, NULL, NULL, NULL, NULL, NULL, NULL),(330, 196, 'CHANGE_EDIT', 'func', NULL, NULL, NULL, NULL, NULL, NULL, NULL),(331, 196, 'CHANGE_RELEASE', 'func', NULL, NULL, NULL, NULL, NULL, NULL, NULL),(332, 196, 'CHANGE_RELEASE-APRL', 'func', NULL, NULL, NULL, NULL, NULL, NULL, NULL),(333, 196, 'FEEDBACK_EDIT', 'func', NULL, NULL, NULL, NULL, NULL, NULL, NULL),(334, 196, 'FEEDBACK_APPROVED', 'func', NULL, NULL, NULL, NULL, NULL, NULL, NULL),(335, 196, 'FEEDBACK_APPROVAL', 'func', NULL, NULL, NULL, NULL, NULL, NULL, NULL),(336, 196, 'FEEDBACK_APPROVED-CANCEL', 'func', NULL, NULL, NULL, NULL, NULL, NULL, NULL),(337, 196, 'ROLE_RSRC_EDIT', 'func', NULL, NULL, NULL, NULL, NULL, NULL, NULL),(338, 196, 'LIST_RSRC_EDIT', 'func', NULL, NULL, NULL, NULL, NULL, NULL, NULL),(339, 196, 'ANAL_RSRC_EDIT', 'func', NULL, NULL, NULL, NULL, NULL, NULL, NULL),(340, 196, 'QUESTION_EDIT', 'func', NULL, NULL, NULL, NULL, NULL, NULL, NULL),(341, 196, 'MEETING_EDIT', 'func', NULL, NULL, NULL, NULL, NULL, NULL, NULL),(342, 196, 'TEMPORARY_EDIT', 'func', NULL, NULL, NULL, NULL, NULL, NULL, NULL),(343, 196, 'CORP_DOC_EDIT', 'func', NULL, NULL, NULL, NULL, NULL, NULL, NULL),(344, 196, 'PROJECT_DOC_EDIT', 'func', NULL, NULL, NULL, NULL, NULL, NULL, NULL),(345, 196, 'FAVORITE_EDIT', 'func', NULL, NULL, NULL, NULL, NULL, NULL, NULL),(346, 196, 'RECYCLEBIN_EDIT', 'func', NULL, NULL, NULL, NULL, NULL, NULL, NULL),(348, 196, 'CLASSIFY_EDIT', 'func', NULL, NULL, NULL, NULL, NULL, NULL, NULL),(349, 196, 'CALENDAR_EDIT', 'func', NULL, NULL, NULL, NULL, NULL, NULL, NULL),(350, 196, 'CURRENY_EDIT', 'func', NULL, NULL, NULL, NULL, NULL, NULL, NULL),(351, 196, 'GLOBALD_EDIT', 'func', NULL, NULL, NULL, NULL, NULL, NULL, NULL),(352, 196, 'TMPL-PLAN_EDIT', 'func', NULL, NULL, NULL, NULL, NULL, NULL, NULL),(353, 196, 'TMPL-DELV_EDIT', 'func', NULL, NULL, NULL, NULL, NULL, NULL, NULL),(354, 196, 'TMPL-DOC_EDIT', 'func', NULL, NULL, NULL, NULL, NULL, NULL, NULL),(355, 196, 'CODERULE_EDIT', 'func', NULL, NULL, NULL, NULL, NULL, NULL, NULL),(356, 196, 'MENU_EDIT', 'func', NULL, NULL, NULL, NULL, NULL, NULL, NULL),(357, 196, 'ROLE_EDIT', 'func', NULL, NULL, NULL, NULL, NULL, NULL, NULL),(358, 196, 'IPT_EDIT', 'func', NULL, NULL, NULL, NULL, NULL, NULL, NULL),(359, 196, 'ORG_EDIT', 'func', NULL, NULL, NULL, NULL, NULL, NULL, NULL),(360, 196, 'TMM_EDIT', 'func', NULL, NULL, NULL, NULL, NULL, NULL, NULL),(361, 196, 'BUSSI_WF_EDIT', 'func', NULL, NULL, NULL, NULL, NULL, NULL, NULL),(362, 182, 'PM', 'menu', NULL, NULL, NULL, NULL, NULL, NULL, NULL),(363, 182, 'PM-DEFINE', 'menu', NULL, NULL, NULL, NULL, NULL, NULL, NULL),(364, 182, 'PM-TASK', 'menu', NULL, NULL, NULL, NULL, NULL, NULL, NULL),(365, 182, 'PM-CHANGE', 'menu', NULL, NULL, NULL, NULL, NULL, NULL, NULL),(366, 182, 'PM-FEEDBACK', 'menu', NULL, NULL, NULL, NULL, NULL, NULL, NULL),(367, 182, 'DM', 'menu', NULL, NULL, NULL, NULL, NULL, NULL, NULL),(368, 182, 'DM-TEMPORARY', 'menu', NULL, NULL, NULL, NULL, NULL, NULL, NULL),(369, 182, 'DM-CORP', 'menu', NULL, NULL, NULL, NULL, NULL, NULL, NULL),(370, 182, 'DM-PROJECT', 'menu', NULL, NULL, NULL, NULL, NULL, NULL, NULL),(371, 182, 'DM-FAVORITE', 'menu', NULL, NULL, NULL, NULL, NULL, NULL, NULL),(372, 182, 'DM-RECYCLEBIN', 'menu', NULL, NULL, NULL, NULL, NULL, NULL, NULL),(373, 182, 'CM', 'menu', NULL, NULL, NULL, NULL, NULL, NULL, NULL),(374, 182, 'CM-QUESTION', 'menu', NULL, NULL, NULL, NULL, NULL, NULL, NULL),(375, 182, 'CM-MEETING', 'menu', NULL, NULL, NULL, NULL, NULL, NULL, NULL),(376, 181, 'IM', 'menu', NULL, NULL, NULL, NULL, NULL, NULL, NULL),(381, 181, 'PM', 'menu', NULL, NULL, NULL, NULL, NULL, NULL, NULL),(382, 181, 'PM-DEFINE', 'menu', NULL, NULL, NULL, NULL, NULL, NULL, NULL),(383, 181, 'PM-TASK', 'menu', NULL, NULL, NULL, NULL, NULL, NULL, NULL),(384, 181, 'PM-CHANGE', 'menu', NULL, NULL, NULL, NULL, NULL, NULL, NULL),(385, 181, 'PM-FEEDBACK', 'menu', NULL, NULL, NULL, NULL, NULL, NULL, NULL),(386, 181, 'RM', 'menu', NULL, NULL, NULL, NULL, NULL, NULL, NULL),(387, 181, 'RM-ROLE', 'menu', NULL, NULL, NULL, NULL, NULL, NULL, NULL),(388, 181, 'RM-LIST', 'menu', NULL, NULL, NULL, NULL, NULL, NULL, NULL),(389, 181, 'RM-ANAL', 'menu', NULL, NULL, NULL, NULL, NULL, NULL, NULL),(390, 181, 'CM', 'menu', NULL, NULL, NULL, NULL, NULL, NULL, NULL),(391, 181, 'CM-QUESTION', 'menu', NULL, NULL, NULL, NULL, NULL, NULL, NULL),(392, 181, 'CM-MEETING', 'menu', NULL, NULL, NULL, NULL, NULL, NULL, NULL),(393, 181, 'DM', 'menu', NULL, NULL, NULL, NULL, NULL, NULL, NULL),(394, 181, 'DM-TEMPORARY', 'menu', NULL, NULL, NULL, NULL, NULL, NULL, NULL),(395, 181, 'DM-CORP', 'menu', NULL, NULL, NULL, NULL, NULL, NULL, NULL),(396, 181, 'DM-PROJECT', 'menu', NULL, NULL, NULL, NULL, NULL, NULL, NULL),(397, 181, 'DM-FAVORITE', 'menu', NULL, NULL, NULL, NULL, NULL, NULL, NULL),(398, 181, 'DM-RECYCLEBIN', 'menu', NULL, NULL, NULL, NULL, NULL, NULL, NULL),(416, 184, 'SM', 'menu', NULL, NULL, NULL, NULL, NULL, NULL, NULL),(417, 184, 'SM-MENU', 'menu', NULL, NULL, NULL, NULL, NULL, NULL, NULL),(418, 184, 'SM-ROLE', 'menu', NULL, NULL, NULL, NULL, NULL, NULL, NULL),(419, 184, 'SM-IPT', 'menu', NULL, NULL, NULL, NULL, NULL, NULL, NULL),(420, 184, 'SM-ORG', 'menu', NULL, NULL, NULL, NULL, NULL, NULL, NULL),(421, 184, 'SM-USER', 'menu', NULL, NULL, NULL, NULL, NULL, NULL, NULL),(422, 184, 'SYS-TMM', 'menu', NULL, NULL, NULL, NULL, NULL, NULL, NULL),(423, 184, 'ROLE_EDIT', 'func', NULL, NULL, NULL, NULL, NULL, NULL, NULL),(424, 184, 'IPT_EDIT', 'func', NULL, NULL, NULL, NULL, NULL, NULL, NULL),(425, 181, 'IM-EPS', 'menu', NULL, NULL, NULL, NULL, NULL, NULL, NULL),(426, 196, 'IM-EPS', 'menu', NULL, NULL, NULL, NULL, NULL, NULL, NULL),(429, 181, 'IM-PROJECT', 'menu', NULL, NULL, NULL, NULL, NULL, NULL, NULL),(430, 181, 'IM-DELV', 'menu', NULL, NULL, NULL, NULL, NULL, NULL, NULL),(431, 181, 'DELV_EDIT', 'func', NULL, NULL, NULL, NULL, NULL, NULL, NULL),(432, 181, 'PROJECT_EDIT', 'func', NULL, NULL, NULL, NULL, NULL, NULL, NULL),(435, 181, 'PROJECT_TEAM-EDIT', 'func', NULL, NULL, NULL, NULL, NULL, NULL, NULL),(436, 181, 'PROJECT_CPRTM-EDIT', 'func', NULL, NULL, NULL, NULL, NULL, NULL, NULL),(437, 196, 'IM-PREPA', 'menu', NULL, NULL, NULL, NULL, NULL, NULL, NULL),(438, 196, 'IM-PROJECT', 'menu', NULL, NULL, NULL, NULL, NULL, NULL, NULL),(439, 196, 'IM-DELV', 'menu', NULL, NULL, NULL, NULL, NULL, NULL, NULL),(441, 185, 'SM-IPT', 'menu', NULL, NULL, NULL, NULL, NULL, NULL, NULL),(442, 185, 'SM-ORG', 'menu', NULL, NULL, NULL, NULL, NULL, NULL, NULL),(443, 185, 'SM-USER', 'menu', NULL, NULL, NULL, NULL, NULL, NULL, NULL),(444, 188, 'SM-ROLE', 'menu', NULL, NULL, NULL, NULL, NULL, NULL, NULL),(445, 213, 'SYS-TMM', 'menu', NULL, NULL, NULL, NULL, NULL, NULL, NULL),(446, 188, 'SYS-TMM', 'menu', NULL, NULL, NULL, NULL, NULL, NULL, NULL),(447, 188, 'TMM_EDIT', 'func', NULL, NULL, NULL, NULL, NULL, NULL, NULL),(448, 181, 'BM', 'menu', NULL, NULL, NULL, NULL, NULL, NULL, NULL),(449, 181, 'BM-DICT', 'menu', NULL, NULL, NULL, NULL, NULL, NULL, NULL),(450, 181, 'BM-CLASSIFY', 'menu', NULL, NULL, NULL, NULL, NULL, NULL, NULL),(454, 181, 'BM-TMPL-PLAN', 'menu', NULL, NULL, NULL, NULL, NULL, NULL, NULL),(458, 181, 'DICT_EDIT', 'func', NULL, NULL, NULL, NULL, NULL, NULL, NULL),(459, 181, 'CLASSIFY_EDIT', 'func', NULL, NULL, NULL, NULL, NULL, NULL, NULL),(463, 181, 'TMPL-PLAN_EDIT', 'func', NULL, NULL, NULL, NULL, NULL, NULL, NULL),(467, 181, 'STATIS', 'menu', NULL, NULL, NULL, NULL, NULL, NULL, NULL),(468, 181, 'STATIS-RESOURCES', 'menu', NULL, NULL, NULL, NULL, NULL, NULL, NULL),(469, 181, 'STATIS-PROJECT', 'menu', NULL, NULL, NULL, NULL, NULL, NULL, NULL),(470, 181, 'STATIS-MILESTORNE', 'menu', NULL, NULL, NULL, NULL, NULL, NULL, NULL),(471, 196, 'WM', 'menu', NULL, NULL, NULL, NULL, NULL, NULL, NULL),(472, 196, 'WM-DEFINE', 'menu', NULL, NULL, NULL, NULL, NULL, NULL, NULL),(473, 196, 'WM-BUSSI', 'menu', NULL, NULL, NULL, NULL, NULL, NULL, NULL),(474, 181, 'BM-CALENDAR', 'menu', NULL, NULL, NULL, NULL, NULL, NULL, NULL),(475, 181, 'BM-CURRENY', 'menu', NULL, NULL, NULL, NULL, NULL, NULL, NULL),(476, 181, 'BM-GLOBALD', 'menu', NULL, NULL, NULL, NULL, NULL, NULL, NULL),(477, 181, 'BM-TMPL-DELV', 'menu', NULL, NULL, NULL, NULL, NULL, NULL, NULL),(478, 181, 'BM-TMPL-DOC', 'menu', NULL, NULL, NULL, NULL, NULL, NULL, NULL),(479, 181, 'BM-CODERULE', 'menu', NULL, NULL, NULL, NULL, NULL, NULL, NULL),(480, 181, 'SM', 'menu', NULL, NULL, NULL, NULL, NULL, NULL, NULL),(481, 181, 'SM-MENU', 'menu', NULL, NULL, NULL, NULL, NULL, NULL, NULL),(482, 181, 'SM-ROLE', 'menu', NULL, NULL, NULL, NULL, NULL, NULL, NULL),(483, 181, 'SM-IPT', 'menu', NULL, NULL, NULL, NULL, NULL, NULL, NULL),(484, 181, 'SM-ORG', 'menu', NULL, NULL, NULL, NULL, NULL, NULL, NULL),(485, 181, 'SM-USER', 'menu', NULL, NULL, NULL, NULL, NULL, NULL, NULL),(486, 181, 'SYS-TMM', 'menu', NULL, NULL, NULL, NULL, NULL, NULL, NULL),(487, 181, 'CALENDAR_EDIT', 'func', NULL, NULL, NULL, NULL, NULL, NULL, NULL),(488, 181, 'CURRENY_EDIT', 'func', NULL, NULL, NULL, NULL, NULL, NULL, NULL),(489, 181, 'GLOBALD_EDIT', 'func', NULL, NULL, NULL, NULL, NULL, NULL, NULL),(490, 181, 'TMPL-DELV_EDIT', 'func', NULL, NULL, NULL, NULL, NULL, NULL, NULL),(491, 181, 'TMPL-DOC_EDIT', 'func', NULL, NULL, NULL, NULL, NULL, NULL, NULL),(492, 181, 'CODERULE_EDIT', 'func', NULL, NULL, NULL, NULL, NULL, NULL, NULL),(493, 181, 'MENU_EDIT', 'func', NULL, NULL, NULL, NULL, NULL, NULL, NULL),(494, 181, 'ROLE_EDIT', 'func', NULL, NULL, NULL, NULL, NULL, NULL, NULL),(495, 181, 'IPT_EDIT', 'func', NULL, NULL, NULL, NULL, NULL, NULL, NULL),(496, 181, 'ORG_EDIT', 'func', NULL, NULL, NULL, NULL, NULL, NULL, NULL),(497, 181, 'TMM_EDIT', 'func', NULL, NULL, NULL, NULL, NULL, NULL, NULL),(498, 181, 'IM-PREPA', 'menu', NULL, NULL, NULL, NULL, NULL, NULL, NULL),(499, 181, 'PREPA_EDIT', 'func', NULL, NULL, NULL, NULL, NULL, NULL, NULL),(500, 181, 'EPS_EDIT', 'func', NULL, NULL, NULL, NULL, NULL, NULL, NULL);
UNLOCK TABLES;
COMMIT;
BEGIN;
LOCK TABLES `acm_cloud`.`wsd_sys_user` WRITE;
DELETE FROM `acm_cloud`.`wsd_sys_user`;
INSERT INTO `acm_cloud`.`wsd_sys_user` (`id`,`actu_name`,`password`,`user_name`,`status`,`user_type`,`lastlogin_time`,`ipaddress`,`update_pwd_time`,`error_time`,`error_number`,`email`,`level`,`remark`,`birth`,`sex`,`visits`,`phone`,`quit_date`,`staff_status`,`entry_date`,`card_num`,`card_type`,`wsdver`,`last_upd_user`,`creat_time`,`creator`,`sort_num`,`last_upd_time`,`last_upd_ip`) VALUES (1, '超级管理员', 'loPVvHm9TfNStzMe+mjlLkqM2Do=', 'superadmin', 1, 5, '2019-05-08 04:48:19.278000', NULL, '2019-04-28 17:30:49', '2019-05-07 22:03:35', 0, NULL, 1, '请勿删除', '2019-03-03 00:00:00', 1, NULL, '15850755785', '2019-04-24 00:00:00', '1', '2019-03-28 00:00:00', '13131', '1', 0, NULL, NULL, NULL, 10, '2019-05-08 04:48:19', '221.226.30.122'),(2, '系统管理员', 'loPVvHm9TfNStzMe+mjlLkqM2Do=', 'sysadmin', 1, 2, '2019-05-08 05:55:39.372000', NULL, '2019-05-08 17:30:45', NULL, 0, NULL, 1, '请勿删除', '2019-03-29 00:00:00', 1, NULL, '15850755785', '2019-03-29 00:00:00', '1', '2019-03-21 00:00:00', '21345566', '1', 0, NULL, '2019-03-19 10:43:50', 1, 4, '2019-05-08 05:55:39', '127.0.0.1'),(3, '安全保密员', 'loPVvHm9TfNStzMe+mjlLkqM2Do=', 'securityadmin', 1, 3, '2019-05-08 05:41:58.356000', NULL, '2019-05-08 17:30:42', NULL, 0, NULL, 1, '请勿删除', '2019-03-14 00:00:00', 0, NULL, '15850755785', '2019-03-29 00:00:00', '1', '2019-03-28 00:00:00', '13131', '1', 0, NULL, '2019-03-19 10:43:47', 1, 3, '2019-05-08 05:41:58', '127.0.0.1'),(4, '安全审计员', 'loPVvHm9TfNStzMe+mjlLkqM2Do=', 'safeauditor', 1, 4, NULL, NULL, '2019-05-08 17:30:39', NULL, 0, NULL, 1, '请勿删除', '2019-03-08 00:00:00', 0, NULL, '15850755785', '2019-03-25 00:00:00', '1', '2019-03-27 00:00:00', '13131', '1', 0, '164', '2019-03-19 10:43:44', 21, 2, '2019-03-19 10:56:48', '114.222.210.74'),(206, '超级管理员', 'loPVvHm9TfNStzMe+mjlLkqM2Do=', 'admin', 1, 2, '2019-05-08 04:57:13.945000', NULL, '2019-04-17 15:45:55', '2019-05-08 03:46:24', 0, NULL, 1, NULL, '2012-02-26 10:00:00', 1, NULL, '18652451365', '2034-12-26 10:00:00', '1', '2031-04-29 11:00:00', '12363254512', '1', 0, NULL, '2019-03-23 16:48:14', 164, 15, '2019-05-08 04:57:14', '221.226.30.122'),(247, '程鹏', 'loPVvHm9TfNStzMe+mjlLkqM2Do=', 'chengpeng', 1, 1, '2019-05-08 03:44:12.142000', NULL, '2019-04-29 21:41:20', '2019-05-08 03:44:12', 0, NULL, 1, NULL, '2019-04-22 19:00:00', 1, NULL, NULL, NULL, '1', NULL, NULL, NULL, 0, '247', '2019-04-24 12:45:38', 206, 48, '2019-05-08 03:59:21', '114.222.211.209'),(251, '万军', 'loPVvHm9TfNStzMe+mjlLkqM2Do=', 'wanjun', 1, 1, '2019-05-06 01:23:30.876000', NULL, '2019-04-24 16:41:02', NULL, 0, NULL, 2, NULL, NULL, 1, NULL, NULL, NULL, '1', NULL, NULL, NULL, 0, NULL, '2019-04-24 16:41:02', 206, 52, '2019-05-06 01:23:31', '221.226.30.122'),(252, '何建', 'loPVvHm9TfNStzMe+mjlLkqM2Do=', 'hejian', 1, 1, NULL, NULL, '2019-04-24 16:42:41', NULL, 0, NULL, 1, NULL, NULL, 1, NULL, NULL, NULL, '1', NULL, NULL, NULL, 0, '206', '2019-04-24 16:42:41', 206, 53, '2019-04-25 00:46:50', '192.168.3.135'),(253, '谭健', 'loPVvHm9TfNStzMe+mjlLkqM2Do=', 'tanjian', 1, 1, NULL, NULL, '2019-04-24 16:43:17', NULL, 0, NULL, 2, NULL, NULL, 1, NULL, NULL, NULL, '1', NULL, NULL, NULL, 0, '206', '2019-04-24 16:43:17', 206, 54, '2019-04-25 02:17:36', '117.89.48.84'),(254, '王志磊', 'loPVvHm9TfNStzMe+mjlLkqM2Do=', 'wangzhilei', 1, 1, '2019-04-24 10:46:03.777000', NULL, '2019-04-24 16:43:44', NULL, 0, NULL, 1, NULL, NULL, 1, NULL, NULL, NULL, '1', NULL, NULL, NULL, 0, NULL, '2019-04-24 16:43:44', 206, 55, '2019-04-24 10:46:04', '127.0.0.1'),(255, '海峰', 'loPVvHm9TfNStzMe+mjlLkqM2Do=', 'haifeng', 1, 1, '2019-05-08 03:26:48.655000', NULL, '2019-04-24 16:44:14', '2019-05-08 03:26:49', 0, NULL, 1, NULL, NULL, 1, NULL, NULL, NULL, '1', NULL, NULL, NULL, 0, NULL, '2019-04-24 16:44:14', 206, 56, '2019-05-08 03:26:49', '221.226.30.122'),(256, '王祯媛', 'loPVvHm9TfNStzMe+mjlLkqM2Do=', 'wangzhenyuan', 1, 1, '2019-05-07 20:26:22.971000', NULL, '2019-04-24 16:44:44', '2019-05-07 20:26:23', 0, NULL, 1, NULL, NULL, 0, NULL, NULL, NULL, '1', NULL, NULL, NULL, 0, NULL, '2019-04-24 16:44:44', 206, 57, '2019-05-07 20:26:23', '221.226.30.122'),(257, '陶超', 'loPVvHm9TfNStzMe+mjlLkqM2Do=', 'taochao', 1, 1, '2019-05-08 05:58:47.500000', NULL, '2019-04-24 16:45:53', '2019-05-08 03:26:49', 0, NULL, 1, NULL, NULL, 1, NULL, NULL, NULL, '1', NULL, NULL, NULL, 0, NULL, '2019-04-24 16:45:53', 206, 58, '2019-05-08 05:58:48', '221.226.30.122'),(260, '王凯', 'loPVvHm9TfNStzMe+mjlLkqM2Do=', 'wangkai', 1, 1, '2019-04-28 02:00:41.600000', NULL, '2019-04-24 16:48:16', NULL, 0, NULL, 1, NULL, NULL, 1, NULL, NULL, NULL, '1', NULL, NULL, NULL, 0, NULL, '2019-04-24 16:48:16', 206, 61, '2019-04-28 02:00:42', '221.226.30.122'),(262, '史智超', 'loPVvHm9TfNStzMe+mjlLkqM2Do=', 'shizhichao', 1, 1, '2019-05-08 05:50:58.093000', NULL, '2019-04-24 16:49:13', '2019-05-08 01:34:49', 0, NULL, 2, NULL, NULL, 1, NULL, NULL, NULL, '1', NULL, NULL, NULL, 0, NULL, '2019-04-24 16:49:13', 206, 63, '2019-05-08 05:50:58', '127.0.0.1'),(263, '张继聪', 'loPVvHm9TfNStzMe+mjlLkqM2Do=', 'zhangjicong', 1, 1, '2019-05-08 02:44:24.457000', NULL, '2019-04-24 16:52:36', '2019-05-08 02:44:24', 0, NULL, 1, NULL, NULL, 1, NULL, NULL, NULL, '1', NULL, NULL, NULL, 0, NULL, '2019-04-24 16:52:36', 206, 64, '2019-05-08 02:44:24', '221.226.30.122'),(264, '张俊', 'loPVvHm9TfNStzMe+mjlLkqM2Do=', 'zhangjun', 1, 1, '2019-04-28 22:46:28.442000', NULL, '2019-04-24 16:53:07', '2019-04-28 22:46:16', 0, NULL, 1, NULL, NULL, 1, NULL, NULL, NULL, '1', NULL, NULL, NULL, 0, NULL, '2019-04-24 16:53:07', 206, 65, '2019-04-28 22:46:28', '127.0.0.1'),(265, '高成龙', 'loPVvHm9TfNStzMe+mjlLkqM2Do=', 'gaochenglong', 1, 1, NULL, NULL, '2019-04-24 16:53:38', NULL, 0, NULL, 1, NULL, NULL, 1, NULL, NULL, NULL, '1', NULL, NULL, NULL, 0, '206', '2019-04-24 16:53:38', 206, 66, '2019-04-24 17:09:34', '117.89.48.84'),(266, '张雪', 'loPVvHm9TfNStzMe+mjlLkqM2Do=', 'zhangxue', 1, 1, '2019-05-08 03:43:31.916000', NULL, '2019-04-24 16:54:26', '2019-05-08 03:43:32', 0, NULL, 1, NULL, NULL, 0, NULL, NULL, NULL, '1', NULL, NULL, NULL, 0, NULL, '2019-04-24 16:54:26', 206, 67, '2019-05-08 03:43:32', '221.226.30.122'),(267, '罗庆涛', 'loPVvHm9TfNStzMe+mjlLkqM2Do=', 'luoqingtao', 1, 1, '2019-05-05 21:58:51.524000', NULL, '2019-04-24 16:55:25', NULL, 0, NULL, 1, NULL, NULL, 1, NULL, NULL, NULL, '1', NULL, NULL, NULL, 0, NULL, '2019-04-24 16:55:25', 206, 68, '2019-05-05 21:58:52', '221.226.30.122'),(268, '刘剑', 'loPVvHm9TfNStzMe+mjlLkqM2Do=', 'liujian', 1, 1, '2019-04-30 05:52:49.730000', NULL, '2019-04-24 16:55:54', NULL, 0, NULL, 1, NULL, NULL, 1, NULL, NULL, NULL, '1', NULL, NULL, NULL, 0, NULL, '2019-04-24 16:55:54', 206, 69, '2019-04-30 05:52:50', '221.226.30.122'),(269, '张航', 'loPVvHm9TfNStzMe+mjlLkqM2Do=', 'zhanghang', 1, 1, '2019-05-07 06:27:33.678000', NULL, '2019-04-24 16:57:17', '2019-05-07 06:27:34', 0, NULL, 1, NULL, NULL, 1, NULL, NULL, NULL, '1', NULL, NULL, NULL, 0, NULL, '2019-04-24 16:57:17', 206, 70, '2019-05-07 06:27:34', '221.226.30.122'),(270, '宋聪聪', 'loPVvHm9TfNStzMe+mjlLkqM2Do=', 'songcongcong', 1, 1, '2019-05-08 03:54:37.299000', NULL, '2019-04-24 16:57:43', '2019-05-08 03:54:37', 0, NULL, 1, NULL, NULL, 1, NULL, NULL, NULL, '1', NULL, NULL, '0', 0, NULL, '2019-04-24 16:57:43', 206, 71, '2019-05-08 03:54:37', '127.0.0.1'),(271, '袁露', 'loPVvHm9TfNStzMe+mjlLkqM2Do=', 'yuanlu', 1, 1, '2019-04-28 02:00:24.846000', NULL, '2019-04-24 16:58:14', NULL, 0, NULL, 1, NULL, NULL, 1, NULL, NULL, NULL, '1', NULL, NULL, NULL, 0, NULL, '2019-04-24 16:58:14', 206, 72, '2019-04-28 02:00:25', '221.226.30.122'),(272, '姜枫', 'loPVvHm9TfNStzMe+mjlLkqM2Do=', 'jiangfeng', 1, 1, NULL, NULL, '2019-04-24 16:58:46', NULL, 0, NULL, 1, NULL, NULL, 1, NULL, NULL, NULL, '1', NULL, NULL, NULL, 0, '206', '2019-04-24 16:58:46', 206, 73, '2019-04-24 17:10:02', '117.89.48.84'),(273, '姚涵', 'loPVvHm9TfNStzMe+mjlLkqM2Do=', 'yaohan', 1, 1, '2019-04-30 01:42:15.464000', NULL, '2019-04-24 16:59:13', NULL, 0, NULL, 1, NULL, NULL, 0, NULL, NULL, NULL, '1', NULL, NULL, NULL, 0, NULL, '2019-04-24 16:59:13', 206, 74, '2019-04-30 01:42:15', '221.226.30.122'),(274, '王胜平', 'loPVvHm9TfNStzMe+mjlLkqM2Do=', 'wangshengping', 1, 1, '2019-05-05 21:19:50.317000', NULL, '2019-04-24 16:59:50', NULL, 0, NULL, 1, NULL, NULL, 1, NULL, NULL, NULL, '1', NULL, NULL, NULL, 0, '247', '2019-04-24 16:59:50', 206, 75, '2019-05-07 02:37:16', '192.168.3.161'),(275, '徐强', 'loPVvHm9TfNStzMe+mjlLkqM2Do=', 'xuqiang', 1, 1, NULL, NULL, '2019-04-24 17:00:17', NULL, 0, NULL, 1, NULL, NULL, 1, NULL, NULL, NULL, '1', NULL, NULL, NULL, 0, NULL, '2019-04-24 17:00:17', 206, 76, '2019-04-24 17:00:17', '117.89.48.84'),(276, '王建伟', 'loPVvHm9TfNStzMe+mjlLkqM2Do=', 'wangjianwei', 1, 1, NULL, NULL, '2019-04-24 17:00:41', NULL, 0, NULL, 1, NULL, NULL, 1, NULL, NULL, NULL, '1', NULL, NULL, NULL, 0, '247', '2019-04-24 17:00:41', 206, 77, '2019-05-07 02:41:22', '192.168.3.161'),(277, '杨代春', 'loPVvHm9TfNStzMe+mjlLkqM2Do=', 'yangdaichun', 1, 1, '2019-05-04 08:45:15.427000', NULL, '2019-04-24 17:01:25', NULL, 0, NULL, 1, NULL, NULL, 1, NULL, NULL, NULL, '1', NULL, NULL, NULL, 0, NULL, '2019-04-24 17:01:25', 206, 78, '2019-05-04 08:45:15', '221.226.30.122'),(278, '凌瑞', 'loPVvHm9TfNStzMe+mjlLkqM2Do=', 'lingrui', 1, 1, '2019-05-07 20:27:43.938000', NULL, '2019-04-24 17:01:57', '2019-05-07 20:27:44', 0, NULL, 1, NULL, NULL, 0, NULL, NULL, NULL, '1', NULL, NULL, NULL, 0, NULL, '2019-04-24 17:01:57', 206, 79, '2019-05-07 20:27:44', '221.226.30.122'),(279, '朱琳', 'loPVvHm9TfNStzMe+mjlLkqM2Do=', 'zhulin', 1, 1, '2019-05-07 20:26:57.387000', NULL, '2019-04-24 17:02:23', '2019-05-07 20:26:57', 0, NULL, 1, NULL, NULL, 0, NULL, NULL, NULL, '1', NULL, NULL, NULL, 0, NULL, '2019-04-24 17:02:23', 206, 80, '2019-05-07 20:26:57', '221.226.30.122'),(280, '谷志才', 'loPVvHm9TfNStzMe+mjlLkqM2Do=', 'guzhicai', 1, 1, '2019-05-05 20:49:20.797000', NULL, '2019-04-24 17:02:51', '2019-05-05 20:48:50', 0, NULL, 1, NULL, NULL, 1, NULL, NULL, NULL, '1', NULL, NULL, NULL, 0, NULL, '2019-04-24 17:02:51', 206, 81, '2019-05-05 20:49:21', '221.226.30.122'),(281, '胡强平', 'loPVvHm9TfNStzMe+mjlLkqM2Do=', 'huqiangping', 1, 1, NULL, NULL, '2019-04-24 17:03:28', NULL, 0, NULL, 1, NULL, NULL, 1, NULL, NULL, NULL, '1', NULL, NULL, NULL, 0, NULL, '2019-04-24 17:03:28', 206, 82, '2019-04-24 17:03:28', '117.89.48.84'),(282, '钱淑娟', 'loPVvHm9TfNStzMe+mjlLkqM2Do=', 'qianshujuan', 1, 1, NULL, NULL, '2019-04-24 17:04:02', NULL, 0, NULL, 1, NULL, NULL, 0, NULL, NULL, NULL, '1', NULL, NULL, NULL, 0, NULL, '2019-04-24 17:04:02', 206, 83, '2019-04-24 17:04:02', '117.89.48.84'),(283, '万志勇', 'loPVvHm9TfNStzMe+mjlLkqM2Do=', 'wanzhiyong', 1, 1, '2019-04-30 05:21:44.089000', NULL, '2019-04-24 17:04:36', NULL, 0, NULL, 1, NULL, NULL, 0, NULL, NULL, NULL, '1', NULL, NULL, NULL, 0, NULL, '2019-04-24 17:04:36', 206, 84, '2019-04-30 05:21:44', '221.226.30.122'),(284, '罗磊', 'loPVvHm9TfNStzMe+mjlLkqM2Do=', 'luolei', 1, 1, '2019-04-30 07:10:09.297000', NULL, '2019-04-24 17:05:07', '2019-04-30 07:09:48', 0, NULL, 1, NULL, NULL, 1, NULL, NULL, NULL, '1', NULL, NULL, NULL, 0, NULL, '2019-04-24 17:05:07', 206, 85, '2019-04-30 07:10:09', '221.226.30.122'),(285, '王东平', 'loPVvHm9TfNStzMe+mjlLkqM2Do=', 'wangdongping', 1, 1, '2019-05-05 16:41:45.086000', NULL, '2019-04-24 17:05:36', NULL, 0, NULL, 1, NULL, NULL, 1, NULL, NULL, NULL, '1', NULL, NULL, NULL, 0, NULL, '2019-04-24 17:05:36', 206, 86, '2019-05-05 16:41:45', '221.226.30.122'),(286, '潘家宝', 'loPVvHm9TfNStzMe+mjlLkqM2Do=', 'panjiabao', 1, 1, '2019-05-05 22:00:21.377000', NULL, '2019-04-24 17:06:10', NULL, 0, NULL, 1, NULL, NULL, 1, NULL, NULL, NULL, '1', NULL, NULL, NULL, 0, NULL, '2019-04-24 17:06:10', 206, 87, '2019-05-05 22:00:21', '221.226.30.122'),(287, '文虎', 'loPVvHm9TfNStzMe+mjlLkqM2Do=', 'wenhu', 1, 1, '2019-05-08 04:36:46.145000', NULL, '2019-04-24 17:06:39', '2019-05-08 03:42:11', 0, NULL, 1, NULL, NULL, 1, NULL, NULL, NULL, '1', NULL, NULL, NULL, 0, NULL, '2019-04-24 17:06:39', 206, 88, '2019-05-08 04:36:46', '221.226.30.122'),(288, '吉馨雨', 'loPVvHm9TfNStzMe+mjlLkqM2Do=', 'jixinyu', 1, 1, NULL, NULL, '2019-04-24 17:07:09', NULL, 0, NULL, 1, NULL, NULL, 0, NULL, NULL, NULL, '1', NULL, NULL, NULL, 0, NULL, '2019-04-24 17:07:09', 206, 89, '2019-04-24 17:07:09', '117.89.48.84'),(302, 'dfas', 'loPVvHm9TfNStzMe+mjlLkqM2Do=', 'vfdsgas', 1, 1, NULL, NULL, '2019-04-24 21:22:57', NULL, 0, NULL, 1, NULL, NULL, 1, NULL, NULL, NULL, '1', NULL, NULL, NULL, 0, NULL, '2019-04-24 21:22:57', 206, 91, '2019-04-24 21:22:57', '117.89.48.84'),(304, '刘昌盛', 'loPVvHm9TfNStzMe+mjlLkqM2Do=', 'liuchangsheng', 0, 1, '2019-04-30 01:48:42.276000', NULL, '2019-04-24 21:28:48', NULL, 0, NULL, 0, NULL, NULL, 1, NULL, '', NULL, '1', NULL, NULL, '0', 0, NULL, '2019-04-24 21:28:48', 206, 10, '2019-05-03 22:32:54', '221.226.30.122'),(305, '孙权', 'loPVvHm9TfNStzMe+mjlLkqM2Do=', 'sunquan', 1, 1, '2019-05-07 21:47:24.043000', NULL, '2019-04-24 21:29:44', '2019-05-07 21:47:24', 0, NULL, 0, NULL, NULL, 1, NULL, '', NULL, '1', NULL, NULL, '0', 0, NULL, '2019-04-24 21:29:44', 206, 20, '2019-05-07 21:47:24', '221.226.30.122'),(306, '李运飞', 'loPVvHm9TfNStzMe+mjlLkqM2Do=', 'liyunfei', 1, 1, '2019-05-08 03:54:38.330000', NULL, '2019-04-24 21:30:50', '2019-05-08 03:54:38', 0, NULL, 0, NULL, NULL, 1, NULL, NULL, NULL, '1', NULL, NULL, '0', 0, NULL, '2019-04-24 21:30:50', 206, 62, '2019-05-08 03:54:38', '127.0.0.1'),(307, '卓壮', 'loPVvHm9TfNStzMe+mjlLkqM2Do=', 'zhuozhuang', 1, 1, NULL, NULL, '2019-04-24 21:32:01', NULL, 0, NULL, 0, NULL, NULL, 1, NULL, '', NULL, '1', NULL, NULL, '0', 0, NULL, '2019-04-24 21:32:01', 206, 92, '2019-04-24 21:32:01', '117.89.48.84'),(311, '周宇', 'loPVvHm9TfNStzMe+mjlLkqM2Do=', 'zhouyu', 1, 1, '2019-05-08 03:42:16.764000', NULL, '2019-04-25 02:35:52', '2019-05-08 03:42:17', 0, NULL, 1, NULL, NULL, 1, NULL, '12345678901', NULL, '1', NULL, NULL, NULL, 0, NULL, '2019-04-25 02:35:52', 206, 96, '2019-05-08 03:42:17', '221.226.30.122'),(334, 'wee', 'loPVvHm9TfNStzMe+mjlLkqM2Do=', 'wewe', 1, 1, '2019-05-05 20:46:50.034000', NULL, '2019-04-26 23:08:09', NULL, 0, NULL, 1, NULL, NULL, 1, NULL, NULL, NULL, '1', '2019-04-08 19:00:00', NULL, '2', 0, NULL, '2019-04-26 23:08:09', 206, 100, '2019-05-05 20:46:50', '221.226.30.122'),(353, 'user001', 'loPVvHm9TfNStzMe+mjlLkqM2Do=', 'user001', 1, 1, '2019-05-08 02:33:16.042000', NULL, '2019-05-06 01:35:14', '2019-05-08 02:33:16', 0, NULL, 1, NULL, NULL, 1, NULL, NULL, NULL, '1', NULL, NULL, NULL, 0, NULL, '2019-05-06 01:35:14', 206, 104, '2019-05-08 02:33:16', '221.226.30.122'),(354, 'user002', 'loPVvHm9TfNStzMe+mjlLkqM2Do=', 'user002', 1, 1, '2019-05-06 02:37:36.129000', NULL, '2019-05-06 01:35:14', NULL, 0, NULL, 1, NULL, NULL, 1, NULL, NULL, NULL, '1', NULL, NULL, NULL, 0, NULL, '2019-05-06 01:35:14', 206, 105, '2019-05-06 02:37:36', '127.0.0.1'),(355, 'user003', 'loPVvHm9TfNStzMe+mjlLkqM2Do=', 'user003', 1, 1, NULL, NULL, '2019-05-06 01:35:14', NULL, 0, NULL, 1, NULL, NULL, 1, NULL, NULL, NULL, '1', NULL, NULL, NULL, 0, NULL, '2019-05-06 01:35:14', 206, 106, '2019-05-06 01:35:14', '192.168.3.172'),(356, 'user004', 'loPVvHm9TfNStzMe+mjlLkqM2Do=', 'user004', 1, 1, NULL, NULL, '2019-05-06 01:35:14', NULL, 0, NULL, 1, NULL, NULL, 1, NULL, NULL, NULL, '1', NULL, NULL, NULL, 0, NULL, '2019-05-06 01:35:14', 206, 107, '2019-05-06 01:35:14', '192.168.3.172'),(357, 'user005', 'loPVvHm9TfNStzMe+mjlLkqM2Do=', 'user005', 1, 1, NULL, NULL, '2019-05-06 01:35:14', NULL, 0, NULL, 1, NULL, NULL, 1, NULL, NULL, NULL, '1', NULL, NULL, NULL, 0, NULL, '2019-05-06 01:35:14', 206, 108, '2019-05-06 01:35:14', '192.168.3.172'),(358, 'user006', 'loPVvHm9TfNStzMe+mjlLkqM2Do=', 'user006', 1, 1, NULL, NULL, '2019-05-06 01:35:14', NULL, 0, NULL, 1, NULL, NULL, 1, NULL, NULL, NULL, '1', NULL, NULL, NULL, 0, NULL, '2019-05-06 01:35:14', 206, 109, '2019-05-06 01:35:14', '192.168.3.172'),(359, 'user007', 'loPVvHm9TfNStzMe+mjlLkqM2Do=', 'user007', 1, 1, NULL, NULL, '2019-05-06 01:35:14', NULL, 0, NULL, 1, NULL, NULL, 1, NULL, NULL, NULL, '1', NULL, NULL, NULL, 0, NULL, '2019-05-06 01:35:14', 206, 110, '2019-05-06 01:35:14', '192.168.3.172'),(360, 'user008', 'loPVvHm9TfNStzMe+mjlLkqM2Do=', 'user008', 1, 1, NULL, NULL, '2019-05-06 01:35:14', NULL, 0, NULL, 1, NULL, NULL, 1, NULL, NULL, NULL, '1', NULL, NULL, NULL, 0, NULL, '2019-05-06 01:35:14', 206, 111, '2019-05-06 01:35:14', '192.168.3.172'),(361, 'user009', 'loPVvHm9TfNStzMe+mjlLkqM2Do=', 'user009', 1, 1, NULL, NULL, '2019-05-06 01:35:14', NULL, 0, NULL, 1, NULL, NULL, 1, NULL, NULL, NULL, '1', NULL, NULL, NULL, 0, NULL, '2019-05-06 01:35:14', 206, 112, '2019-05-06 01:35:14', '192.168.3.172'),(362, 'user010', 'loPVvHm9TfNStzMe+mjlLkqM2Do=', 'user010', 1, 1, NULL, NULL, '2019-05-06 01:35:14', NULL, 0, NULL, 1, NULL, NULL, 1, NULL, NULL, NULL, '1', NULL, NULL, NULL, 0, NULL, '2019-05-06 01:35:14', 206, 113, '2019-05-06 01:35:14', '192.168.3.172'),(363, 'user011', 'loPVvHm9TfNStzMe+mjlLkqM2Do=', 'user011', 1, 1, NULL, NULL, '2019-05-06 01:35:14', NULL, 0, NULL, 1, NULL, NULL, 1, NULL, NULL, NULL, '1', NULL, NULL, NULL, 0, NULL, '2019-05-06 01:35:14', 206, 114, '2019-05-06 01:35:14', '192.168.3.172'),(364, 'user012', 'loPVvHm9TfNStzMe+mjlLkqM2Do=', 'user012', 1, 1, NULL, NULL, '2019-05-06 01:35:14', NULL, 0, NULL, 1, NULL, NULL, 1, NULL, NULL, NULL, '1', NULL, NULL, NULL, 0, NULL, '2019-05-06 01:35:14', 206, 115, '2019-05-06 01:35:14', '192.168.3.172'),(365, 'user013', 'loPVvHm9TfNStzMe+mjlLkqM2Do=', 'user013', 1, 1, NULL, NULL, '2019-05-06 01:35:14', NULL, 0, NULL, 1, NULL, NULL, 1, NULL, NULL, NULL, '1', NULL, NULL, NULL, 0, NULL, '2019-05-06 01:35:14', 206, 116, '2019-05-06 01:35:14', '192.168.3.172'),(366, 'user014', 'loPVvHm9TfNStzMe+mjlLkqM2Do=', 'user014', 1, 1, NULL, NULL, '2019-05-06 01:35:14', NULL, 0, NULL, 1, NULL, NULL, 1, NULL, NULL, NULL, '1', NULL, NULL, NULL, 0, NULL, '2019-05-06 01:35:14', 206, 117, '2019-05-06 01:35:14', '192.168.3.172'),(367, 'user015', 'loPVvHm9TfNStzMe+mjlLkqM2Do=', 'user015', 1, 1, NULL, NULL, '2019-05-06 01:35:14', NULL, 0, NULL, 1, NULL, NULL, 1, NULL, NULL, NULL, '1', NULL, NULL, NULL, 0, NULL, '2019-05-06 01:35:14', 206, 118, '2019-05-06 01:35:14', '192.168.3.172'),(368, 'user016', 'loPVvHm9TfNStzMe+mjlLkqM2Do=', 'user016', 1, 1, NULL, NULL, '2019-05-06 01:35:14', NULL, 0, NULL, 1, NULL, NULL, 1, NULL, NULL, NULL, '1', NULL, NULL, NULL, 0, NULL, '2019-05-06 01:35:14', 206, 119, '2019-05-06 01:35:14', '192.168.3.172'),(369, 'user017', 'loPVvHm9TfNStzMe+mjlLkqM2Do=', 'user017', 1, 1, NULL, NULL, '2019-05-06 01:35:14', NULL, 0, NULL, 1, NULL, NULL, 1, NULL, NULL, NULL, '1', NULL, NULL, NULL, 0, NULL, '2019-05-06 01:35:14', 206, 120, '2019-05-06 01:35:14', '192.168.3.172'),(370, 'user018', 'loPVvHm9TfNStzMe+mjlLkqM2Do=', 'user018', 1, 1, NULL, NULL, '2019-05-06 01:35:14', NULL, 0, NULL, 1, NULL, NULL, 1, NULL, NULL, NULL, '1', NULL, NULL, NULL, 0, NULL, '2019-05-06 01:35:14', 206, 121, '2019-05-06 01:35:14', '192.168.3.172'),(371, 'user019', 'loPVvHm9TfNStzMe+mjlLkqM2Do=', 'user019', 1, 1, NULL, NULL, '2019-05-06 01:35:14', NULL, 0, NULL, 1, NULL, NULL, 1, NULL, NULL, NULL, '1', NULL, NULL, NULL, 0, NULL, '2019-05-06 01:35:14', 206, 122, '2019-05-06 01:35:14', '192.168.3.172'),(372, 'user020', 'loPVvHm9TfNStzMe+mjlLkqM2Do=', 'user020', 1, 1, NULL, NULL, '2019-05-06 01:35:14', NULL, 0, NULL, 1, NULL, NULL, 1, NULL, NULL, NULL, '1', NULL, NULL, NULL, 0, NULL, '2019-05-06 01:35:14', 206, 123, '2019-05-06 01:35:14', '192.168.3.172'),(373, 'user021', 'loPVvHm9TfNStzMe+mjlLkqM2Do=', 'user021', 1, 1, NULL, NULL, '2019-05-06 01:35:14', NULL, 0, NULL, 1, NULL, NULL, 1, NULL, NULL, NULL, '1', NULL, NULL, NULL, 0, NULL, '2019-05-06 01:35:14', 206, 124, '2019-05-06 01:35:14', '192.168.3.172'),(374, 'user022', 'loPVvHm9TfNStzMe+mjlLkqM2Do=', 'user022', 1, 1, NULL, NULL, '2019-05-06 01:35:14', NULL, 0, NULL, 1, NULL, NULL, 1, NULL, NULL, NULL, '1', NULL, NULL, NULL, 0, NULL, '2019-05-06 01:35:14', 206, 125, '2019-05-06 01:35:14', '192.168.3.172'),(375, 'user023', 'loPVvHm9TfNStzMe+mjlLkqM2Do=', 'user023', 1, 1, NULL, NULL, '2019-05-06 01:35:14', NULL, 0, NULL, 1, NULL, NULL, 1, NULL, NULL, NULL, '1', NULL, NULL, NULL, 0, NULL, '2019-05-06 01:35:14', 206, 126, '2019-05-06 01:35:14', '192.168.3.172'),(376, 'user024', 'loPVvHm9TfNStzMe+mjlLkqM2Do=', 'user024', 1, 1, NULL, NULL, '2019-05-06 01:35:14', NULL, 0, NULL, 1, NULL, NULL, 1, NULL, NULL, NULL, '1', NULL, NULL, NULL, 0, NULL, '2019-05-06 01:35:14', 206, 127, '2019-05-06 01:35:14', '192.168.3.172'),(377, 'user025', 'loPVvHm9TfNStzMe+mjlLkqM2Do=', 'user025', 1, 1, NULL, NULL, '2019-05-06 01:35:14', NULL, 0, NULL, 1, NULL, NULL, 1, NULL, NULL, NULL, '1', NULL, NULL, NULL, 0, NULL, '2019-05-06 01:35:14', 206, 128, '2019-05-06 01:35:14', '192.168.3.172'),(378, 'user026', 'loPVvHm9TfNStzMe+mjlLkqM2Do=', 'user026', 1, 1, NULL, NULL, '2019-05-06 01:35:14', NULL, 0, NULL, 1, NULL, NULL, 1, NULL, NULL, NULL, '1', NULL, NULL, NULL, 0, NULL, '2019-05-06 01:35:14', 206, 129, '2019-05-06 01:35:14', '192.168.3.172'),(379, 'user027', 'loPVvHm9TfNStzMe+mjlLkqM2Do=', 'user027', 1, 1, NULL, NULL, '2019-05-06 01:35:14', NULL, 0, NULL, 1, NULL, NULL, 1, NULL, NULL, NULL, '1', NULL, NULL, NULL, 0, NULL, '2019-05-06 01:35:14', 206, 130, '2019-05-06 01:35:14', '192.168.3.172'),(380, 'user028', 'loPVvHm9TfNStzMe+mjlLkqM2Do=', 'user028', 1, 1, NULL, NULL, '2019-05-06 01:35:14', NULL, 0, NULL, 1, NULL, NULL, 1, NULL, NULL, NULL, '1', NULL, NULL, NULL, 0, NULL, '2019-05-06 01:35:14', 206, 131, '2019-05-06 01:35:14', '192.168.3.172'),(381, 'user029', 'loPVvHm9TfNStzMe+mjlLkqM2Do=', 'user029', 1, 1, NULL, NULL, '2019-05-06 01:35:14', NULL, 0, NULL, 1, NULL, NULL, 1, NULL, NULL, NULL, '1', NULL, NULL, NULL, 0, NULL, '2019-05-06 01:35:14', 206, 132, '2019-05-06 01:35:14', '192.168.3.172'),(382, 'user030', 'loPVvHm9TfNStzMe+mjlLkqM2Do=', 'user030', 1, 1, NULL, NULL, '2019-05-06 01:35:14', NULL, 0, NULL, 1, NULL, NULL, 1, NULL, NULL, NULL, '1', NULL, NULL, NULL, 0, NULL, '2019-05-06 01:35:14', 206, 133, '2019-05-06 01:35:14', '192.168.3.172'),(383, 'user031', 'loPVvHm9TfNStzMe+mjlLkqM2Do=', 'user031', 1, 1, NULL, NULL, '2019-05-06 01:35:14', NULL, 0, NULL, 1, NULL, NULL, 1, NULL, NULL, NULL, '1', NULL, NULL, NULL, 0, NULL, '2019-05-06 01:35:14', 206, 134, '2019-05-06 01:35:14', '192.168.3.172'),(384, 'user032', 'loPVvHm9TfNStzMe+mjlLkqM2Do=', 'user032', 1, 1, NULL, NULL, '2019-05-06 01:35:14', NULL, 0, NULL, 1, NULL, NULL, 1, NULL, NULL, NULL, '1', NULL, NULL, NULL, 0, NULL, '2019-05-06 01:35:14', 206, 135, '2019-05-06 01:35:14', '192.168.3.172'),(385, 'user033', 'loPVvHm9TfNStzMe+mjlLkqM2Do=', 'user033', 1, 1, NULL, NULL, '2019-05-06 01:35:14', NULL, 0, NULL, 1, NULL, NULL, 1, NULL, NULL, NULL, '1', NULL, NULL, NULL, 0, NULL, '2019-05-06 01:35:14', 206, 136, '2019-05-06 01:35:14', '192.168.3.172'),(386, 'user034', 'loPVvHm9TfNStzMe+mjlLkqM2Do=', 'user034', 1, 1, NULL, NULL, '2019-05-06 01:35:14', NULL, 0, NULL, 1, NULL, NULL, 1, NULL, NULL, NULL, '1', NULL, NULL, NULL, 0, NULL, '2019-05-06 01:35:14', 206, 137, '2019-05-06 01:35:14', '192.168.3.172'),(387, 'user035', 'loPVvHm9TfNStzMe+mjlLkqM2Do=', 'user035', 1, 1, NULL, NULL, '2019-05-06 01:35:14', NULL, 0, NULL, 1, NULL, NULL, 1, NULL, NULL, NULL, '1', NULL, NULL, NULL, 0, NULL, '2019-05-06 01:35:14', 206, 138, '2019-05-06 01:35:14', '192.168.3.172'),(388, 'user036', 'loPVvHm9TfNStzMe+mjlLkqM2Do=', 'user036', 1, 1, NULL, NULL, '2019-05-06 01:35:14', NULL, 0, NULL, 1, NULL, NULL, 1, NULL, NULL, NULL, '1', NULL, NULL, NULL, 0, NULL, '2019-05-06 01:35:14', 206, 139, '2019-05-06 01:35:14', '192.168.3.172'),(389, 'user037', 'loPVvHm9TfNStzMe+mjlLkqM2Do=', 'user037', 1, 1, NULL, NULL, '2019-05-06 01:35:14', NULL, 0, NULL, 1, NULL, NULL, 1, NULL, NULL, NULL, '1', NULL, NULL, NULL, 0, NULL, '2019-05-06 01:35:14', 206, 140, '2019-05-06 01:35:14', '192.168.3.172'),(390, 'user038', 'loPVvHm9TfNStzMe+mjlLkqM2Do=', 'user038', 1, 1, NULL, NULL, '2019-05-06 01:35:14', NULL, 0, NULL, 1, NULL, NULL, 1, NULL, NULL, NULL, '1', NULL, NULL, NULL, 0, NULL, '2019-05-06 01:35:14', 206, 141, '2019-05-06 01:35:14', '192.168.3.172'),(391, 'user039', 'loPVvHm9TfNStzMe+mjlLkqM2Do=', 'user039', 1, 1, NULL, NULL, '2019-05-06 01:35:14', NULL, 0, NULL, 1, NULL, NULL, 1, NULL, NULL, NULL, '1', NULL, NULL, NULL, 0, NULL, '2019-05-06 01:35:14', 206, 142, '2019-05-06 01:35:14', '192.168.3.172'),(392, 'user040', 'loPVvHm9TfNStzMe+mjlLkqM2Do=', 'user040', 1, 1, NULL, NULL, '2019-05-06 01:35:14', NULL, 0, NULL, 1, NULL, NULL, 1, NULL, NULL, NULL, '1', NULL, NULL, NULL, 0, NULL, '2019-05-06 01:35:14', 206, 143, '2019-05-06 01:35:14', '192.168.3.172'),(393, 'user041', 'loPVvHm9TfNStzMe+mjlLkqM2Do=', 'user041', 1, 1, NULL, NULL, '2019-05-06 01:35:14', NULL, 0, NULL, 1, NULL, NULL, 1, NULL, NULL, NULL, '1', NULL, NULL, NULL, 0, NULL, '2019-05-06 01:35:14', 206, 144, '2019-05-06 01:35:14', '192.168.3.172'),(394, 'user042', 'loPVvHm9TfNStzMe+mjlLkqM2Do=', 'user042', 1, 1, NULL, NULL, '2019-05-06 01:35:14', NULL, 0, NULL, 1, NULL, NULL, 1, NULL, NULL, NULL, '1', NULL, NULL, NULL, 0, NULL, '2019-05-06 01:35:14', 206, 145, '2019-05-06 01:35:14', '192.168.3.172'),(395, 'user043', 'loPVvHm9TfNStzMe+mjlLkqM2Do=', 'user043', 1, 1, NULL, NULL, '2019-05-06 01:35:14', NULL, 0, NULL, 1, NULL, NULL, 1, NULL, NULL, NULL, '1', NULL, NULL, NULL, 0, NULL, '2019-05-06 01:35:14', 206, 146, '2019-05-06 01:35:14', '192.168.3.172'),(396, 'user044', 'loPVvHm9TfNStzMe+mjlLkqM2Do=', 'user044', 1, 1, NULL, NULL, '2019-05-06 01:35:14', NULL, 0, NULL, 1, NULL, NULL, 1, NULL, NULL, NULL, '1', NULL, NULL, NULL, 0, NULL, '2019-05-06 01:35:14', 206, 147, '2019-05-06 01:35:14', '192.168.3.172'),(397, 'user045', 'loPVvHm9TfNStzMe+mjlLkqM2Do=', 'user045', 1, 1, NULL, NULL, '2019-05-06 01:35:14', NULL, 0, NULL, 1, NULL, NULL, 1, NULL, NULL, NULL, '1', NULL, NULL, NULL, 0, NULL, '2019-05-06 01:35:14', 206, 148, '2019-05-06 01:35:14', '192.168.3.172'),(398, 'user046', 'loPVvHm9TfNStzMe+mjlLkqM2Do=', 'user046', 1, 1, NULL, NULL, '2019-05-06 01:35:14', NULL, 0, NULL, 1, NULL, NULL, 1, NULL, NULL, NULL, '1', NULL, NULL, NULL, 0, NULL, '2019-05-06 01:35:14', 206, 149, '2019-05-06 01:35:14', '192.168.3.172'),(399, 'user047', 'loPVvHm9TfNStzMe+mjlLkqM2Do=', 'user047', 1, 1, NULL, NULL, '2019-05-06 01:35:14', NULL, 0, NULL, 1, NULL, NULL, 1, NULL, NULL, NULL, '1', NULL, NULL, NULL, 0, NULL, '2019-05-06 01:35:14', 206, 150, '2019-05-06 01:35:14', '192.168.3.172'),(400, 'user048', 'loPVvHm9TfNStzMe+mjlLkqM2Do=', 'user048', 1, 1, NULL, NULL, '2019-05-06 01:35:14', NULL, 0, NULL, 1, NULL, NULL, 1, NULL, NULL, NULL, '1', NULL, NULL, NULL, 0, NULL, '2019-05-06 01:35:14', 206, 151, '2019-05-06 01:35:14', '192.168.3.172'),(401, 'user049', 'loPVvHm9TfNStzMe+mjlLkqM2Do=', 'user049', 1, 1, NULL, NULL, '2019-05-06 01:35:14', NULL, 0, NULL, 1, NULL, NULL, 1, NULL, NULL, NULL, '1', NULL, NULL, NULL, 0, NULL, '2019-05-06 01:35:14', 206, 152, '2019-05-06 01:35:14', '192.168.3.172'),(402, 'user050', 'loPVvHm9TfNStzMe+mjlLkqM2Do=', 'user050', 1, 1, '2019-05-06 20:26:37.979000', NULL, '2019-05-06 01:35:14', NULL, 0, NULL, 1, NULL, NULL, 1, NULL, NULL, NULL, '1', NULL, NULL, NULL, 0, NULL, '2019-05-06 01:35:14', 206, 153, '2019-05-06 20:26:38', '221.226.30.122'),(403, 'user051', 'loPVvHm9TfNStzMe+mjlLkqM2Do=', 'user051', 1, 1, NULL, NULL, '2019-05-06 01:35:14', NULL, 0, NULL, 1, NULL, NULL, 1, NULL, NULL, NULL, '1', NULL, NULL, NULL, 0, NULL, '2019-05-06 01:35:14', 206, 154, '2019-05-06 01:35:14', '192.168.3.172'),(404, 'user052', 'loPVvHm9TfNStzMe+mjlLkqM2Do=', 'user052', 1, 1, NULL, NULL, '2019-05-06 01:35:14', NULL, 0, NULL, 1, NULL, NULL, 1, NULL, NULL, NULL, '1', NULL, NULL, NULL, 0, NULL, '2019-05-06 01:35:14', 206, 155, '2019-05-06 01:35:14', '192.168.3.172'),(405, 'user053', 'loPVvHm9TfNStzMe+mjlLkqM2Do=', 'user053', 1, 1, NULL, NULL, '2019-05-06 01:35:14', NULL, 0, NULL, 1, NULL, NULL, 1, NULL, NULL, NULL, '1', NULL, NULL, NULL, 0, NULL, '2019-05-06 01:35:14', 206, 156, '2019-05-06 01:35:14', '192.168.3.172'),(406, 'user054', 'loPVvHm9TfNStzMe+mjlLkqM2Do=', 'user054', 1, 1, NULL, NULL, '2019-05-06 01:35:14', NULL, 0, NULL, 1, NULL, NULL, 1, NULL, NULL, NULL, '1', NULL, NULL, NULL, 0, NULL, '2019-05-06 01:35:14', 206, 157, '2019-05-06 01:35:14', '192.168.3.172'),(407, 'user055', 'loPVvHm9TfNStzMe+mjlLkqM2Do=', 'user055', 1, 1, NULL, NULL, '2019-05-06 01:35:14', NULL, 0, NULL, 1, NULL, NULL, 1, NULL, NULL, NULL, '1', NULL, NULL, NULL, 0, NULL, '2019-05-06 01:35:14', 206, 158, '2019-05-06 01:35:14', '192.168.3.172'),(408, 'user056', 'loPVvHm9TfNStzMe+mjlLkqM2Do=', 'user056', 1, 1, NULL, NULL, '2019-05-06 01:35:14', NULL, 0, NULL, 1, NULL, NULL, 1, NULL, NULL, NULL, '1', NULL, NULL, NULL, 0, NULL, '2019-05-06 01:35:14', 206, 159, '2019-05-06 01:35:14', '192.168.3.172'),(409, 'user057', 'loPVvHm9TfNStzMe+mjlLkqM2Do=', 'user057', 1, 1, NULL, NULL, '2019-05-06 01:35:14', NULL, 0, NULL, 1, NULL, NULL, 1, NULL, NULL, NULL, '1', NULL, NULL, NULL, 0, NULL, '2019-05-06 01:35:14', 206, 160, '2019-05-06 01:35:14', '192.168.3.172'),(410, 'user058', 'loPVvHm9TfNStzMe+mjlLkqM2Do=', 'user058', 1, 1, NULL, NULL, '2019-05-06 01:35:14', NULL, 0, NULL, 1, NULL, NULL, 1, NULL, NULL, NULL, '1', NULL, NULL, NULL, 0, NULL, '2019-05-06 01:35:14', 206, 161, '2019-05-06 01:35:14', '192.168.3.172'),(411, 'user059', 'loPVvHm9TfNStzMe+mjlLkqM2Do=', 'user059', 1, 1, NULL, NULL, '2019-05-06 01:35:14', NULL, 0, NULL, 1, NULL, NULL, 1, NULL, NULL, NULL, '1', NULL, NULL, NULL, 0, NULL, '2019-05-06 01:35:14', 206, 162, '2019-05-06 01:35:14', '192.168.3.172'),(412, 'user060', 'loPVvHm9TfNStzMe+mjlLkqM2Do=', 'user060', 1, 1, NULL, NULL, '2019-05-06 01:35:14', NULL, 0, NULL, 1, NULL, NULL, 1, NULL, NULL, NULL, '1', NULL, NULL, NULL, 0, NULL, '2019-05-06 01:35:14', 206, 163, '2019-05-06 01:35:14', '192.168.3.172'),(413, 'user061', 'loPVvHm9TfNStzMe+mjlLkqM2Do=', 'user061', 1, 1, NULL, NULL, '2019-05-06 01:35:14', NULL, 0, NULL, 1, NULL, NULL, 1, NULL, NULL, NULL, '1', NULL, NULL, NULL, 0, NULL, '2019-05-06 01:35:14', 206, 164, '2019-05-06 01:35:14', '192.168.3.172'),(414, 'user062', 'loPVvHm9TfNStzMe+mjlLkqM2Do=', 'user062', 1, 1, NULL, NULL, '2019-05-06 01:35:14', NULL, 0, NULL, 1, NULL, NULL, 1, NULL, NULL, NULL, '1', NULL, NULL, NULL, 0, NULL, '2019-05-06 01:35:14', 206, 165, '2019-05-06 01:35:14', '192.168.3.172'),(415, 'user063', 'loPVvHm9TfNStzMe+mjlLkqM2Do=', 'user063', 1, 1, NULL, NULL, '2019-05-06 01:35:14', NULL, 0, NULL, 1, NULL, NULL, 1, NULL, NULL, NULL, '1', NULL, NULL, NULL, 0, NULL, '2019-05-06 01:35:14', 206, 166, '2019-05-06 01:35:14', '192.168.3.172'),(416, 'user064', 'loPVvHm9TfNStzMe+mjlLkqM2Do=', 'user064', 1, 1, NULL, NULL, '2019-05-06 01:35:14', NULL, 0, NULL, 1, NULL, NULL, 1, NULL, NULL, NULL, '1', NULL, NULL, NULL, 0, NULL, '2019-05-06 01:35:14', 206, 167, '2019-05-06 01:35:14', '192.168.3.172'),(417, 'user065', 'loPVvHm9TfNStzMe+mjlLkqM2Do=', 'user065', 1, 1, NULL, NULL, '2019-05-06 01:35:14', NULL, 0, NULL, 1, NULL, NULL, 1, NULL, NULL, NULL, '1', NULL, NULL, NULL, 0, NULL, '2019-05-06 01:35:14', 206, 168, '2019-05-06 01:35:14', '192.168.3.172'),(418, 'user066', 'loPVvHm9TfNStzMe+mjlLkqM2Do=', 'user066', 1, 1, NULL, NULL, '2019-05-06 01:35:14', NULL, 0, NULL, 1, NULL, NULL, 1, NULL, NULL, NULL, '1', NULL, NULL, NULL, 0, NULL, '2019-05-06 01:35:14', 206, 169, '2019-05-06 01:35:14', '192.168.3.172'),(419, 'user067', 'loPVvHm9TfNStzMe+mjlLkqM2Do=', 'user067', 1, 1, NULL, NULL, '2019-05-06 01:35:14', NULL, 0, NULL, 1, NULL, NULL, 1, NULL, NULL, NULL, '1', NULL, NULL, NULL, 0, NULL, '2019-05-06 01:35:14', 206, 170, '2019-05-06 01:35:14', '192.168.3.172'),(420, 'user068', 'loPVvHm9TfNStzMe+mjlLkqM2Do=', 'user068', 1, 1, NULL, NULL, '2019-05-06 01:35:14', NULL, 0, NULL, 1, NULL, NULL, 1, NULL, NULL, NULL, '1', NULL, NULL, NULL, 0, NULL, '2019-05-06 01:35:14', 206, 171, '2019-05-06 01:35:14', '192.168.3.172'),(421, 'user069', 'loPVvHm9TfNStzMe+mjlLkqM2Do=', 'user069', 1, 1, NULL, NULL, '2019-05-06 01:35:14', NULL, 0, NULL, 1, NULL, NULL, 1, NULL, NULL, NULL, '1', NULL, NULL, NULL, 0, NULL, '2019-05-06 01:35:14', 206, 172, '2019-05-06 01:35:14', '192.168.3.172'),(422, 'user070', 'loPVvHm9TfNStzMe+mjlLkqM2Do=', 'user070', 1, 1, NULL, NULL, '2019-05-06 01:35:14', NULL, 0, NULL, 1, NULL, NULL, 1, NULL, NULL, NULL, '1', NULL, NULL, NULL, 0, NULL, '2019-05-06 01:35:14', 206, 173, '2019-05-06 01:35:14', '192.168.3.172'),(423, 'user071', 'loPVvHm9TfNStzMe+mjlLkqM2Do=', 'user071', 1, 1, NULL, NULL, '2019-05-06 01:35:14', NULL, 0, NULL, 1, NULL, NULL, 1, NULL, NULL, NULL, '1', NULL, NULL, NULL, 0, NULL, '2019-05-06 01:35:14', 206, 174, '2019-05-06 01:35:14', '192.168.3.172'),(424, 'user072', 'loPVvHm9TfNStzMe+mjlLkqM2Do=', 'user072', 1, 1, NULL, NULL, '2019-05-06 01:35:14', NULL, 0, NULL, 1, NULL, NULL, 1, NULL, NULL, NULL, '1', NULL, NULL, NULL, 0, NULL, '2019-05-06 01:35:14', 206, 175, '2019-05-06 01:35:14', '192.168.3.172'),(425, 'user073', 'loPVvHm9TfNStzMe+mjlLkqM2Do=', 'user073', 1, 1, NULL, NULL, '2019-05-06 01:35:14', NULL, 0, NULL, 1, NULL, NULL, 1, NULL, NULL, NULL, '1', NULL, NULL, NULL, 0, NULL, '2019-05-06 01:35:14', 206, 176, '2019-05-06 01:35:14', '192.168.3.172'),(426, 'user074', 'loPVvHm9TfNStzMe+mjlLkqM2Do=', 'user074', 1, 1, NULL, NULL, '2019-05-06 01:35:14', NULL, 0, NULL, 1, NULL, NULL, 1, NULL, NULL, NULL, '1', NULL, NULL, NULL, 0, NULL, '2019-05-06 01:35:14', 206, 177, '2019-05-06 01:35:14', '192.168.3.172'),(427, 'user075', 'loPVvHm9TfNStzMe+mjlLkqM2Do=', 'user075', 1, 1, NULL, NULL, '2019-05-06 01:35:14', NULL, 0, NULL, 1, NULL, NULL, 1, NULL, NULL, NULL, '1', NULL, NULL, NULL, 0, NULL, '2019-05-06 01:35:14', 206, 178, '2019-05-06 01:35:14', '192.168.3.172'),(428, 'user076', 'loPVvHm9TfNStzMe+mjlLkqM2Do=', 'user076', 1, 1, NULL, NULL, '2019-05-06 01:35:14', NULL, 0, NULL, 1, NULL, NULL, 1, NULL, NULL, NULL, '1', NULL, NULL, NULL, 0, NULL, '2019-05-06 01:35:14', 206, 179, '2019-05-06 01:35:14', '192.168.3.172'),(429, 'user077', 'loPVvHm9TfNStzMe+mjlLkqM2Do=', 'user077', 1, 1, NULL, NULL, '2019-05-06 01:35:14', NULL, 0, NULL, 1, NULL, NULL, 1, NULL, NULL, NULL, '1', NULL, NULL, NULL, 0, NULL, '2019-05-06 01:35:14', 206, 180, '2019-05-06 01:35:14', '192.168.3.172'),(430, 'user078', 'loPVvHm9TfNStzMe+mjlLkqM2Do=', 'user078', 1, 1, NULL, NULL, '2019-05-06 01:35:14', NULL, 0, NULL, 1, NULL, NULL, 1, NULL, NULL, NULL, '1', NULL, NULL, NULL, 0, NULL, '2019-05-06 01:35:14', 206, 181, '2019-05-06 01:35:14', '192.168.3.172'),(431, 'user079', 'loPVvHm9TfNStzMe+mjlLkqM2Do=', 'user079', 1, 1, NULL, NULL, '2019-05-06 01:35:14', NULL, 0, NULL, 1, NULL, NULL, 1, NULL, NULL, NULL, '1', NULL, NULL, NULL, 0, NULL, '2019-05-06 01:35:14', 206, 182, '2019-05-06 01:35:14', '192.168.3.172'),(432, 'user080', 'loPVvHm9TfNStzMe+mjlLkqM2Do=', 'user080', 1, 1, NULL, NULL, '2019-05-06 01:35:14', NULL, 0, NULL, 1, NULL, NULL, 1, NULL, NULL, NULL, '1', NULL, NULL, NULL, 0, NULL, '2019-05-06 01:35:14', 206, 183, '2019-05-06 01:35:14', '192.168.3.172'),(433, 'user081', 'loPVvHm9TfNStzMe+mjlLkqM2Do=', 'user081', 1, 1, NULL, NULL, '2019-05-06 01:35:14', NULL, 0, NULL, 1, NULL, NULL, 1, NULL, NULL, NULL, '1', NULL, NULL, NULL, 0, NULL, '2019-05-06 01:35:14', 206, 184, '2019-05-06 01:35:14', '192.168.3.172'),(434, 'user082', 'loPVvHm9TfNStzMe+mjlLkqM2Do=', 'user082', 1, 1, NULL, NULL, '2019-05-06 01:35:14', NULL, 0, NULL, 1, NULL, NULL, 1, NULL, NULL, NULL, '1', NULL, NULL, NULL, 0, NULL, '2019-05-06 01:35:14', 206, 185, '2019-05-06 01:35:14', '192.168.3.172'),(435, 'user083', 'loPVvHm9TfNStzMe+mjlLkqM2Do=', 'user083', 1, 1, NULL, NULL, '2019-05-06 01:35:14', NULL, 0, NULL, 1, NULL, NULL, 1, NULL, NULL, NULL, '1', NULL, NULL, NULL, 0, NULL, '2019-05-06 01:35:14', 206, 186, '2019-05-06 01:35:14', '192.168.3.172'),(436, 'user084', 'loPVvHm9TfNStzMe+mjlLkqM2Do=', 'user084', 1, 1, NULL, NULL, '2019-05-06 01:35:14', NULL, 0, NULL, 1, NULL, NULL, 1, NULL, NULL, NULL, '1', NULL, NULL, NULL, 0, NULL, '2019-05-06 01:35:14', 206, 187, '2019-05-06 01:35:14', '192.168.3.172'),(437, 'user085', 'loPVvHm9TfNStzMe+mjlLkqM2Do=', 'user085', 1, 1, NULL, NULL, '2019-05-06 01:35:14', NULL, 0, NULL, 1, NULL, NULL, 1, NULL, NULL, NULL, '1', NULL, NULL, NULL, 0, NULL, '2019-05-06 01:35:14', 206, 188, '2019-05-06 01:35:14', '192.168.3.172'),(438, 'user086', 'loPVvHm9TfNStzMe+mjlLkqM2Do=', 'user086', 1, 1, NULL, NULL, '2019-05-06 01:35:14', NULL, 0, NULL, 1, NULL, NULL, 1, NULL, NULL, NULL, '1', NULL, NULL, NULL, 0, NULL, '2019-05-06 01:35:14', 206, 189, '2019-05-06 01:35:14', '192.168.3.172'),(439, 'user087', 'loPVvHm9TfNStzMe+mjlLkqM2Do=', 'user087', 1, 1, NULL, NULL, '2019-05-06 01:35:14', NULL, 0, NULL, 1, NULL, NULL, 1, NULL, NULL, NULL, '1', NULL, NULL, NULL, 0, NULL, '2019-05-06 01:35:14', 206, 190, '2019-05-06 01:35:14', '192.168.3.172'),(440, 'user088', 'loPVvHm9TfNStzMe+mjlLkqM2Do=', 'user088', 1, 1, NULL, NULL, '2019-05-06 01:35:14', NULL, 0, NULL, 1, NULL, NULL, 1, NULL, NULL, NULL, '1', NULL, NULL, NULL, 0, NULL, '2019-05-06 01:35:14', 206, 191, '2019-05-06 01:35:14', '192.168.3.172'),(441, 'user089', 'loPVvHm9TfNStzMe+mjlLkqM2Do=', 'user089', 1, 1, NULL, NULL, '2019-05-06 01:35:14', NULL, 0, NULL, 1, NULL, NULL, 1, NULL, NULL, NULL, '1', NULL, NULL, NULL, 0, NULL, '2019-05-06 01:35:14', 206, 192, '2019-05-06 01:35:14', '192.168.3.172'),(442, 'user090', 'loPVvHm9TfNStzMe+mjlLkqM2Do=', 'user090', 1, 1, NULL, NULL, '2019-05-06 01:35:14', NULL, 0, NULL, 1, NULL, NULL, 1, NULL, NULL, NULL, '1', NULL, NULL, NULL, 0, NULL, '2019-05-06 01:35:14', 206, 193, '2019-05-06 01:35:14', '192.168.3.172'),(443, 'user091', 'loPVvHm9TfNStzMe+mjlLkqM2Do=', 'user091', 1, 1, NULL, NULL, '2019-05-06 01:35:14', NULL, 0, NULL, 1, NULL, NULL, 1, NULL, NULL, NULL, '1', NULL, NULL, NULL, 0, NULL, '2019-05-06 01:35:14', 206, 194, '2019-05-06 01:35:14', '192.168.3.172'),(444, 'user092', 'loPVvHm9TfNStzMe+mjlLkqM2Do=', 'user092', 1, 1, NULL, NULL, '2019-05-06 01:35:14', NULL, 0, NULL, 1, NULL, NULL, 1, NULL, NULL, NULL, '1', NULL, NULL, NULL, 0, NULL, '2019-05-06 01:35:14', 206, 195, '2019-05-06 01:35:14', '192.168.3.172'),(445, 'user093', 'loPVvHm9TfNStzMe+mjlLkqM2Do=', 'user093', 1, 1, NULL, NULL, '2019-05-06 01:35:14', NULL, 0, NULL, 1, NULL, NULL, 1, NULL, NULL, NULL, '1', NULL, NULL, NULL, 0, NULL, '2019-05-06 01:35:14', 206, 196, '2019-05-06 01:35:14', '192.168.3.172'),(446, 'user094', 'loPVvHm9TfNStzMe+mjlLkqM2Do=', 'user094', 1, 1, NULL, NULL, '2019-05-06 01:35:14', NULL, 0, NULL, 1, NULL, NULL, 1, NULL, NULL, NULL, '1', NULL, NULL, NULL, 0, NULL, '2019-05-06 01:35:14', 206, 197, '2019-05-06 01:35:14', '192.168.3.172'),(447, 'user095', 'loPVvHm9TfNStzMe+mjlLkqM2Do=', 'user095', 1, 1, NULL, NULL, '2019-05-06 01:35:14', NULL, 0, NULL, 1, NULL, NULL, 1, NULL, NULL, NULL, '1', NULL, NULL, NULL, 0, NULL, '2019-05-06 01:35:14', 206, 198, '2019-05-06 01:35:14', '192.168.3.172'),(448, 'user096', 'loPVvHm9TfNStzMe+mjlLkqM2Do=', 'user096', 1, 1, NULL, NULL, '2019-05-06 01:35:14', NULL, 0, NULL, 1, NULL, NULL, 1, NULL, NULL, NULL, '1', NULL, NULL, NULL, 0, NULL, '2019-05-06 01:35:14', 206, 199, '2019-05-06 01:35:14', '192.168.3.172'),(449, 'user097', 'loPVvHm9TfNStzMe+mjlLkqM2Do=', 'user097', 1, 1, NULL, NULL, '2019-05-06 01:35:14', NULL, 0, NULL, 1, NULL, NULL, 1, NULL, NULL, NULL, '1', NULL, NULL, NULL, 0, NULL, '2019-05-06 01:35:14', 206, 200, '2019-05-06 01:35:14', '192.168.3.172'),(450, 'user098', 'loPVvHm9TfNStzMe+mjlLkqM2Do=', 'user098', 1, 1, NULL, NULL, '2019-05-06 01:35:14', NULL, 0, NULL, 1, NULL, NULL, 1, NULL, NULL, NULL, '1', NULL, NULL, NULL, 0, NULL, '2019-05-06 01:35:14', 206, 201, '2019-05-06 01:35:14', '192.168.3.172'),(451, 'user099', 'loPVvHm9TfNStzMe+mjlLkqM2Do=', 'user099', 1, 1, NULL, NULL, '2019-05-06 01:35:14', NULL, 0, NULL, 1, NULL, NULL, 1, NULL, NULL, NULL, '1', NULL, NULL, NULL, 0, NULL, '2019-05-06 01:35:14', 206, 202, '2019-05-06 01:35:14', '192.168.3.172'),(452, 'user100', 'loPVvHm9TfNStzMe+mjlLkqM2Do=', 'user100', 1, 1, '2019-05-06 20:26:13.412000', NULL, '2019-05-06 01:35:14', NULL, 0, NULL, 1, NULL, NULL, 1, NULL, NULL, NULL, '1', NULL, NULL, NULL, 0, NULL, '2019-05-06 01:35:14', 206, 203, '2019-05-06 20:26:13', '221.226.30.122'),(453, 'user101', 'loPVvHm9TfNStzMe+mjlLkqM2Do=', 'user101', 1, 1, NULL, NULL, '2019-05-06 01:35:14', NULL, 0, NULL, 1, NULL, NULL, 1, NULL, NULL, NULL, '1', NULL, NULL, NULL, 0, NULL, '2019-05-06 01:35:14', 206, 204, '2019-05-06 01:35:14', '192.168.3.172'),(454, 'user102', 'loPVvHm9TfNStzMe+mjlLkqM2Do=', 'user102', 1, 1, NULL, NULL, '2019-05-06 01:35:14', NULL, 0, NULL, 1, NULL, NULL, 1, NULL, NULL, NULL, '1', NULL, NULL, NULL, 0, NULL, '2019-05-06 01:35:14', 206, 205, '2019-05-06 01:35:14', '192.168.3.172'),(455, 'user103', 'loPVvHm9TfNStzMe+mjlLkqM2Do=', 'user103', 1, 1, NULL, NULL, '2019-05-06 01:35:14', NULL, 0, NULL, 1, NULL, NULL, 1, NULL, NULL, NULL, '1', NULL, NULL, NULL, 0, NULL, '2019-05-06 01:35:14', 206, 206, '2019-05-06 01:35:14', '192.168.3.172'),(456, 'user104', 'loPVvHm9TfNStzMe+mjlLkqM2Do=', 'user104', 1, 1, NULL, NULL, '2019-05-06 01:35:14', NULL, 0, NULL, 1, NULL, NULL, 1, NULL, NULL, NULL, '1', NULL, NULL, NULL, 0, NULL, '2019-05-06 01:35:14', 206, 207, '2019-05-06 01:35:14', '192.168.3.172'),(457, 'user105', 'loPVvHm9TfNStzMe+mjlLkqM2Do=', 'user105', 1, 1, NULL, NULL, '2019-05-06 01:35:14', NULL, 0, NULL, 1, NULL, NULL, 1, NULL, NULL, NULL, '1', NULL, NULL, NULL, 0, NULL, '2019-05-06 01:35:14', 206, 208, '2019-05-06 01:35:14', '192.168.3.172'),(458, 'user106', 'loPVvHm9TfNStzMe+mjlLkqM2Do=', 'user106', 1, 1, NULL, NULL, '2019-05-06 01:35:14', NULL, 0, NULL, 1, NULL, NULL, 1, NULL, NULL, NULL, '1', NULL, NULL, NULL, 0, NULL, '2019-05-06 01:35:14', 206, 209, '2019-05-06 01:35:14', '192.168.3.172'),(459, 'user107', 'loPVvHm9TfNStzMe+mjlLkqM2Do=', 'user107', 1, 1, NULL, NULL, '2019-05-06 01:35:14', NULL, 0, NULL, 1, NULL, NULL, 1, NULL, NULL, NULL, '1', NULL, NULL, NULL, 0, NULL, '2019-05-06 01:35:14', 206, 210, '2019-05-06 01:35:14', '192.168.3.172'),(460, 'user108', 'loPVvHm9TfNStzMe+mjlLkqM2Do=', 'user108', 1, 1, NULL, NULL, '2019-05-06 01:35:14', NULL, 0, NULL, 1, NULL, NULL, 1, NULL, NULL, NULL, '1', NULL, NULL, NULL, 0, NULL, '2019-05-06 01:35:14', 206, 211, '2019-05-06 01:35:14', '192.168.3.172'),(461, 'user109', 'loPVvHm9TfNStzMe+mjlLkqM2Do=', 'user109', 1, 1, NULL, NULL, '2019-05-06 01:35:14', NULL, 0, NULL, 1, NULL, NULL, 1, NULL, NULL, NULL, '1', NULL, NULL, NULL, 0, NULL, '2019-05-06 01:35:14', 206, 212, '2019-05-06 01:35:14', '192.168.3.172'),(462, 'user110', 'loPVvHm9TfNStzMe+mjlLkqM2Do=', 'user110', 1, 1, NULL, NULL, '2019-05-06 01:35:14', NULL, 0, NULL, 1, NULL, NULL, 1, NULL, NULL, NULL, '1', NULL, NULL, NULL, 0, NULL, '2019-05-06 01:35:14', 206, 213, '2019-05-06 01:35:14', '192.168.3.172'),(463, 'user111', 'loPVvHm9TfNStzMe+mjlLkqM2Do=', 'user111', 1, 1, NULL, NULL, '2019-05-06 01:35:14', NULL, 0, NULL, 1, NULL, NULL, 1, NULL, NULL, NULL, '1', NULL, NULL, NULL, 0, NULL, '2019-05-06 01:35:14', 206, 214, '2019-05-06 01:35:14', '192.168.3.172'),(464, 'user112', 'loPVvHm9TfNStzMe+mjlLkqM2Do=', 'user112', 1, 1, NULL, NULL, '2019-05-06 01:35:14', NULL, 0, NULL, 1, NULL, NULL, 1, NULL, NULL, NULL, '1', NULL, NULL, NULL, 0, NULL, '2019-05-06 01:35:14', 206, 215, '2019-05-06 01:35:14', '192.168.3.172'),(465, 'user113', 'loPVvHm9TfNStzMe+mjlLkqM2Do=', 'user113', 1, 1, NULL, NULL, '2019-05-06 01:35:14', NULL, 0, NULL, 1, NULL, NULL, 1, NULL, NULL, NULL, '1', NULL, NULL, NULL, 0, NULL, '2019-05-06 01:35:14', 206, 216, '2019-05-06 01:35:14', '192.168.3.172'),(466, 'user114', 'loPVvHm9TfNStzMe+mjlLkqM2Do=', 'user114', 1, 1, NULL, NULL, '2019-05-06 01:35:14', NULL, 0, NULL, 1, NULL, NULL, 1, NULL, NULL, NULL, '1', NULL, NULL, NULL, 0, NULL, '2019-05-06 01:35:14', 206, 217, '2019-05-06 01:35:14', '192.168.3.172'),(467, 'user115', 'loPVvHm9TfNStzMe+mjlLkqM2Do=', 'user115', 1, 1, NULL, NULL, '2019-05-06 01:35:14', NULL, 0, NULL, 1, NULL, NULL, 1, NULL, NULL, NULL, '1', NULL, NULL, NULL, 0, NULL, '2019-05-06 01:35:14', 206, 218, '2019-05-06 01:35:14', '192.168.3.172'),(468, 'user116', 'loPVvHm9TfNStzMe+mjlLkqM2Do=', 'user116', 1, 1, NULL, NULL, '2019-05-06 01:35:14', NULL, 0, NULL, 1, NULL, NULL, 1, NULL, NULL, NULL, '1', NULL, NULL, NULL, 0, NULL, '2019-05-06 01:35:14', 206, 219, '2019-05-06 01:35:14', '192.168.3.172'),(469, 'user117', 'loPVvHm9TfNStzMe+mjlLkqM2Do=', 'user117', 1, 1, NULL, NULL, '2019-05-06 01:35:14', NULL, 0, NULL, 1, NULL, NULL, 1, NULL, NULL, NULL, '1', NULL, NULL, NULL, 0, NULL, '2019-05-06 01:35:14', 206, 220, '2019-05-06 01:35:14', '192.168.3.172'),(470, 'user118', 'loPVvHm9TfNStzMe+mjlLkqM2Do=', 'user118', 1, 1, NULL, NULL, '2019-05-06 01:35:14', NULL, 0, NULL, 1, NULL, NULL, 1, NULL, NULL, NULL, '1', NULL, NULL, NULL, 0, NULL, '2019-05-06 01:35:14', 206, 221, '2019-05-06 01:35:14', '192.168.3.172'),(471, 'user119', 'loPVvHm9TfNStzMe+mjlLkqM2Do=', 'user119', 1, 1, NULL, NULL, '2019-05-06 01:35:14', NULL, 0, NULL, 1, NULL, NULL, 1, NULL, NULL, NULL, '1', NULL, NULL, NULL, 0, NULL, '2019-05-06 01:35:14', 206, 222, '2019-05-06 01:35:14', '192.168.3.172'),(472, 'user120', 'loPVvHm9TfNStzMe+mjlLkqM2Do=', 'user120', 1, 1, NULL, NULL, '2019-05-06 01:35:14', NULL, 0, NULL, 1, NULL, NULL, 1, NULL, NULL, NULL, '1', NULL, NULL, NULL, 0, NULL, '2019-05-06 01:35:14', 206, 223, '2019-05-06 01:35:14', '192.168.3.172'),(473, 'user121', 'loPVvHm9TfNStzMe+mjlLkqM2Do=', 'user121', 1, 1, NULL, NULL, '2019-05-06 01:35:14', NULL, 0, NULL, 1, NULL, NULL, 1, NULL, NULL, NULL, '1', NULL, NULL, NULL, 0, NULL, '2019-05-06 01:35:14', 206, 224, '2019-05-06 01:35:14', '192.168.3.172'),(474, 'user122', 'loPVvHm9TfNStzMe+mjlLkqM2Do=', 'user122', 1, 1, NULL, NULL, '2019-05-06 01:35:14', NULL, 0, NULL, 1, NULL, NULL, 1, NULL, NULL, NULL, '1', NULL, NULL, NULL, 0, NULL, '2019-05-06 01:35:14', 206, 225, '2019-05-06 01:35:14', '192.168.3.172'),(475, 'user123', 'loPVvHm9TfNStzMe+mjlLkqM2Do=', 'user123', 1, 1, NULL, NULL, '2019-05-06 01:35:14', NULL, 0, NULL, 1, NULL, NULL, 1, NULL, NULL, NULL, '1', NULL, NULL, NULL, 0, NULL, '2019-05-06 01:35:14', 206, 226, '2019-05-06 01:35:14', '192.168.3.172'),(476, 'user124', 'loPVvHm9TfNStzMe+mjlLkqM2Do=', 'user124', 1, 1, NULL, NULL, '2019-05-06 01:35:14', NULL, 0, NULL, 1, NULL, NULL, 1, NULL, NULL, NULL, '1', NULL, NULL, NULL, 0, NULL, '2019-05-06 01:35:14', 206, 227, '2019-05-06 01:35:14', '192.168.3.172'),(477, 'user125', 'loPVvHm9TfNStzMe+mjlLkqM2Do=', 'user125', 1, 1, NULL, NULL, '2019-05-06 01:35:14', NULL, 0, NULL, 1, NULL, NULL, 1, NULL, NULL, NULL, '1', NULL, NULL, NULL, 0, NULL, '2019-05-06 01:35:14', 206, 228, '2019-05-06 01:35:14', '192.168.3.172'),(478, 'user126', 'loPVvHm9TfNStzMe+mjlLkqM2Do=', 'user126', 1, 1, NULL, NULL, '2019-05-06 01:35:14', NULL, 0, NULL, 1, NULL, NULL, 1, NULL, NULL, NULL, '1', NULL, NULL, NULL, 0, NULL, '2019-05-06 01:35:14', 206, 229, '2019-05-06 01:35:14', '192.168.3.172'),(479, 'user127', 'loPVvHm9TfNStzMe+mjlLkqM2Do=', 'user127', 1, 1, NULL, NULL, '2019-05-06 01:35:14', NULL, 0, NULL, 1, NULL, NULL, 1, NULL, NULL, NULL, '1', NULL, NULL, NULL, 0, NULL, '2019-05-06 01:35:14', 206, 230, '2019-05-06 01:35:14', '192.168.3.172'),(480, 'user128', 'loPVvHm9TfNStzMe+mjlLkqM2Do=', 'user128', 1, 1, NULL, NULL, '2019-05-06 01:35:14', NULL, 0, NULL, 1, NULL, NULL, 1, NULL, NULL, NULL, '1', NULL, NULL, NULL, 0, NULL, '2019-05-06 01:35:14', 206, 231, '2019-05-06 01:35:14', '192.168.3.172'),(481, 'user129', 'loPVvHm9TfNStzMe+mjlLkqM2Do=', 'user129', 1, 1, NULL, NULL, '2019-05-06 01:35:14', NULL, 0, NULL, 1, NULL, NULL, 1, NULL, NULL, NULL, '1', NULL, NULL, NULL, 0, NULL, '2019-05-06 01:35:14', 206, 232, '2019-05-06 01:35:14', '192.168.3.172'),(482, 'user130', 'loPVvHm9TfNStzMe+mjlLkqM2Do=', 'user130', 1, 1, NULL, NULL, '2019-05-06 01:35:14', NULL, 0, NULL, 1, NULL, NULL, 1, NULL, NULL, NULL, '1', NULL, NULL, NULL, 0, NULL, '2019-05-06 01:35:14', 206, 233, '2019-05-06 01:35:14', '192.168.3.172'),(483, 'user131', 'loPVvHm9TfNStzMe+mjlLkqM2Do=', 'user131', 1, 1, NULL, NULL, '2019-05-06 01:35:14', NULL, 0, NULL, 1, NULL, NULL, 1, NULL, NULL, NULL, '1', NULL, NULL, NULL, 0, NULL, '2019-05-06 01:35:14', 206, 234, '2019-05-06 01:35:14', '192.168.3.172'),(484, 'user132', 'loPVvHm9TfNStzMe+mjlLkqM2Do=', 'user132', 1, 1, NULL, NULL, '2019-05-06 01:35:14', NULL, 0, NULL, 1, NULL, NULL, 1, NULL, NULL, NULL, '1', NULL, NULL, NULL, 0, NULL, '2019-05-06 01:35:14', 206, 235, '2019-05-06 01:35:14', '192.168.3.172'),(485, 'user133', 'loPVvHm9TfNStzMe+mjlLkqM2Do=', 'user133', 1, 1, NULL, NULL, '2019-05-06 01:35:14', NULL, 0, NULL, 1, NULL, NULL, 1, NULL, NULL, NULL, '1', NULL, NULL, NULL, 0, NULL, '2019-05-06 01:35:14', 206, 236, '2019-05-06 01:35:14', '192.168.3.172'),(486, 'user134', 'loPVvHm9TfNStzMe+mjlLkqM2Do=', 'user134', 1, 1, NULL, NULL, '2019-05-06 01:35:14', NULL, 0, NULL, 1, NULL, NULL, 1, NULL, NULL, NULL, '1', NULL, NULL, NULL, 0, NULL, '2019-05-06 01:35:14', 206, 237, '2019-05-06 01:35:14', '192.168.3.172'),(487, 'user135', 'loPVvHm9TfNStzMe+mjlLkqM2Do=', 'user135', 1, 1, NULL, NULL, '2019-05-06 01:35:14', NULL, 0, NULL, 1, NULL, NULL, 1, NULL, NULL, NULL, '1', NULL, NULL, NULL, 0, NULL, '2019-05-06 01:35:14', 206, 238, '2019-05-06 01:35:14', '192.168.3.172'),(488, 'user136', 'loPVvHm9TfNStzMe+mjlLkqM2Do=', 'user136', 1, 1, NULL, NULL, '2019-05-06 01:35:14', NULL, 0, NULL, 1, NULL, NULL, 1, NULL, NULL, NULL, '1', NULL, NULL, NULL, 0, NULL, '2019-05-06 01:35:14', 206, 239, '2019-05-06 01:35:14', '192.168.3.172'),(489, 'user137', 'loPVvHm9TfNStzMe+mjlLkqM2Do=', 'user137', 1, 1, NULL, NULL, '2019-05-06 01:35:14', NULL, 0, NULL, 1, NULL, NULL, 1, NULL, NULL, NULL, '1', NULL, NULL, NULL, 0, NULL, '2019-05-06 01:35:14', 206, 240, '2019-05-06 01:35:14', '192.168.3.172'),(490, 'user138', 'loPVvHm9TfNStzMe+mjlLkqM2Do=', 'user138', 1, 1, NULL, NULL, '2019-05-06 01:35:14', NULL, 0, NULL, 1, NULL, NULL, 1, NULL, NULL, NULL, '1', NULL, NULL, NULL, 0, NULL, '2019-05-06 01:35:14', 206, 241, '2019-05-06 01:35:14', '192.168.3.172'),(491, 'user139', 'loPVvHm9TfNStzMe+mjlLkqM2Do=', 'user139', 1, 1, NULL, NULL, '2019-05-06 01:35:14', NULL, 0, NULL, 1, NULL, NULL, 1, NULL, NULL, NULL, '1', NULL, NULL, NULL, 0, NULL, '2019-05-06 01:35:14', 206, 242, '2019-05-06 01:35:14', '192.168.3.172'),(492, 'user140', 'loPVvHm9TfNStzMe+mjlLkqM2Do=', 'user140', 1, 1, NULL, NULL, '2019-05-06 01:35:14', NULL, 0, NULL, 1, NULL, NULL, 1, NULL, NULL, NULL, '1', NULL, NULL, NULL, 0, NULL, '2019-05-06 01:35:14', 206, 243, '2019-05-06 01:35:14', '192.168.3.172'),(493, 'user141', 'loPVvHm9TfNStzMe+mjlLkqM2Do=', 'user141', 1, 1, NULL, NULL, '2019-05-06 01:35:14', NULL, 0, NULL, 1, NULL, NULL, 1, NULL, NULL, NULL, '1', NULL, NULL, NULL, 0, NULL, '2019-05-06 01:35:14', 206, 244, '2019-05-06 01:35:14', '192.168.3.172'),(494, 'user142', 'loPVvHm9TfNStzMe+mjlLkqM2Do=', 'user142', 1, 1, NULL, NULL, '2019-05-06 01:35:14', NULL, 0, NULL, 1, NULL, NULL, 1, NULL, NULL, NULL, '1', NULL, NULL, NULL, 0, NULL, '2019-05-06 01:35:14', 206, 245, '2019-05-06 01:35:14', '192.168.3.172'),(495, 'user143', 'loPVvHm9TfNStzMe+mjlLkqM2Do=', 'user143', 1, 1, NULL, NULL, '2019-05-06 01:35:14', NULL, 0, NULL, 1, NULL, NULL, 1, NULL, NULL, NULL, '1', NULL, NULL, NULL, 0, NULL, '2019-05-06 01:35:14', 206, 246, '2019-05-06 01:35:14', '192.168.3.172'),(496, 'user144', 'loPVvHm9TfNStzMe+mjlLkqM2Do=', 'user144', 1, 1, NULL, NULL, '2019-05-06 01:35:14', NULL, 0, NULL, 1, NULL, NULL, 1, NULL, NULL, NULL, '1', NULL, NULL, NULL, 0, NULL, '2019-05-06 01:35:14', 206, 247, '2019-05-06 01:35:14', '192.168.3.172'),(497, 'user145', 'loPVvHm9TfNStzMe+mjlLkqM2Do=', 'user145', 1, 1, NULL, NULL, '2019-05-06 01:35:14', NULL, 0, NULL, 1, NULL, NULL, 1, NULL, NULL, NULL, '1', NULL, NULL, NULL, 0, NULL, '2019-05-06 01:35:14', 206, 248, '2019-05-06 01:35:14', '192.168.3.172'),(498, 'user146', 'loPVvHm9TfNStzMe+mjlLkqM2Do=', 'user146', 1, 1, NULL, NULL, '2019-05-06 01:35:14', NULL, 0, NULL, 1, NULL, NULL, 1, NULL, NULL, NULL, '1', NULL, NULL, NULL, 0, NULL, '2019-05-06 01:35:14', 206, 249, '2019-05-06 01:35:14', '192.168.3.172'),(499, 'user147', 'loPVvHm9TfNStzMe+mjlLkqM2Do=', 'user147', 1, 1, NULL, NULL, '2019-05-06 01:35:14', NULL, 0, NULL, 1, NULL, NULL, 1, NULL, NULL, NULL, '1', NULL, NULL, NULL, 0, NULL, '2019-05-06 01:35:14', 206, 250, '2019-05-06 01:35:14', '192.168.3.172'),(500, 'user148', 'loPVvHm9TfNStzMe+mjlLkqM2Do=', 'user148', 1, 1, NULL, NULL, '2019-05-06 01:35:14', NULL, 0, NULL, 1, NULL, NULL, 1, NULL, NULL, NULL, '1', NULL, NULL, NULL, 0, NULL, '2019-05-06 01:35:14', 206, 251, '2019-05-06 01:35:14', '192.168.3.172'),(501, 'user149', 'loPVvHm9TfNStzMe+mjlLkqM2Do=', 'user149', 1, 1, NULL, NULL, '2019-05-06 01:35:14', NULL, 0, NULL, 1, NULL, NULL, 1, NULL, NULL, NULL, '1', NULL, NULL, NULL, 0, NULL, '2019-05-06 01:35:14', 206, 252, '2019-05-06 01:35:14', '192.168.3.172'),(502, 'user150', 'loPVvHm9TfNStzMe+mjlLkqM2Do=', 'user150', 1, 1, '2019-05-06 20:26:25.463000', NULL, '2019-05-06 01:35:14', NULL, 0, NULL, 1, NULL, NULL, 1, NULL, NULL, NULL, '1', NULL, NULL, NULL, 0, NULL, '2019-05-06 01:35:14', 206, 253, '2019-05-06 20:26:25', '221.226.30.122'),(503, 'user151', 'loPVvHm9TfNStzMe+mjlLkqM2Do=', 'user151', 1, 1, NULL, NULL, '2019-05-06 01:35:14', NULL, 0, NULL, 1, NULL, NULL, 1, NULL, NULL, NULL, '1', NULL, NULL, NULL, 0, NULL, '2019-05-06 01:35:14', 206, 254, '2019-05-06 01:35:14', '192.168.3.172'),(504, 'user152', 'loPVvHm9TfNStzMe+mjlLkqM2Do=', 'user152', 1, 1, NULL, NULL, '2019-05-06 01:35:14', NULL, 0, NULL, 1, NULL, NULL, 1, NULL, NULL, NULL, '1', NULL, NULL, NULL, 0, NULL, '2019-05-06 01:35:14', 206, 255, '2019-05-06 01:35:14', '192.168.3.172'),(505, 'user153', 'loPVvHm9TfNStzMe+mjlLkqM2Do=', 'user153', 1, 1, NULL, NULL, '2019-05-06 01:35:14', NULL, 0, NULL, 1, NULL, NULL, 1, NULL, NULL, NULL, '1', NULL, NULL, NULL, 0, NULL, '2019-05-06 01:35:14', 206, 256, '2019-05-06 01:35:14', '192.168.3.172'),(506, 'user154', 'loPVvHm9TfNStzMe+mjlLkqM2Do=', 'user154', 1, 1, NULL, NULL, '2019-05-06 01:35:14', NULL, 0, NULL, 1, NULL, NULL, 1, NULL, NULL, NULL, '1', NULL, NULL, NULL, 0, NULL, '2019-05-06 01:35:14', 206, 257, '2019-05-06 01:35:14', '192.168.3.172'),(507, 'user155', 'loPVvHm9TfNStzMe+mjlLkqM2Do=', 'user155', 1, 1, NULL, NULL, '2019-05-06 01:35:14', NULL, 0, NULL, 1, NULL, NULL, 1, NULL, NULL, NULL, '1', NULL, NULL, NULL, 0, NULL, '2019-05-06 01:35:14', 206, 258, '2019-05-06 01:35:14', '192.168.3.172'),(508, 'user156', 'loPVvHm9TfNStzMe+mjlLkqM2Do=', 'user156', 1, 1, NULL, NULL, '2019-05-06 01:35:14', NULL, 0, NULL, 1, NULL, NULL, 1, NULL, NULL, NULL, '1', NULL, NULL, NULL, 0, NULL, '2019-05-06 01:35:14', 206, 259, '2019-05-06 01:35:14', '192.168.3.172'),(509, 'user157', 'loPVvHm9TfNStzMe+mjlLkqM2Do=', 'user157', 1, 1, NULL, NULL, '2019-05-06 01:35:14', NULL, 0, NULL, 1, NULL, NULL, 1, NULL, NULL, NULL, '1', NULL, NULL, NULL, 0, NULL, '2019-05-06 01:35:14', 206, 260, '2019-05-06 01:35:14', '192.168.3.172'),(510, 'user158', 'loPVvHm9TfNStzMe+mjlLkqM2Do=', 'user158', 1, 1, NULL, NULL, '2019-05-06 01:35:14', NULL, 0, NULL, 1, NULL, NULL, 1, NULL, NULL, NULL, '1', NULL, NULL, NULL, 0, NULL, '2019-05-06 01:35:14', 206, 261, '2019-05-06 01:35:14', '192.168.3.172'),(511, 'user159', 'loPVvHm9TfNStzMe+mjlLkqM2Do=', 'user159', 1, 1, NULL, NULL, '2019-05-06 01:35:14', NULL, 0, NULL, 1, NULL, NULL, 1, NULL, NULL, NULL, '1', NULL, NULL, NULL, 0, NULL, '2019-05-06 01:35:14', 206, 262, '2019-05-06 01:35:14', '192.168.3.172'),(512, 'user160', 'loPVvHm9TfNStzMe+mjlLkqM2Do=', 'user160', 1, 1, NULL, NULL, '2019-05-06 01:35:14', NULL, 0, NULL, 1, NULL, NULL, 1, NULL, NULL, NULL, '1', NULL, NULL, NULL, 0, NULL, '2019-05-06 01:35:14', 206, 263, '2019-05-06 01:35:14', '192.168.3.172'),(513, 'user161', 'loPVvHm9TfNStzMe+mjlLkqM2Do=', 'user161', 1, 1, NULL, NULL, '2019-05-06 01:35:14', NULL, 0, NULL, 1, NULL, NULL, 1, NULL, NULL, NULL, '1', NULL, NULL, NULL, 0, NULL, '2019-05-06 01:35:14', 206, 264, '2019-05-06 01:35:14', '192.168.3.172'),(514, 'user162', 'loPVvHm9TfNStzMe+mjlLkqM2Do=', 'user162', 1, 1, NULL, NULL, '2019-05-06 01:35:14', NULL, 0, NULL, 1, NULL, NULL, 1, NULL, NULL, NULL, '1', NULL, NULL, NULL, 0, NULL, '2019-05-06 01:35:14', 206, 265, '2019-05-06 01:35:14', '192.168.3.172'),(515, 'user163', 'loPVvHm9TfNStzMe+mjlLkqM2Do=', 'user163', 1, 1, NULL, NULL, '2019-05-06 01:35:14', NULL, 0, NULL, 1, NULL, NULL, 1, NULL, NULL, NULL, '1', NULL, NULL, NULL, 0, NULL, '2019-05-06 01:35:14', 206, 266, '2019-05-06 01:35:14', '192.168.3.172'),(516, 'user164', 'loPVvHm9TfNStzMe+mjlLkqM2Do=', 'user164', 1, 1, NULL, NULL, '2019-05-06 01:35:14', NULL, 0, NULL, 1, NULL, NULL, 1, NULL, NULL, NULL, '1', NULL, NULL, NULL, 0, NULL, '2019-05-06 01:35:14', 206, 267, '2019-05-06 01:35:14', '192.168.3.172'),(517, 'user165', 'loPVvHm9TfNStzMe+mjlLkqM2Do=', 'user165', 1, 1, NULL, NULL, '2019-05-06 01:35:14', NULL, 0, NULL, 1, NULL, NULL, 1, NULL, NULL, NULL, '1', NULL, NULL, NULL, 0, NULL, '2019-05-06 01:35:14', 206, 268, '2019-05-06 01:35:14', '192.168.3.172'),(518, 'user166', 'loPVvHm9TfNStzMe+mjlLkqM2Do=', 'user166', 1, 1, NULL, NULL, '2019-05-06 01:35:14', NULL, 0, NULL, 1, NULL, NULL, 1, NULL, NULL, NULL, '1', NULL, NULL, NULL, 0, NULL, '2019-05-06 01:35:14', 206, 269, '2019-05-06 01:35:14', '192.168.3.172'),(519, 'user167', 'loPVvHm9TfNStzMe+mjlLkqM2Do=', 'user167', 1, 1, NULL, NULL, '2019-05-06 01:35:14', NULL, 0, NULL, 1, NULL, NULL, 1, NULL, NULL, NULL, '1', NULL, NULL, NULL, 0, NULL, '2019-05-06 01:35:14', 206, 270, '2019-05-06 01:35:14', '192.168.3.172'),(520, 'user168', 'loPVvHm9TfNStzMe+mjlLkqM2Do=', 'user168', 1, 1, NULL, NULL, '2019-05-06 01:35:14', NULL, 0, NULL, 1, NULL, NULL, 1, NULL, NULL, NULL, '1', NULL, NULL, NULL, 0, NULL, '2019-05-06 01:35:14', 206, 271, '2019-05-06 01:35:14', '192.168.3.172'),(521, 'user169', 'loPVvHm9TfNStzMe+mjlLkqM2Do=', 'user169', 1, 1, NULL, NULL, '2019-05-06 01:35:14', NULL, 0, NULL, 1, NULL, NULL, 1, NULL, NULL, NULL, '1', NULL, NULL, NULL, 0, NULL, '2019-05-06 01:35:14', 206, 272, '2019-05-06 01:35:14', '192.168.3.172'),(522, 'user170', 'loPVvHm9TfNStzMe+mjlLkqM2Do=', 'user170', 1, 1, NULL, NULL, '2019-05-06 01:35:14', NULL, 0, NULL, 1, NULL, NULL, 1, NULL, NULL, NULL, '1', NULL, NULL, NULL, 0, NULL, '2019-05-06 01:35:14', 206, 273, '2019-05-06 01:35:14', '192.168.3.172'),(523, 'user171', 'loPVvHm9TfNStzMe+mjlLkqM2Do=', 'user171', 1, 1, NULL, NULL, '2019-05-06 01:35:14', NULL, 0, NULL, 1, NULL, NULL, 1, NULL, NULL, NULL, '1', NULL, NULL, NULL, 0, NULL, '2019-05-06 01:35:14', 206, 274, '2019-05-06 01:35:14', '192.168.3.172'),(524, 'user172', 'loPVvHm9TfNStzMe+mjlLkqM2Do=', 'user172', 1, 1, NULL, NULL, '2019-05-06 01:35:14', NULL, 0, NULL, 1, NULL, NULL, 1, NULL, NULL, NULL, '1', NULL, NULL, NULL, 0, NULL, '2019-05-06 01:35:14', 206, 275, '2019-05-06 01:35:14', '192.168.3.172'),(525, 'user173', 'loPVvHm9TfNStzMe+mjlLkqM2Do=', 'user173', 1, 1, NULL, NULL, '2019-05-06 01:35:14', NULL, 0, NULL, 1, NULL, NULL, 1, NULL, NULL, NULL, '1', NULL, NULL, NULL, 0, NULL, '2019-05-06 01:35:14', 206, 276, '2019-05-06 01:35:14', '192.168.3.172'),(526, 'user174', 'loPVvHm9TfNStzMe+mjlLkqM2Do=', 'user174', 1, 1, NULL, NULL, '2019-05-06 01:35:14', NULL, 0, NULL, 1, NULL, NULL, 1, NULL, NULL, NULL, '1', NULL, NULL, NULL, 0, NULL, '2019-05-06 01:35:14', 206, 277, '2019-05-06 01:35:14', '192.168.3.172'),(527, 'user175', 'loPVvHm9TfNStzMe+mjlLkqM2Do=', 'user175', 1, 1, NULL, NULL, '2019-05-06 01:35:14', NULL, 0, NULL, 1, NULL, NULL, 1, NULL, NULL, NULL, '1', NULL, NULL, NULL, 0, NULL, '2019-05-06 01:35:14', 206, 278, '2019-05-06 01:35:14', '192.168.3.172'),(528, 'user176', 'loPVvHm9TfNStzMe+mjlLkqM2Do=', 'user176', 1, 1, NULL, NULL, '2019-05-06 01:35:14', NULL, 0, NULL, 1, NULL, NULL, 1, NULL, NULL, NULL, '1', NULL, NULL, NULL, 0, NULL, '2019-05-06 01:35:14', 206, 279, '2019-05-06 01:35:14', '192.168.3.172'),(529, 'user177', 'loPVvHm9TfNStzMe+mjlLkqM2Do=', 'user177', 1, 1, NULL, NULL, '2019-05-06 01:35:14', NULL, 0, NULL, 1, NULL, NULL, 1, NULL, NULL, NULL, '1', NULL, NULL, NULL, 0, NULL, '2019-05-06 01:35:14', 206, 280, '2019-05-06 01:35:14', '192.168.3.172'),(530, 'user178', 'loPVvHm9TfNStzMe+mjlLkqM2Do=', 'user178', 1, 1, NULL, NULL, '2019-05-06 01:35:14', NULL, 0, NULL, 1, NULL, NULL, 1, NULL, NULL, NULL, '1', NULL, NULL, NULL, 0, NULL, '2019-05-06 01:35:14', 206, 281, '2019-05-06 01:35:14', '192.168.3.172'),(531, 'user179', 'loPVvHm9TfNStzMe+mjlLkqM2Do=', 'user179', 1, 1, NULL, NULL, '2019-05-06 01:35:14', NULL, 0, NULL, 1, NULL, NULL, 1, NULL, NULL, NULL, '1', NULL, NULL, NULL, 0, NULL, '2019-05-06 01:35:14', 206, 282, '2019-05-06 01:35:14', '192.168.3.172'),(532, 'user180', 'loPVvHm9TfNStzMe+mjlLkqM2Do=', 'user180', 1, 1, NULL, NULL, '2019-05-06 01:35:14', NULL, 0, NULL, 1, NULL, NULL, 1, NULL, NULL, NULL, '1', NULL, NULL, NULL, 0, NULL, '2019-05-06 01:35:14', 206, 283, '2019-05-06 01:35:14', '192.168.3.172'),(533, 'user181', 'loPVvHm9TfNStzMe+mjlLkqM2Do=', 'user181', 1, 1, NULL, NULL, '2019-05-06 01:35:14', NULL, 0, NULL, 1, NULL, NULL, 1, NULL, NULL, NULL, '1', NULL, NULL, NULL, 0, NULL, '2019-05-06 01:35:14', 206, 284, '2019-05-06 01:35:14', '192.168.3.172'),(534, 'user182', 'loPVvHm9TfNStzMe+mjlLkqM2Do=', 'user182', 1, 1, NULL, NULL, '2019-05-06 01:35:14', NULL, 0, NULL, 1, NULL, NULL, 1, NULL, NULL, NULL, '1', NULL, NULL, NULL, 0, NULL, '2019-05-06 01:35:14', 206, 285, '2019-05-06 01:35:14', '192.168.3.172'),(535, 'user183', 'loPVvHm9TfNStzMe+mjlLkqM2Do=', 'user183', 1, 1, NULL, NULL, '2019-05-06 01:35:14', NULL, 0, NULL, 1, NULL, NULL, 1, NULL, NULL, NULL, '1', NULL, NULL, NULL, 0, NULL, '2019-05-06 01:35:14', 206, 286, '2019-05-06 01:35:14', '192.168.3.172'),(536, 'user184', 'loPVvHm9TfNStzMe+mjlLkqM2Do=', 'user184', 1, 1, NULL, NULL, '2019-05-06 01:35:14', NULL, 0, NULL, 1, NULL, NULL, 1, NULL, NULL, NULL, '1', NULL, NULL, NULL, 0, NULL, '2019-05-06 01:35:14', 206, 287, '2019-05-06 01:35:14', '192.168.3.172'),(537, 'user185', 'loPVvHm9TfNStzMe+mjlLkqM2Do=', 'user185', 1, 1, NULL, NULL, '2019-05-06 01:35:14', NULL, 0, NULL, 1, NULL, NULL, 1, NULL, NULL, NULL, '1', NULL, NULL, NULL, 0, NULL, '2019-05-06 01:35:14', 206, 288, '2019-05-06 01:35:14', '192.168.3.172'),(538, 'user186', 'loPVvHm9TfNStzMe+mjlLkqM2Do=', 'user186', 1, 1, NULL, NULL, '2019-05-06 01:35:14', NULL, 0, NULL, 1, NULL, NULL, 1, NULL, NULL, NULL, '1', NULL, NULL, NULL, 0, NULL, '2019-05-06 01:35:14', 206, 289, '2019-05-06 01:35:14', '192.168.3.172'),(539, 'user187', 'loPVvHm9TfNStzMe+mjlLkqM2Do=', 'user187', 1, 1, NULL, NULL, '2019-05-06 01:35:14', NULL, 0, NULL, 1, NULL, NULL, 1, NULL, NULL, NULL, '1', NULL, NULL, NULL, 0, NULL, '2019-05-06 01:35:14', 206, 290, '2019-05-06 01:35:14', '192.168.3.172'),(540, 'user188', 'loPVvHm9TfNStzMe+mjlLkqM2Do=', 'user188', 1, 1, NULL, NULL, '2019-05-06 01:35:14', NULL, 0, NULL, 1, NULL, NULL, 1, NULL, NULL, NULL, '1', NULL, NULL, NULL, 0, NULL, '2019-05-06 01:35:14', 206, 291, '2019-05-06 01:35:14', '192.168.3.172'),(541, 'user189', 'loPVvHm9TfNStzMe+mjlLkqM2Do=', 'user189', 1, 1, '2019-05-06 04:39:58.569000', NULL, '2019-05-06 01:35:14', NULL, 0, NULL, 1, NULL, NULL, 1, NULL, NULL, NULL, '1', NULL, NULL, NULL, 0, NULL, '2019-05-06 01:35:14', 206, 292, '2019-05-06 04:39:59', '221.226.30.122'),(542, 'user190', 'loPVvHm9TfNStzMe+mjlLkqM2Do=', 'user190', 1, 1, NULL, NULL, '2019-05-06 01:35:14', NULL, 0, NULL, 1, NULL, NULL, 1, NULL, NULL, NULL, '1', NULL, NULL, NULL, 0, NULL, '2019-05-06 01:35:14', 206, 293, '2019-05-06 01:35:14', '192.168.3.172'),(543, 'user191', 'loPVvHm9TfNStzMe+mjlLkqM2Do=', 'user191', 1, 1, NULL, NULL, '2019-05-06 01:35:14', NULL, 0, NULL, 1, NULL, NULL, 1, NULL, NULL, NULL, '1', NULL, NULL, NULL, 0, NULL, '2019-05-06 01:35:14', 206, 294, '2019-05-06 01:35:14', '192.168.3.172'),(544, 'user192', 'loPVvHm9TfNStzMe+mjlLkqM2Do=', 'user192', 1, 1, NULL, NULL, '2019-05-06 01:35:14', NULL, 0, NULL, 1, NULL, NULL, 1, NULL, NULL, NULL, '1', NULL, NULL, NULL, 0, NULL, '2019-05-06 01:35:14', 206, 295, '2019-05-06 01:35:14', '192.168.3.172'),(545, 'user193', 'loPVvHm9TfNStzMe+mjlLkqM2Do=', 'user193', 1, 1, NULL, NULL, '2019-05-06 01:35:14', NULL, 0, NULL, 1, NULL, NULL, 1, NULL, NULL, NULL, '1', NULL, NULL, NULL, 0, NULL, '2019-05-06 01:35:14', 206, 296, '2019-05-06 01:35:14', '192.168.3.172'),(546, 'user194', 'loPVvHm9TfNStzMe+mjlLkqM2Do=', 'user194', 1, 1, NULL, NULL, '2019-05-06 01:35:14', NULL, 0, NULL, 1, NULL, NULL, 1, NULL, NULL, NULL, '1', NULL, NULL, NULL, 0, NULL, '2019-05-06 01:35:14', 206, 297, '2019-05-06 01:35:14', '192.168.3.172'),(547, 'user195', 'loPVvHm9TfNStzMe+mjlLkqM2Do=', 'user195', 1, 1, NULL, NULL, '2019-05-06 01:35:14', NULL, 0, NULL, 1, NULL, NULL, 1, NULL, NULL, NULL, '1', NULL, NULL, NULL, 0, NULL, '2019-05-06 01:35:14', 206, 298, '2019-05-06 01:35:14', '192.168.3.172'),(548, 'user196', 'loPVvHm9TfNStzMe+mjlLkqM2Do=', 'user196', 1, 1, NULL, NULL, '2019-05-06 01:35:14', NULL, 0, NULL, 1, NULL, NULL, 1, NULL, NULL, NULL, '1', NULL, NULL, NULL, 0, NULL, '2019-05-06 01:35:14', 206, 299, '2019-05-06 01:35:14', '192.168.3.172'),(549, 'user197', 'loPVvHm9TfNStzMe+mjlLkqM2Do=', 'user197', 1, 1, NULL, NULL, '2019-05-06 01:35:14', NULL, 0, NULL, 1, NULL, NULL, 1, NULL, NULL, NULL, '1', NULL, NULL, NULL, 0, NULL, '2019-05-06 01:35:14', 206, 300, '2019-05-06 01:35:14', '192.168.3.172'),(550, 'user198', 'loPVvHm9TfNStzMe+mjlLkqM2Do=', 'user198', 1, 1, NULL, NULL, '2019-05-06 01:35:14', NULL, 0, NULL, 1, NULL, NULL, 1, NULL, NULL, NULL, '1', NULL, NULL, NULL, 0, NULL, '2019-05-06 01:35:14', 206, 301, '2019-05-06 01:35:14', '192.168.3.172'),(551, 'user199', 'loPVvHm9TfNStzMe+mjlLkqM2Do=', 'user199', 1, 1, '2019-05-06 20:26:53.188000', NULL, '2019-05-06 01:35:14', NULL, 0, NULL, 1, NULL, NULL, 1, NULL, NULL, NULL, '1', NULL, NULL, NULL, 0, NULL, '2019-05-06 01:35:14', 206, 302, '2019-05-06 20:26:53', '221.226.30.122'),(552, 'user200', 'loPVvHm9TfNStzMe+mjlLkqM2Do=', 'user200', 1, 1, '2019-05-06 02:38:16.582000', NULL, '2019-05-06 01:35:14', NULL, 0, NULL, 1, NULL, NULL, 1, NULL, NULL, NULL, '1', NULL, NULL, NULL, 0, NULL, '2019-05-06 01:35:14', 206, 303, '2019-05-06 02:38:17', '127.0.0.1'),(554, 'sb', 'loPVvHm9TfNStzMe+mjlLkqM2Do=', 'sdd', 1, 1, NULL, NULL, '2019-05-06 02:14:47', NULL, 0, NULL, 2, NULL, NULL, 1, NULL, NULL, NULL, '1', '2019-05-07 19:00:00', NULL, NULL, 0, NULL, '2019-05-06 02:14:47', 206, 105, '2019-05-06 02:14:47', '114.222.211.209'),(555, 'sbss', 'loPVvHm9TfNStzMe+mjlLkqM2Do=', 'ss', 1, 1, NULL, NULL, '2019-05-06 02:18:49', NULL, 0, NULL, 2, NULL, NULL, 1, NULL, '11', NULL, '1', NULL, NULL, NULL, 0, NULL, '2019-05-06 02:18:49', 206, 106, '2019-05-06 02:18:49', '114.222.211.209'),(556, '11', 'loPVvHm9TfNStzMe+mjlLkqM2Do=', '12', 1, 1, NULL, NULL, '2019-05-06 02:23:38', NULL, 0, NULL, 3, NULL, NULL, 1, NULL, NULL, NULL, '1', NULL, NULL, NULL, 0, NULL, '2019-05-06 02:23:38', 206, 107, '2019-05-06 02:23:38', '114.222.211.209'),(560, '测试', 'loPVvHm9TfNStzMe+mjlLkqM2Do=', 'ceshi1', 1, 1, NULL, NULL, '2019-05-08 01:09:34', NULL, 0, NULL, 1, NULL, '2019-05-09 19:00:00', 1, NULL, NULL, '2019-05-14 19:00:00', '1', '2019-05-17 19:00:00', '6516281681611', '1', 0, '247', '2019-05-08 01:09:34', 247, 304, '2019-05-08 03:57:05', '114.222.211.209');
UNLOCK TABLES;
COMMIT;
BEGIN;
LOCK TABLES `acm_cloud`.`wsd_sys_useript` WRITE;
DELETE FROM `acm_cloud`.`wsd_sys_useript`;
INSERT INTO `acm_cloud`.`wsd_sys_useript` (`ID`,`USER_ID`,`IPT_ID`,`CREATOR`,`CREAT_TIME`,`LAST_UPD_USER`,`LAST_UPD_TIME`,`WSDVER`,`SORT_NUM`,`LAST_UPD_IP`) VALUES (72, 252, 392, 206, '2019-04-25 02:25:35', NULL, '2019-04-25 02:25:35', 0, NULL, '117.89.48.84'),(73, 280, 392, 206, '2019-04-25 02:25:35', NULL, '2019-04-25 02:25:35', 0, NULL, '117.89.48.84'),(74, 257, 392, 206, '2019-04-25 02:25:35', NULL, '2019-04-25 02:25:35', 0, NULL, '117.89.48.84'),(75, 277, 392, 206, '2019-04-25 02:25:35', NULL, '2019-04-25 02:25:35', 0, NULL, '117.89.48.84'),(76, 274, 392, 206, '2019-04-25 02:25:35', NULL, '2019-04-25 02:25:35', 0, NULL, '117.89.48.84'),(77, 251, 392, 206, '2019-04-25 02:25:35', NULL, '2019-04-25 02:25:35', 0, NULL, '117.89.48.84'),(86, 274, 393, 206, '2019-04-25 02:27:38', NULL, '2019-04-25 02:27:38', 0, NULL, '117.89.48.84'),(87, 277, 393, 206, '2019-04-25 02:27:38', NULL, '2019-04-25 02:27:38', 0, NULL, '117.89.48.84'),(88, 257, 393, 206, '2019-04-25 02:27:38', NULL, '2019-04-25 02:27:38', 0, NULL, '117.89.48.84'),(93, 256, 395, 206, '2019-04-25 02:30:11', NULL, '2019-04-25 02:30:11', 0, NULL, '117.89.48.84'),(94, 266, 395, 206, '2019-04-25 02:30:11', NULL, '2019-04-25 02:30:11', 0, NULL, '117.89.48.84'),(95, 270, 396, 206, '2019-04-25 02:30:43', NULL, '2019-04-25 02:30:43', 0, NULL, '117.89.48.84'),(96, 265, 396, 206, '2019-04-25 02:30:43', NULL, '2019-04-25 02:30:43', 0, NULL, '117.89.48.84'),(97, 264, 396, 206, '2019-04-25 02:30:43', NULL, '2019-04-25 02:30:43', 0, NULL, '117.89.48.84'),(98, 263, 396, 206, '2019-04-25 02:30:43', NULL, '2019-04-25 02:30:43', 0, NULL, '117.89.48.84'),(99, 262, 396, 206, '2019-04-25 02:30:43', NULL, '2019-04-25 02:30:43', 0, NULL, '117.89.48.84'),(100, 306, 396, 206, '2019-04-25 02:30:43', NULL, '2019-04-25 02:30:43', 0, NULL, '117.89.48.84'),(101, 260, 396, 206, '2019-04-25 02:30:43', NULL, '2019-04-25 02:30:43', 0, NULL, '117.89.48.84'),(102, 305, 396, 206, '2019-04-25 02:30:43', NULL, '2019-04-25 02:30:43', 0, NULL, '117.89.48.84'),(103, 304, 396, 206, '2019-04-25 02:30:43', NULL, '2019-04-25 02:30:43', 0, NULL, '117.89.48.84'),(104, 268, 396, 206, '2019-04-25 02:31:00', NULL, '2019-04-25 02:31:00', 0, NULL, '117.89.48.84'),(105, 267, 396, 206, '2019-04-25 02:31:00', NULL, '2019-04-25 02:31:00', 0, NULL, '117.89.48.84'),(106, 304, 397, 206, '2019-04-25 02:31:17', NULL, '2019-04-25 02:31:17', 0, NULL, '117.89.48.84'),(107, 257, 397, 206, '2019-04-25 02:31:17', NULL, '2019-04-25 02:31:17', 0, NULL, '117.89.48.84'),(139, 206, 381, 206, '2019-04-25 23:54:31', NULL, '2019-04-25 23:54:31', 0, NULL, '192.168.3.135'),(141, 305, 381, 206, '2019-04-25 10:58:09', NULL, '2019-04-25 10:58:09', 0, NULL, '192.168.3.101'),(142, 304, 381, 206, '2019-04-25 10:58:10', NULL, '2019-04-25 10:58:10', 0, NULL, '192.168.3.101'),(143, 247, 392, 206, '2019-04-26 05:03:22', NULL, '2019-04-26 05:03:22', 0, NULL, '192.168.3.101'),(144, 305, 392, 206, '2019-04-26 05:03:22', NULL, '2019-04-26 05:03:22', 0, NULL, '192.168.3.101'),(145, 304, 392, 206, '2019-04-26 05:03:22', NULL, '2019-04-26 05:03:22', 0, NULL, '192.168.3.101'),(175, 260, 400, 257, '2019-05-07 01:12:27', NULL, '2019-05-07 01:12:27', 0, NULL, '114.222.211.209'),(176, 305, 400, 257, '2019-05-07 01:12:27', NULL, '2019-05-07 01:12:27', 0, NULL, '114.222.211.209'),(177, 285, 399, 257, '2019-05-07 01:18:43', NULL, '2019-05-07 01:18:43', 0, NULL, '114.222.211.209'),(178, 280, 399, 257, '2019-05-07 01:18:55', NULL, '2019-05-07 01:18:55', 0, NULL, '114.222.211.209');
UNLOCK TABLES;
COMMIT;
BEGIN;
LOCK TABLES `acm_cloud`.`wsd_sys_user_copy` WRITE;
DELETE FROM `acm_cloud`.`wsd_sys_user_copy`;
INSERT INTO `acm_cloud`.`wsd_sys_user_copy` (`id`,`actu_name`,`password`,`user_name`,`status`,`user_type`,`lastlogin_time`,`ipaddress`,`update_pwd_time`,`error_time`,`error_number`,`email`,`level`,`remark`,`birth`,`sex`,`visits`,`phone`,`quit_date`,`staff_status`,`entry_date`,`card_num`,`card_type`,`wsdver`,`last_upd_user`,`creat_time`,`creator`,`sort_num`,`last_upd_time`,`last_upd_ip`) VALUES (1, '超级管理员', 'loPVvHm9TfNStzMe+mjlLkqM2Do=', 'superAdmin', 0, 5, '2019-04-17 13:08:29.965000', NULL, '2019-03-20 17:30:49', NULL, 0, NULL, 1, '请勿删除', '2019-03-03 00:00:00', 1, NULL, '15850755785', '2019-04-24 00:00:00', '1', '2019-03-28 00:00:00', '13131', '1', 0, NULL, NULL, NULL, 10, '2019-04-25 19:30:38', '221.226.30.122'),(2, '系统管理员', 'loPVvHm9TfNStzMe+mjlLkqM2Do=', 'sysadmin@wsd.com', 1, 2, NULL, NULL, '2019-03-20 17:30:45', NULL, 0, NULL, 1, '请勿删除', '2019-03-29 00:00:00', 1, NULL, '15850755785', '2019-03-29 00:00:00', '1', '2019-03-21 00:00:00', '21345566', '1', 0, '128', '2019-03-19 10:43:50', 1, 4, '2019-03-14 16:33:36', '114.222.210.74'),(3, '安全管理员', 'loPVvHm9TfNStzMe+mjlLkqM2Do=', 'securityadmin@wsd.com', 1, 3, '2019-03-21 19:02:44.982000', NULL, '2019-03-20 17:30:42', NULL, 0, NULL, 1, '请勿删除', '2019-03-14 00:00:00', 0, NULL, '15850755785', '2019-03-29 00:00:00', '1', '2019-03-28 00:00:00', '13131', '1', 0, NULL, '2019-03-19 10:43:47', 1, 3, '2019-03-21 19:02:45', '127.0.0.1'),(4, '安全审计员', 'loPVvHm9TfNStzMe+mjlLkqM2Do=', 'safeauditor@wsd.com', 1, 4, NULL, NULL, '2019-03-20 17:30:39', NULL, 0, NULL, 1, '请勿删除', '2019-03-08 00:00:00', 0, NULL, '15850755785', '2019-03-25 00:00:00', '1', '2019-03-27 00:00:00', '13131', '1', 0, '164', '2019-03-19 10:43:44', 21, 2, '2019-03-19 10:56:48', '114.222.210.74'),(206, '测试用户', 'loPVvHm9TfNStzMe+mjlLkqM2Do=', 'test', 1, 1, '2019-04-29 20:42:58.986000', NULL, '2019-04-17 15:45:55', '2019-04-29 09:11:33', 0, NULL, 1, NULL, '2012-02-28 10:00:00', 1, NULL, '18652451365', '2034-12-28 10:00:00', '1', '2031-05-01 11:00:00', '12363254512', '1', 0, NULL, '2019-03-23 16:48:14', 164, 15, '2019-04-29 20:42:59', '221.226.30.122'),(247, '程鹏', 'loPVvHm9TfNStzMe+mjlLkqM2Do=', 'chengpeng', 1, 1, '2019-04-24 18:29:19.176000', NULL, '2019-04-24 12:45:38', '2019-04-24 18:27:33', 0, NULL, 1, NULL, '2019-04-23 11:00:00', 1, NULL, NULL, NULL, '1', NULL, NULL, NULL, 0, '206', '2019-04-24 12:45:38', 206, 48, '2019-04-25 22:11:20', '117.89.48.84'),(251, '万军', 'loPVvHm9TfNStzMe+mjlLkqM2Do=', 'wanjun', 1, 1, '2019-04-29 10:39:28.332000', NULL, '2019-04-24 16:41:02', NULL, 0, NULL, 2, NULL, NULL, 1, NULL, NULL, NULL, '1', NULL, NULL, NULL, 0, NULL, '2019-04-24 16:41:02', 206, 52, '2019-04-29 10:39:28', '221.226.30.122'),(252, '何建', 'loPVvHm9TfNStzMe+mjlLkqM2Do=', 'hejian', 1, 1, NULL, NULL, '2019-04-24 16:42:41', NULL, 0, NULL, 1, NULL, NULL, 1, NULL, NULL, NULL, '1', NULL, NULL, NULL, 0, '206', '2019-04-24 16:42:41', 206, 53, '2019-04-25 00:46:50', '192.168.3.135'),(253, '谭健', 'loPVvHm9TfNStzMe+mjlLkqM2Do=', 'tanjian', 1, 1, NULL, NULL, '2019-04-24 16:43:17', NULL, 0, NULL, 2, NULL, NULL, 1, NULL, NULL, NULL, '1', NULL, NULL, NULL, 0, '206', '2019-04-24 16:43:17', 206, 54, '2019-04-25 02:17:36', '117.89.48.84'),(254, '王志磊', 'loPVvHm9TfNStzMe+mjlLkqM2Do=', 'wangzhilei', 1, 1, '2019-04-24 10:46:03.777000', NULL, '2019-04-24 16:43:44', NULL, 0, NULL, 1, NULL, NULL, 1, NULL, NULL, NULL, '1', NULL, NULL, NULL, 0, NULL, '2019-04-24 16:43:44', 206, 55, '2019-04-24 10:46:04', '127.0.0.1'),(255, '海峰', 'loPVvHm9TfNStzMe+mjlLkqM2Do=', 'haifeng', 1, 1, '2019-04-29 04:11:37.971000', NULL, '2019-04-24 16:44:14', NULL, 0, NULL, 1, NULL, NULL, 1, NULL, NULL, NULL, '1', NULL, NULL, NULL, 0, NULL, '2019-04-24 16:44:14', 206, 56, '2019-04-29 04:11:38', '221.226.30.122'),(256, '王祯媛', 'loPVvHm9TfNStzMe+mjlLkqM2Do=', 'wangzhenyuan', 1, 1, NULL, NULL, '2019-04-24 16:44:44', NULL, 0, NULL, 1, NULL, NULL, 0, NULL, NULL, NULL, '1', NULL, NULL, NULL, 0, '206', '2019-04-24 16:44:44', 206, 57, '2019-04-24 17:09:00', '117.89.48.84'),(257, '陶超', 'loPVvHm9TfNStzMe+mjlLkqM2Do=', 'taochao', 1, 1, '2019-04-29 20:40:57.820000', NULL, '2019-04-24 16:45:53', '2019-04-27 02:00:11', 0, NULL, 1, NULL, NULL, 1, NULL, NULL, NULL, '1', NULL, NULL, NULL, 0, NULL, '2019-04-24 16:45:53', 206, 58, '2019-04-29 20:40:58', '221.226.30.122'),(260, '王凯', 'loPVvHm9TfNStzMe+mjlLkqM2Do=', 'wangkai', 1, 1, '2019-04-28 02:00:41.600000', NULL, '2019-04-24 16:48:16', NULL, 0, NULL, 1, NULL, NULL, 1, NULL, NULL, NULL, '1', NULL, NULL, NULL, 0, NULL, '2019-04-24 16:48:16', 206, 61, '2019-04-28 02:00:42', '221.226.30.122'),(262, '史智超', 'loPVvHm9TfNStzMe+mjlLkqM2Do=', 'shizhichao', 1, 1, NULL, NULL, '2019-04-24 16:49:13', NULL, 0, NULL, 2, NULL, NULL, 1, NULL, NULL, NULL, '1', NULL, NULL, NULL, 0, '206', '2019-04-24 16:49:13', 206, 63, '2019-04-25 02:26:15', '117.89.48.84'),(263, '张继聪', 'loPVvHm9TfNStzMe+mjlLkqM2Do=', 'zhangjicong', 1, 1, '2019-04-25 06:17:06.963000', NULL, '2019-04-24 16:52:36', '2019-04-25 06:17:00', 0, NULL, 1, NULL, NULL, 1, NULL, NULL, NULL, '1', NULL, NULL, NULL, 0, NULL, '2019-04-24 16:52:36', 206, 64, '2019-04-25 06:17:07', '221.226.30.122'),(264, '张俊', 'loPVvHm9TfNStzMe+mjlLkqM2Do=', 'zhangjun', 1, 1, '2019-04-28 22:46:28.442000', NULL, '2019-04-24 16:53:07', '2019-04-28 22:46:16', 0, NULL, 1, NULL, NULL, 1, NULL, NULL, NULL, '1', NULL, NULL, NULL, 0, NULL, '2019-04-24 16:53:07', 206, 65, '2019-04-28 22:46:28', '127.0.0.1'),(265, '高成龙', 'loPVvHm9TfNStzMe+mjlLkqM2Do=', 'gaochenglong', 1, 1, NULL, NULL, '2019-04-24 16:53:38', NULL, 0, NULL, 1, NULL, NULL, 1, NULL, NULL, NULL, '1', NULL, NULL, NULL, 0, '206', '2019-04-24 16:53:38', 206, 66, '2019-04-24 17:09:34', '117.89.48.84'),(266, '张雪', 'loPVvHm9TfNStzMe+mjlLkqM2Do=', 'zhangxue', 1, 1, NULL, NULL, '2019-04-24 16:54:26', NULL, 0, NULL, 1, NULL, NULL, 0, NULL, NULL, NULL, '1', NULL, NULL, NULL, 0, '206', '2019-04-24 16:54:26', 206, 67, '2019-04-24 17:09:41', '117.89.48.84'),(267, '罗庆涛', 'loPVvHm9TfNStzMe+mjlLkqM2Do=', 'luoqingtao', 1, 1, NULL, NULL, '2019-04-24 16:55:25', NULL, 0, NULL, 1, NULL, NULL, 1, NULL, NULL, NULL, '1', NULL, NULL, NULL, 0, '206', '2019-04-24 16:55:25', 206, 68, '2019-04-24 17:09:44', '117.89.48.84'),(268, '刘剑', 'loPVvHm9TfNStzMe+mjlLkqM2Do=', 'liujian', 1, 1, NULL, NULL, '2019-04-24 16:55:54', NULL, 0, NULL, 1, NULL, NULL, 1, NULL, NULL, NULL, '1', NULL, NULL, NULL, 0, '206', '2019-04-24 16:55:54', 206, 69, '2019-04-24 17:09:48', '117.89.48.84'),(269, '张航', 'loPVvHm9TfNStzMe+mjlLkqM2Do=', 'zhanghang', 1, 1, NULL, NULL, '2019-04-24 16:57:17', NULL, 0, NULL, 1, NULL, NULL, 1, NULL, NULL, NULL, '1', NULL, NULL, NULL, 0, '206', '2019-04-24 16:57:17', 206, 70, '2019-04-24 17:09:52', '117.89.48.84'),(270, '宋聪聪', 'loPVvHm9TfNStzMe+mjlLkqM2Do=', 'songcongcong', 1, 1, NULL, NULL, '2019-04-24 16:57:43', NULL, 0, NULL, 1, NULL, NULL, 1, NULL, NULL, NULL, '1', NULL, NULL, '0', 0, '206', '2019-04-24 16:57:43', 206, 71, '2019-04-25 02:32:50', '117.89.48.84'),(271, '袁露', 'loPVvHm9TfNStzMe+mjlLkqM2Do=', 'yuanlu', 1, 1, '2019-04-28 02:00:24.846000', NULL, '2019-04-24 16:58:14', NULL, 0, NULL, 1, NULL, NULL, 1, NULL, NULL, NULL, '1', NULL, NULL, NULL, 0, NULL, '2019-04-24 16:58:14', 206, 72, '2019-04-28 02:00:25', '221.226.30.122'),(272, '姜枫', 'loPVvHm9TfNStzMe+mjlLkqM2Do=', 'jiangfeng', 1, 1, NULL, NULL, '2019-04-24 16:58:46', NULL, 0, NULL, 1, NULL, NULL, 1, NULL, NULL, NULL, '1', NULL, NULL, NULL, 0, '206', '2019-04-24 16:58:46', 206, 73, '2019-04-24 17:10:02', '117.89.48.84'),(273, '姚涵', 'loPVvHm9TfNStzMe+mjlLkqM2Do=', 'yaohan', 1, 1, NULL, NULL, '2019-04-24 16:59:13', NULL, 0, NULL, 1, NULL, NULL, 0, NULL, NULL, NULL, '1', NULL, NULL, NULL, 0, '206', '2019-04-24 16:59:13', 206, 74, '2019-04-24 19:38:58', '192.168.3.183'),(274, '王胜平', 'loPVvHm9TfNStzMe+mjlLkqM2Do=', 'wangshengping', 1, 1, NULL, NULL, '2019-04-24 16:59:50', NULL, 0, NULL, 1, NULL, NULL, 1, NULL, NULL, NULL, '1', NULL, NULL, NULL, 0, NULL, '2019-04-24 16:59:50', 206, 75, '2019-04-24 16:59:50', '117.89.48.84'),(275, '徐强', 'loPVvHm9TfNStzMe+mjlLkqM2Do=', 'xuqiang', 1, 1, NULL, NULL, '2019-04-24 17:00:17', NULL, 0, NULL, 1, NULL, NULL, 1, NULL, NULL, NULL, '1', NULL, NULL, NULL, 0, NULL, '2019-04-24 17:00:17', 206, 76, '2019-04-24 17:00:17', '117.89.48.84'),(276, '王建伟', 'loPVvHm9TfNStzMe+mjlLkqM2Do=', 'wangjianwei', 1, 1, NULL, NULL, '2019-04-24 17:00:41', NULL, 0, NULL, 1, NULL, NULL, 1, NULL, NULL, NULL, '1', NULL, NULL, NULL, 0, NULL, '2019-04-24 17:00:41', 206, 77, '2019-04-24 17:00:41', '117.89.48.84'),(277, '杨代春', 'loPVvHm9TfNStzMe+mjlLkqM2Do=', 'yangdaichun', 1, 1, NULL, NULL, '2019-04-24 17:01:25', NULL, 0, NULL, 1, NULL, NULL, 1, NULL, NULL, NULL, '1', NULL, NULL, NULL, 0, NULL, '2019-04-24 17:01:25', 206, 78, '2019-04-24 17:01:25', '117.89.48.84'),(278, '凌瑞', 'loPVvHm9TfNStzMe+mjlLkqM2Do=', 'lingrui', 1, 1, NULL, NULL, '2019-04-24 17:01:57', NULL, 0, NULL, 1, NULL, NULL, 0, NULL, NULL, NULL, '1', NULL, NULL, NULL, 0, NULL, '2019-04-24 17:01:57', 206, 79, '2019-04-24 17:01:57', '117.89.48.84'),(279, '朱琳', 'loPVvHm9TfNStzMe+mjlLkqM2Do=', 'zhulin', 1, 1, '2019-04-25 02:31:38.602000', NULL, '2019-04-24 17:02:23', NULL, 0, NULL, 1, NULL, NULL, 0, NULL, NULL, NULL, '1', NULL, NULL, NULL, 0, NULL, '2019-04-24 17:02:23', 206, 80, '2019-04-25 02:31:39', '221.226.30.122'),(280, '谷志才', 'loPVvHm9TfNStzMe+mjlLkqM2Do=', 'guzhicai', 1, 1, NULL, NULL, '2019-04-24 17:02:51', NULL, 0, NULL, 1, NULL, NULL, 1, NULL, NULL, NULL, '1', NULL, NULL, NULL, 0, NULL, '2019-04-24 17:02:51', 206, 81, '2019-04-24 17:02:51', '117.89.48.84'),(281, '胡强平', 'loPVvHm9TfNStzMe+mjlLkqM2Do=', 'huqiangping', 1, 1, NULL, NULL, '2019-04-24 17:03:28', NULL, 0, NULL, 1, NULL, NULL, 1, NULL, NULL, NULL, '1', NULL, NULL, NULL, 0, NULL, '2019-04-24 17:03:28', 206, 82, '2019-04-24 17:03:28', '117.89.48.84'),(282, '钱淑娟', 'loPVvHm9TfNStzMe+mjlLkqM2Do=', 'qianshujuan', 1, 1, NULL, NULL, '2019-04-24 17:04:02', NULL, 0, NULL, 1, NULL, NULL, 0, NULL, NULL, NULL, '1', NULL, NULL, NULL, 0, NULL, '2019-04-24 17:04:02', 206, 83, '2019-04-24 17:04:02', '117.89.48.84'),(283, '万志勇', 'loPVvHm9TfNStzMe+mjlLkqM2Do=', 'wanzhiyong', 1, 1, NULL, NULL, '2019-04-24 17:04:36', NULL, 0, NULL, 1, NULL, NULL, 0, NULL, NULL, NULL, '1', NULL, NULL, NULL, 0, NULL, '2019-04-24 17:04:36', 206, 84, '2019-04-24 17:04:36', '117.89.48.84'),(284, '罗磊', 'loPVvHm9TfNStzMe+mjlLkqM2Do=', 'luolei', 1, 1, NULL, NULL, '2019-04-24 17:05:07', NULL, 0, NULL, 1, NULL, NULL, 1, NULL, NULL, NULL, '1', NULL, NULL, NULL, 0, NULL, '2019-04-24 17:05:07', 206, 85, '2019-04-24 17:05:07', '117.89.48.84'),(285, '王东平', 'loPVvHm9TfNStzMe+mjlLkqM2Do=', 'wangdongping', 1, 1, NULL, NULL, '2019-04-24 17:05:36', NULL, 0, NULL, 1, NULL, NULL, 1, NULL, NULL, NULL, '1', NULL, NULL, NULL, 0, NULL, '2019-04-24 17:05:36', 206, 86, '2019-04-24 17:05:36', '117.89.48.84'),(286, '潘家宝', 'loPVvHm9TfNStzMe+mjlLkqM2Do=', 'panjiabao', 1, 1, NULL, NULL, '2019-04-24 17:06:10', NULL, 0, NULL, 1, NULL, NULL, 1, NULL, NULL, NULL, '1', NULL, NULL, NULL, 0, NULL, '2019-04-24 17:06:10', 206, 87, '2019-04-24 17:06:10', '117.89.48.84'),(287, '文虎', 'loPVvHm9TfNStzMe+mjlLkqM2Do=', 'wenhu', 1, 1, NULL, NULL, '2019-04-24 17:06:39', NULL, 0, NULL, 1, NULL, NULL, 1, NULL, NULL, NULL, '1', NULL, NULL, NULL, 0, NULL, '2019-04-24 17:06:39', 206, 88, '2019-04-24 17:06:39', '117.89.48.84'),(288, '吉馨雨', 'loPVvHm9TfNStzMe+mjlLkqM2Do=', 'jixinyu', 1, 1, NULL, NULL, '2019-04-24 17:07:09', NULL, 0, NULL, 1, NULL, NULL, 0, NULL, NULL, NULL, '1', NULL, NULL, NULL, 0, NULL, '2019-04-24 17:07:09', 206, 89, '2019-04-24 17:07:09', '117.89.48.84'),(302, 'dfas', 'loPVvHm9TfNStzMe+mjlLkqM2Do=', 'vfdsgas', 1, 1, NULL, NULL, '2019-04-24 21:22:57', NULL, 0, NULL, 1, NULL, NULL, 1, NULL, NULL, NULL, '1', NULL, NULL, NULL, 0, NULL, '2019-04-24 21:22:57', 206, 91, '2019-04-24 21:22:57', '117.89.48.84'),(304, '刘昌盛', 'loPVvHm9TfNStzMe+mjlLkqM2Do=', 'liuchangsheng', 1, 1, NULL, NULL, '2019-04-24 21:28:48', NULL, 0, NULL, 0, NULL, NULL, 1, NULL, '', NULL, '1', NULL, NULL, '0', 0, '206', '2019-04-24 21:28:48', 206, 10, '2019-04-24 21:29:05', '117.89.48.84'),(305, '孙权', 'loPVvHm9TfNStzMe+mjlLkqM2Do=', 'sunquan', 1, 1, NULL, NULL, '2019-04-24 21:29:44', NULL, 0, NULL, 0, NULL, NULL, 1, NULL, '', NULL, '1', NULL, NULL, '0', 0, '206', '2019-04-24 21:29:44', 206, 20, '2019-04-24 21:29:54', '117.89.48.84'),(306, '李运飞', 'loPVvHm9TfNStzMe+mjlLkqM2Do=', 'liyunfei', 1, 1, NULL, NULL, '2019-04-24 21:30:50', NULL, 0, NULL, 0, NULL, NULL, 1, NULL, NULL, NULL, '1', NULL, NULL, '0', 0, '206', '2019-04-24 21:30:50', 206, 62, '2019-04-24 21:31:07', '117.89.48.84'),(307, '卓壮', 'loPVvHm9TfNStzMe+mjlLkqM2Do=', 'zhuozhuang', 1, 1, NULL, NULL, '2019-04-24 21:32:01', NULL, 0, NULL, 0, NULL, NULL, 1, NULL, '', NULL, '1', NULL, NULL, '0', 0, NULL, '2019-04-24 21:32:01', 206, 92, '2019-04-24 21:32:01', '117.89.48.84'),(311, '周宇', 'loPVvHm9TfNStzMe+mjlLkqM2Do=', 'zhouyu', 1, 1, '2019-04-29 01:19:08.091000', NULL, '2019-04-25 02:35:52', NULL, 0, NULL, 1, NULL, NULL, 1, NULL, '12345678901', NULL, '1', NULL, NULL, NULL, 0, NULL, '2019-04-25 02:35:52', 206, 96, '2019-04-29 01:19:08', '221.226.30.122'),(334, 'wee', 'loPVvHm9TfNStzMe+mjlLkqM2Do=', 'wewe', 1, 1, NULL, NULL, '2019-04-26 23:08:09', NULL, 0, NULL, 1, NULL, NULL, 1, NULL, NULL, NULL, '1', '2019-04-09 11:00:00', NULL, '2', 0, NULL, '2019-04-26 23:08:09', 206, 100, '2019-04-26 23:08:09', '192.168.3.135'),(348, '金克斯', 'loPVvHm9TfNStzMe+mjlLkqM2Do=', 'jinkesi', 1, 1, NULL, NULL, '2019-04-27 00:40:57', NULL, 0, NULL, 1, NULL, NULL, 0, NULL, NULL, NULL, '1', NULL, NULL, NULL, 0, '206', '2019-04-27 00:40:57', 206, 101, '2019-04-27 00:42:46', '192.168.3.183'),(349, '薇恩', 'loPVvHm9TfNStzMe+mjlLkqM2Do=', 'weien', 1, 1, '2019-04-27 01:41:54.704000', NULL, '2019-04-27 00:53:23', NULL, 0, NULL, 3, NULL, NULL, 1, NULL, NULL, NULL, '1', NULL, NULL, NULL, 0, NULL, '2019-04-27 00:53:23', 206, 102, '2019-04-27 01:41:55', '127.0.0.1');
UNLOCK TABLES;
COMMIT;
BEGIN;
LOCK TABLES `acm_cloud`.`wsd_sys_useript_role` WRITE;
DELETE FROM `acm_cloud`.`wsd_sys_useript_role`;
INSERT INTO `acm_cloud`.`wsd_sys_useript_role` (`id`,`user_id`,`ipt_id`,`role_id`,`creator`,`creat_time`,`last_upd_user`,`last_upd_time`,`wsdver`,`sort_num`,`last_upd_ip`) VALUES (75, 252, 392, 181, 206, '2019-04-25 02:25:35', NULL, '2019-04-25 02:25:35', 0, NULL, '117.89.48.84'),(76, 280, 392, 181, 206, '2019-04-25 02:25:35', NULL, '2019-04-25 02:25:35', 0, NULL, '117.89.48.84'),(77, 257, 392, 181, 206, '2019-04-25 02:25:35', NULL, '2019-04-25 02:25:35', 0, NULL, '117.89.48.84'),(78, 277, 392, 181, 206, '2019-04-25 02:25:35', NULL, '2019-04-25 02:25:35', 0, NULL, '117.89.48.84'),(79, 274, 392, 181, 206, '2019-04-25 02:25:35', NULL, '2019-04-25 02:25:35', 0, NULL, '117.89.48.84'),(80, 251, 392, 181, 206, '2019-04-25 02:25:35', NULL, '2019-04-25 02:25:35', 0, NULL, '117.89.48.84'),(89, 274, 393, 181, 206, '2019-04-25 02:27:38', NULL, '2019-04-25 02:27:38', 0, NULL, '117.89.48.84'),(90, 277, 393, 181, 206, '2019-04-25 02:27:38', NULL, '2019-04-25 02:27:38', 0, NULL, '117.89.48.84'),(91, 257, 393, 181, 206, '2019-04-25 02:27:38', NULL, '2019-04-25 02:27:38', 0, NULL, '117.89.48.84'),(96, 256, 395, 182, 206, '2019-04-25 02:30:11', NULL, '2019-04-25 02:30:11', 0, NULL, '117.89.48.84'),(97, 266, 395, 182, 206, '2019-04-25 02:30:11', NULL, '2019-04-25 02:30:11', 0, NULL, '117.89.48.84'),(98, 270, 396, 181, 206, '2019-04-25 02:30:43', NULL, '2019-04-25 02:30:43', 0, NULL, '117.89.48.84'),(99, 265, 396, 181, 206, '2019-04-25 02:30:43', NULL, '2019-04-25 02:30:43', 0, NULL, '117.89.48.84'),(100, 264, 396, 182, 206, '2019-04-25 02:30:43', NULL, '2019-04-25 02:30:43', 0, NULL, '117.89.48.84'),(101, 263, 396, 182, 206, '2019-04-25 02:30:43', NULL, '2019-04-25 02:30:43', 0, NULL, '117.89.48.84'),(102, 262, 396, 181, 206, '2019-04-25 02:30:43', NULL, '2019-04-25 02:30:43', 0, NULL, '117.89.48.84'),(103, 306, 396, 181, 206, '2019-04-25 02:30:43', NULL, '2019-04-25 02:30:43', 0, NULL, '117.89.48.84'),(104, 260, 396, 181, 206, '2019-04-25 02:30:43', NULL, '2019-04-25 02:30:43', 0, NULL, '117.89.48.84'),(105, 305, 396, 181, 206, '2019-04-25 02:30:43', NULL, '2019-04-25 02:30:43', 0, NULL, '117.89.48.84'),(106, 304, 396, 181, 206, '2019-04-25 02:30:43', NULL, '2019-04-25 02:30:43', 0, NULL, '117.89.48.84'),(107, 268, 396, 182, 206, '2019-04-25 02:31:00', NULL, '2019-04-25 02:31:00', 0, NULL, '117.89.48.84'),(108, 267, 396, 182, 206, '2019-04-25 02:31:00', NULL, '2019-04-25 02:31:00', 0, NULL, '117.89.48.84'),(109, 304, 397, 181, 206, '2019-04-25 02:31:17', NULL, '2019-04-25 02:31:17', 0, NULL, '117.89.48.84'),(110, 257, 397, 181, 206, '2019-04-25 02:31:17', NULL, '2019-04-25 02:31:17', 0, NULL, '117.89.48.84'),(143, 206, 381, 196, 206, '2019-04-25 23:54:31', NULL, '2019-04-25 23:54:31', 0, NULL, '192.168.3.135'),(145, 305, 381, 185, 206, '2019-04-25 10:58:10', NULL, '2019-04-25 10:58:10', 0, NULL, '192.168.3.101'),(146, 305, 381, 184, 206, '2019-04-25 10:58:10', NULL, '2019-04-25 10:58:10', 0, NULL, '192.168.3.101'),(147, 304, 381, 181, 206, '2019-04-25 10:58:10', NULL, '2019-04-25 10:58:10', 0, NULL, '192.168.3.101'),(148, 247, 392, 181, 206, '2019-04-26 05:03:22', NULL, '2019-04-26 05:03:22', 0, NULL, '192.168.3.101'),(149, 305, 392, 182, 206, '2019-04-26 05:03:22', NULL, '2019-04-26 05:03:22', 0, NULL, '192.168.3.101'),(150, 304, 392, 184, 206, '2019-04-26 05:03:23', NULL, '2019-04-26 05:03:23', 0, NULL, '192.168.3.101'),(182, 260, 400, 181, 257, '2019-05-07 01:12:27', NULL, '2019-05-07 01:12:27', 0, NULL, '114.222.211.209'),(183, 305, 400, 181, 257, '2019-05-07 01:12:27', NULL, '2019-05-07 01:12:27', 0, NULL, '114.222.211.209'),(184, 285, 399, 181, 257, '2019-05-07 01:18:43', NULL, '2019-05-07 01:18:43', 0, NULL, '114.222.211.209'),(185, 280, 399, 181, 257, '2019-05-07 01:18:55', NULL, '2019-05-07 01:18:55', 0, NULL, '114.222.211.209');
UNLOCK TABLES;
COMMIT;
BEGIN;
LOCK TABLES `acm_cloud`.`wsd_sys_userorg` WRITE;
DELETE FROM `acm_cloud`.`wsd_sys_userorg`;
INSERT INTO `acm_cloud`.`wsd_sys_userorg` (`id`,`user_id`,`org_id`,`main_org`,`creator`,`creat_time`,`last_upd_user`,`last_upd_time`,`wsdver`,`sort_num`,`last_upd_ip`) VALUES (417, 127, 47, 0, 206, '2019-03-25 20:34:22', NULL, '2019-03-25 20:34:22', 0, NULL, '192.168.3.116'),(418, 129, 47, 0, 206, '2019-03-25 20:34:22', NULL, '2019-03-25 20:34:22', 0, NULL, '192.168.3.116'),(506, 254, 241, 1, 206, '2019-04-24 16:43:44', NULL, '2019-04-24 16:43:44', 0, NULL, '117.89.48.84'),(508, 256, 241, 1, 206, '2019-04-24 16:44:44', NULL, '2019-04-24 16:44:44', 0, NULL, '117.89.48.84'),(509, 257, 232, 1, 206, '2019-04-24 16:45:53', NULL, '2019-04-24 16:45:53', 0, NULL, '117.89.48.84'),(512, 260, 240, 1, 206, '2019-04-24 16:48:16', NULL, '2019-04-24 16:48:16', 0, NULL, '117.89.48.84'),(515, 263, 240, 1, 206, '2019-04-24 16:52:36', NULL, '2019-04-24 16:52:36', 0, NULL, '117.89.48.84'),(516, 264, 240, 1, 206, '2019-04-24 16:53:07', NULL, '2019-04-24 16:53:07', 0, NULL, '117.89.48.84'),(517, 265, 240, 1, 206, '2019-04-24 16:53:38', NULL, '2019-04-24 16:53:38', 0, NULL, '117.89.48.84'),(518, 266, 240, 1, 206, '2019-04-24 16:54:26', NULL, '2019-04-24 16:54:26', 0, NULL, '117.89.48.84'),(519, 267, 240, 1, 206, '2019-04-24 16:55:25', NULL, '2019-04-24 16:55:25', 0, NULL, '117.89.48.84'),(520, 268, 240, 1, 206, '2019-04-24 16:55:54', NULL, '2019-04-24 16:55:54', 0, NULL, '117.89.48.84'),(521, 269, 240, 1, 206, '2019-04-24 16:57:17', NULL, '2019-04-24 16:57:17', 0, NULL, '117.89.48.84'),(523, 271, 242, 1, 206, '2019-04-24 16:58:14', NULL, '2019-04-24 16:58:14', 0, NULL, '117.89.48.84'),(524, 272, 233, 1, 206, '2019-04-24 16:58:46', NULL, '2019-04-24 16:58:46', 0, NULL, '117.89.48.84'),(529, 277, 235, 1, 206, '2019-04-24 17:01:25', NULL, '2019-04-24 17:01:25', 0, NULL, '117.89.48.84'),(530, 278, 236, 1, 206, '2019-04-24 17:01:57', NULL, '2019-04-24 17:01:57', 0, NULL, '117.89.48.84'),(531, 279, 236, 1, 206, '2019-04-24 17:02:23', NULL, '2019-04-24 17:02:23', 0, NULL, '117.89.48.84'),(532, 280, 237, 1, 206, '2019-04-24 17:02:51', NULL, '2019-04-24 17:02:51', 0, NULL, '117.89.48.84'),(533, 281, 237, 1, 206, '2019-04-24 17:03:28', NULL, '2019-04-24 17:03:28', 0, NULL, '117.89.48.84'),(534, 282, 237, 1, 206, '2019-04-24 17:04:02', NULL, '2019-04-24 17:04:02', 0, NULL, '117.89.48.84'),(535, 283, 237, 1, 206, '2019-04-24 17:04:36', NULL, '2019-04-24 17:04:36', 0, NULL, '117.89.48.84'),(536, 284, 237, 1, 206, '2019-04-24 17:05:07', NULL, '2019-04-24 17:05:07', 0, NULL, '117.89.48.84'),(537, 285, 238, 1, 206, '2019-04-24 17:05:36', NULL, '2019-04-24 17:05:36', 0, NULL, '117.89.48.84'),(538, 286, 238, 1, 206, '2019-04-24 17:06:10', NULL, '2019-04-24 17:06:10', 0, NULL, '117.89.48.84'),(539, 287, 239, 1, 206, '2019-04-24 17:06:39', NULL, '2019-04-24 17:06:39', 0, NULL, '117.89.48.84'),(540, 288, 239, 1, 206, '2019-04-24 17:07:09', NULL, '2019-04-24 17:07:09', 0, NULL, '117.89.48.84'),(558, 273, 233, 1, 206, '2019-04-24 19:38:59', NULL, '2019-04-24 19:38:59', 0, NULL, '192.168.3.183'),(565, 257, 278, NULL, 206, '2019-04-24 08:45:35', NULL, '2019-04-24 08:45:35', 0, NULL, '192.168.3.199'),(566, 265, 279, NULL, 206, '2019-04-24 08:46:29', NULL, '2019-04-24 08:46:29', 0, NULL, '192.168.3.199'),(567, 264, 279, NULL, 206, '2019-04-24 08:46:29', NULL, '2019-04-24 08:46:29', 0, NULL, '192.168.3.199'),(568, 263, 279, NULL, 206, '2019-04-24 08:46:30', NULL, '2019-04-24 08:46:30', 0, NULL, '192.168.3.199'),(569, 262, 279, NULL, 206, '2019-04-24 08:46:30', NULL, '2019-04-24 08:46:30', 0, NULL, '192.168.3.199'),(571, 260, 279, NULL, 206, '2019-04-24 08:46:30', NULL, '2019-04-24 08:46:30', 0, NULL, '192.168.3.199'),(574, 257, 284, NULL, 257, '2019-04-24 09:15:21', NULL, '2019-04-24 09:15:21', 0, NULL, '192.168.3.199'),(575, 270, 286, NULL, 257, '2019-04-24 09:15:54', NULL, '2019-04-24 09:15:54', 0, NULL, '192.168.3.199'),(576, 269, 286, NULL, 257, '2019-04-24 09:15:54', NULL, '2019-04-24 09:15:54', 0, NULL, '192.168.3.199'),(577, 268, 286, NULL, 257, '2019-04-24 09:15:54', NULL, '2019-04-24 09:15:54', 0, NULL, '192.168.3.199'),(578, 267, 286, NULL, 257, '2019-04-24 09:15:54', NULL, '2019-04-24 09:15:54', 0, NULL, '192.168.3.199'),(579, 266, 286, NULL, 257, '2019-04-24 09:15:55', NULL, '2019-04-24 09:15:55', 0, NULL, '192.168.3.199'),(580, 265, 286, NULL, 257, '2019-04-24 09:15:55', NULL, '2019-04-24 09:15:55', 0, NULL, '192.168.3.199'),(581, 264, 286, NULL, 257, '2019-04-24 09:15:55', NULL, '2019-04-24 09:15:55', 0, NULL, '192.168.3.199'),(582, 263, 286, NULL, 257, '2019-04-24 09:15:55', NULL, '2019-04-24 09:15:55', 0, NULL, '192.168.3.199'),(583, 262, 286, NULL, 257, '2019-04-24 09:15:55', NULL, '2019-04-24 09:15:55', 0, NULL, '192.168.3.199'),(585, 260, 286, NULL, 257, '2019-04-24 09:15:56', NULL, '2019-04-24 09:15:56', 0, NULL, '192.168.3.199'),(588, 257, 296, NULL, 257, '2019-04-24 09:40:20', NULL, '2019-04-24 09:40:20', 0, NULL, '192.168.3.199'),(594, 263, 297, NULL, 257, '2019-04-24 09:41:04', NULL, '2019-04-24 09:41:04', 0, NULL, '192.168.3.199'),(598, 256, 302, NULL, 257, '2019-04-24 09:41:21', NULL, '2019-04-24 09:41:21', 0, NULL, '192.168.3.199'),(599, 255, 302, NULL, 257, '2019-04-24 09:41:21', NULL, '2019-04-24 09:41:21', 0, NULL, '192.168.3.199'),(600, 254, 302, NULL, 257, '2019-04-24 09:41:21', NULL, '2019-04-24 09:41:21', 0, NULL, '192.168.3.199'),(602, 252, 302, NULL, 257, '2019-04-24 09:41:21', NULL, '2019-04-24 09:41:21', 0, NULL, '192.168.3.199'),(625, 302, 233, 1, 206, '2019-04-24 21:22:57', NULL, '2019-04-24 21:22:57', 0, NULL, '117.89.48.84'),(628, 304, 240, 1, 206, '2019-04-24 21:29:05', NULL, '2019-04-24 21:29:05', 0, NULL, '117.89.48.84'),(630, 305, 240, 1, 206, '2019-04-24 21:29:54', NULL, '2019-04-24 21:29:54', 0, NULL, '117.89.48.84'),(633, 307, 239, 1, 206, '2019-04-24 21:32:01', NULL, '2019-04-24 21:32:01', 0, NULL, '117.89.48.84'),(639, 252, 241, 1, 206, '2019-04-25 00:46:50', NULL, '2019-04-25 00:46:50', 0, NULL, '192.168.3.135'),(641, 253, 241, 1, 206, '2019-04-25 02:17:36', NULL, '2019-04-25 02:17:36', 0, NULL, '117.89.48.84'),(642, 255, 241, 1, 206, '2019-04-25 02:18:01', NULL, '2019-04-25 02:18:01', 0, NULL, '117.89.48.84'),(644, 262, 240, 1, 206, '2019-04-25 02:26:15', NULL, '2019-04-25 02:26:15', 0, NULL, '117.89.48.84'),(646, 270, 240, 1, 206, '2019-04-25 02:32:50', NULL, '2019-04-25 02:32:50', 0, NULL, '117.89.48.84'),(649, 304, 333, NULL, 257, '2019-04-25 03:21:08', NULL, '2019-04-25 03:21:08', 0, NULL, '192.168.3.101'),(651, 260, 339, NULL, 206, '2019-04-25 05:11:09', NULL, '2019-04-25 05:11:09', 0, NULL, '117.89.48.84'),(652, 263, 339, NULL, 206, '2019-04-25 05:11:10', NULL, '2019-04-25 05:11:10', 0, NULL, '117.89.48.84'),(653, 264, 339, NULL, 206, '2019-04-25 05:11:10', NULL, '2019-04-25 05:11:10', 0, NULL, '117.89.48.84'),(654, 265, 339, NULL, 206, '2019-04-25 05:11:10', NULL, '2019-04-25 05:11:10', 0, NULL, '117.89.48.84'),(655, 266, 339, NULL, 206, '2019-04-25 05:11:10', NULL, '2019-04-25 05:11:10', 0, NULL, '117.89.48.84'),(656, 267, 339, NULL, 206, '2019-04-25 05:11:10', NULL, '2019-04-25 05:11:10', 0, NULL, '117.89.48.84'),(657, 268, 339, NULL, 206, '2019-04-25 05:11:10', NULL, '2019-04-25 05:11:10', 0, NULL, '117.89.48.84'),(658, 269, 339, NULL, 206, '2019-04-25 05:11:10', NULL, '2019-04-25 05:11:10', 0, NULL, '117.89.48.84'),(659, 304, 339, NULL, 206, '2019-04-25 05:11:10', NULL, '2019-04-25 05:11:10', 0, NULL, '117.89.48.84'),(660, 305, 339, NULL, 206, '2019-04-25 05:11:10', NULL, '2019-04-25 05:11:10', 0, NULL, '117.89.48.84'),(661, 306, 339, NULL, 206, '2019-04-25 05:11:10', NULL, '2019-04-25 05:11:10', 0, NULL, '117.89.48.84'),(662, 262, 339, NULL, 206, '2019-04-25 05:11:10', NULL, '2019-04-25 05:11:10', 0, NULL, '117.89.48.84'),(663, 270, 339, NULL, 206, '2019-04-25 05:11:10', NULL, '2019-04-25 05:11:10', 0, NULL, '117.89.48.84'),(664, 272, 340, NULL, 206, '2019-04-25 05:12:06', NULL, '2019-04-25 05:12:06', 0, NULL, '117.89.48.84'),(665, 273, 340, NULL, 206, '2019-04-25 05:12:06', NULL, '2019-04-25 05:12:06', 0, NULL, '117.89.48.84'),(666, 302, 340, NULL, 206, '2019-04-25 05:12:06', NULL, '2019-04-25 05:12:06', 0, NULL, '117.89.48.84'),(667, 280, 341, NULL, 206, '2019-04-25 05:14:09', NULL, '2019-04-25 05:14:09', 0, NULL, '117.89.48.84'),(668, 281, 341, NULL, 206, '2019-04-25 05:14:09', NULL, '2019-04-25 05:14:09', 0, NULL, '117.89.48.84'),(669, 282, 341, NULL, 206, '2019-04-25 05:14:09', NULL, '2019-04-25 05:14:09', 0, NULL, '117.89.48.84'),(670, 283, 341, NULL, 206, '2019-04-25 05:14:09', NULL, '2019-04-25 05:14:09', 0, NULL, '117.89.48.84'),(671, 284, 341, NULL, 206, '2019-04-25 05:14:09', NULL, '2019-04-25 05:14:09', 0, NULL, '117.89.48.84'),(675, 257, 344, NULL, 206, '2019-04-25 05:33:07', NULL, '2019-04-25 05:33:07', 0, NULL, '127.0.0.1'),(676, 206, 344, NULL, 206, '2019-04-25 05:33:07', NULL, '2019-04-25 05:33:07', 0, NULL, '127.0.0.1'),(683, 260, 348, NULL, 257, '2019-04-25 22:52:15', NULL, '2019-04-25 22:52:15', 0, NULL, '192.168.3.101'),(684, 263, 348, NULL, 257, '2019-04-25 22:52:15', NULL, '2019-04-25 22:52:15', 0, NULL, '192.168.3.101'),(685, 264, 348, NULL, 257, '2019-04-25 22:52:15', NULL, '2019-04-25 22:52:15', 0, NULL, '192.168.3.101'),(686, 265, 348, NULL, 257, '2019-04-25 22:52:16', NULL, '2019-04-25 22:52:16', 0, NULL, '192.168.3.101'),(687, 266, 348, NULL, 257, '2019-04-25 22:52:16', NULL, '2019-04-25 22:52:16', 0, NULL, '192.168.3.101'),(688, 267, 348, NULL, 257, '2019-04-25 22:52:16', NULL, '2019-04-25 22:52:16', 0, NULL, '192.168.3.101'),(689, 268, 348, NULL, 257, '2019-04-25 22:52:16', NULL, '2019-04-25 22:52:16', 0, NULL, '192.168.3.101'),(690, 269, 348, NULL, 257, '2019-04-25 22:52:16', NULL, '2019-04-25 22:52:16', 0, NULL, '192.168.3.101'),(691, 304, 348, NULL, 257, '2019-04-25 22:52:17', NULL, '2019-04-25 22:52:17', 0, NULL, '192.168.3.101'),(692, 305, 348, NULL, 257, '2019-04-25 22:52:17', NULL, '2019-04-25 22:52:17', 0, NULL, '192.168.3.101'),(693, 306, 348, NULL, 257, '2019-04-25 22:52:17', NULL, '2019-04-25 22:52:17', 0, NULL, '192.168.3.101'),(694, 262, 348, NULL, 257, '2019-04-25 22:52:17', NULL, '2019-04-25 22:52:17', 0, NULL, '192.168.3.101'),(695, 270, 348, NULL, 257, '2019-04-25 22:52:17', NULL, '2019-04-25 22:52:17', 0, NULL, '192.168.3.101'),(696, 247, 348, NULL, 257, '2019-04-25 22:52:18', NULL, '2019-04-25 22:52:18', 0, NULL, '192.168.3.101'),(697, 304, 346, NULL, 257, '2019-04-25 23:00:00', NULL, '2019-04-25 23:00:00', 0, NULL, '192.168.3.101'),(698, 273, 346, NULL, 257, '2019-04-25 23:01:31', NULL, '2019-04-25 23:01:31', 0, NULL, '192.168.3.101'),(699, 272, 346, NULL, 257, '2019-04-25 23:01:31', NULL, '2019-04-25 23:01:31', 0, NULL, '192.168.3.101'),(700, 272, 349, NULL, 257, '2019-04-25 23:02:15', NULL, '2019-04-25 23:02:15', 0, NULL, '192.168.3.101'),(701, 273, 349, NULL, 257, '2019-04-25 23:02:15', NULL, '2019-04-25 23:02:15', 0, NULL, '192.168.3.101'),(702, 302, 349, NULL, 257, '2019-04-25 23:02:15', NULL, '2019-04-25 23:02:15', 0, NULL, '192.168.3.101'),(703, 271, 350, NULL, 257, '2019-04-25 23:13:44', NULL, '2019-04-25 23:13:44', 0, NULL, '192.168.3.101'),(706, 273, 352, NULL, 257, '2019-04-26 00:46:00', NULL, '2019-04-26 00:46:00', 0, NULL, '192.168.3.101'),(707, 272, 352, NULL, 257, '2019-04-26 00:46:00', NULL, '2019-04-26 00:46:00', 0, NULL, '192.168.3.101'),(734, 274, 361, NULL, 257, '2019-04-26 01:20:00', NULL, '2019-04-26 01:20:00', 0, NULL, '192.168.3.101'),(735, 275, 361, NULL, 257, '2019-04-26 01:20:00', NULL, '2019-04-26 01:20:00', 0, NULL, '192.168.3.101'),(736, 276, 361, NULL, 257, '2019-04-26 01:20:00', NULL, '2019-04-26 01:20:00', 0, NULL, '192.168.3.101'),(737, 311, 361, NULL, 257, '2019-04-26 01:20:00', NULL, '2019-04-26 01:20:00', 0, NULL, '192.168.3.101'),(741, 260, 362, NULL, 206, '2019-04-26 05:05:40', NULL, '2019-04-26 05:05:40', 0, NULL, '192.168.3.101'),(742, 247, 362, NULL, 206, '2019-04-26 05:05:41', NULL, '2019-04-26 05:05:41', 0, NULL, '192.168.3.101'),(743, 305, 362, NULL, 206, '2019-04-26 05:05:41', NULL, '2019-04-26 05:05:41', 0, NULL, '192.168.3.101'),(744, 304, 362, NULL, 206, '2019-04-26 05:05:42', NULL, '2019-04-26 05:05:42', 0, NULL, '192.168.3.101'),(745, 304, 365, NULL, 206, '2019-04-26 05:11:37', NULL, '2019-04-26 05:11:37', 0, NULL, '114.222.211.209'),(756, 260, 368, NULL, 257, '2019-04-26 07:20:39', NULL, '2019-04-26 07:20:39', 0, NULL, '192.168.3.101'),(757, 247, 368, NULL, 257, '2019-04-26 07:20:40', NULL, '2019-04-26 07:20:40', 0, NULL, '192.168.3.101'),(758, 305, 368, NULL, 257, '2019-04-26 07:20:40', NULL, '2019-04-26 07:20:40', 0, NULL, '192.168.3.101'),(759, 304, 368, NULL, 257, '2019-04-26 07:20:40', NULL, '2019-04-26 07:20:40', 0, NULL, '192.168.3.101'),(765, 254, 373, NULL, 257, '2019-04-26 07:48:15', NULL, '2019-04-26 07:48:15', 0, NULL, '192.168.3.101'),(766, 256, 373, NULL, 257, '2019-04-26 07:48:15', NULL, '2019-04-26 07:48:15', 0, NULL, '192.168.3.101'),(769, 255, 373, NULL, 257, '2019-04-26 07:48:16', NULL, '2019-04-26 07:48:16', 0, NULL, '192.168.3.101'),(790, 251, 231, 1, 206, '2019-04-26 23:07:24', NULL, '2019-04-26 23:07:24', 0, NULL, '192.168.3.135'),(809, 305, 369, NULL, 257, '2019-04-28 03:11:49', NULL, '2019-04-28 03:11:49', 0, NULL, '192.168.3.105'),(810, 304, 369, NULL, 257, '2019-04-28 03:11:49', NULL, '2019-04-28 03:11:49', 0, NULL, '192.168.3.105'),(831, 262, 297, NULL, 257, '2019-04-29 00:38:08', NULL, '2019-04-29 00:38:08', 0, NULL, '192.168.3.105'),(832, 306, 297, NULL, 257, '2019-04-29 00:38:08', NULL, '2019-04-29 00:38:08', 0, NULL, '192.168.3.105'),(833, 260, 297, NULL, 257, '2019-04-29 00:38:08', NULL, '2019-04-29 00:38:08', 0, NULL, '192.168.3.105'),(834, 304, 297, NULL, 257, '2019-04-29 00:38:08', NULL, '2019-04-29 00:38:08', 0, NULL, '192.168.3.105'),(835, 247, 297, NULL, 257, '2019-04-29 00:38:08', NULL, '2019-04-29 00:38:08', 0, NULL, '192.168.3.105'),(836, 305, 297, NULL, 257, '2019-04-29 00:38:08', NULL, '2019-04-29 00:38:08', 0, NULL, '192.168.3.105'),(838, 272, 383, NULL, 206, '2019-04-29 06:01:20', NULL, '2019-04-29 06:01:20', 0, NULL, '114.222.211.209'),(839, 273, 383, NULL, 206, '2019-04-29 06:01:20', NULL, '2019-04-29 06:01:20', 0, NULL, '114.222.211.209'),(840, 302, 383, NULL, 206, '2019-04-29 06:01:20', NULL, '2019-04-29 06:01:20', 0, NULL, '114.222.211.209'),(843, 206, 232, 1, 206, '2019-04-29 21:15:01', NULL, '2019-04-29 21:15:01', 0, NULL, '114.222.211.209'),(844, 350, 231, 1, 206, '2019-04-29 21:24:33', NULL, '2019-04-29 21:24:33', 0, NULL, '114.222.211.209'),(845, 351, 231, 1, 206, '2019-04-29 21:25:05', NULL, '2019-04-29 21:25:05', 0, NULL, '114.222.211.209'),(846, 352, 231, 1, 206, '2019-04-29 21:25:33', NULL, '2019-04-29 21:25:33', 0, NULL, '114.222.211.209'),(847, 247, 385, NULL, 206, '2019-04-29 22:28:05', NULL, '2019-04-29 22:28:05', 0, NULL, '114.222.211.209'),(848, 305, 385, NULL, 206, '2019-04-29 22:28:05', NULL, '2019-04-29 22:28:05', 0, NULL, '114.222.211.209'),(849, 304, 385, NULL, 206, '2019-04-29 22:28:05', NULL, '2019-04-29 22:28:05', 0, NULL, '114.222.211.209'),(850, 304, 386, NULL, 206, '2019-04-29 22:47:47', NULL, '2019-04-29 22:47:47', 0, NULL, '114.222.211.209'),(851, 334, 236, 1, 206, '2019-05-05 20:46:19', NULL, '2019-05-05 20:46:19', 0, NULL, '114.222.211.209'),(852, 306, 240, 1, 206, '2019-05-05 21:26:16', NULL, '2019-05-05 21:26:16', 0, NULL, '192.168.3.172'),(853, 353, 387, 1, 206, '2019-05-06 01:35:14', NULL, '2019-05-06 01:35:14', 0, NULL, '192.168.3.172'),(854, 554, 387, 1, 206, '2019-05-06 02:14:47', NULL, '2019-05-06 02:14:47', 0, NULL, '114.222.211.209'),(855, 555, 240, 1, 206, '2019-05-06 02:18:49', NULL, '2019-05-06 02:18:49', 0, NULL, '114.222.211.209'),(856, 556, 387, 1, 206, '2019-05-06 02:23:38', NULL, '2019-05-06 02:23:38', 0, NULL, '114.222.211.209'),(857, 354, 387, 1, 206, '2019-05-06 01:35:14', NULL, '2019-05-06 01:35:14', 0, NULL, '192.168.3.172'),(858, 355, 387, 1, 206, '2019-05-06 01:35:14', NULL, '2019-05-06 01:35:14', 0, NULL, '192.168.3.172'),(859, 356, 387, 1, 206, '2019-05-06 01:35:14', NULL, '2019-05-06 01:35:14', 0, NULL, '192.168.3.172'),(860, 357, 387, 1, 206, '2019-05-06 01:35:14', NULL, '2019-05-06 01:35:14', 0, NULL, '192.168.3.172'),(861, 358, 387, 1, 206, '2019-05-06 01:35:14', NULL, '2019-05-06 01:35:14', 0, NULL, '192.168.3.172'),(862, 359, 387, 1, 206, '2019-05-06 01:35:14', NULL, '2019-05-06 01:35:14', 0, NULL, '192.168.3.172'),(863, 360, 387, 1, 206, '2019-05-06 01:35:14', NULL, '2019-05-06 01:35:14', 0, NULL, '192.168.3.172'),(864, 361, 387, 1, 206, '2019-05-06 01:35:14', NULL, '2019-05-06 01:35:14', 0, NULL, '192.168.3.172'),(865, 362, 387, 1, 206, '2019-05-06 01:35:14', NULL, '2019-05-06 01:35:14', 0, NULL, '192.168.3.172'),(866, 363, 387, 1, 206, '2019-05-06 01:35:14', NULL, '2019-05-06 01:35:14', 0, NULL, '192.168.3.172'),(867, 364, 387, 1, 206, '2019-05-06 01:35:14', NULL, '2019-05-06 01:35:14', 0, NULL, '192.168.3.172'),(868, 365, 387, 1, 206, '2019-05-06 01:35:14', NULL, '2019-05-06 01:35:14', 0, NULL, '192.168.3.172'),(869, 366, 387, 1, 206, '2019-05-06 01:35:14', NULL, '2019-05-06 01:35:14', 0, NULL, '192.168.3.172'),(870, 367, 387, 1, 206, '2019-05-06 01:35:14', NULL, '2019-05-06 01:35:14', 0, NULL, '192.168.3.172'),(871, 368, 387, 1, 206, '2019-05-06 01:35:14', NULL, '2019-05-06 01:35:14', 0, NULL, '192.168.3.172'),(872, 369, 387, 1, 206, '2019-05-06 01:35:14', NULL, '2019-05-06 01:35:14', 0, NULL, '192.168.3.172'),(873, 370, 387, 1, 206, '2019-05-06 01:35:14', NULL, '2019-05-06 01:35:14', 0, NULL, '192.168.3.172'),(874, 371, 387, 1, 206, '2019-05-06 01:35:14', NULL, '2019-05-06 01:35:14', 0, NULL, '192.168.3.172'),(875, 372, 387, 1, 206, '2019-05-06 01:35:14', NULL, '2019-05-06 01:35:14', 0, NULL, '192.168.3.172'),(876, 373, 387, 1, 206, '2019-05-06 01:35:14', NULL, '2019-05-06 01:35:14', 0, NULL, '192.168.3.172'),(877, 374, 387, 1, 206, '2019-05-06 01:35:14', NULL, '2019-05-06 01:35:14', 0, NULL, '192.168.3.172'),(878, 375, 387, 1, 206, '2019-05-06 01:35:14', NULL, '2019-05-06 01:35:14', 0, NULL, '192.168.3.172'),(879, 376, 387, 1, 206, '2019-05-06 01:35:14', NULL, '2019-05-06 01:35:14', 0, NULL, '192.168.3.172'),(880, 377, 387, 1, 206, '2019-05-06 01:35:14', NULL, '2019-05-06 01:35:14', 0, NULL, '192.168.3.172'),(881, 378, 387, 1, 206, '2019-05-06 01:35:14', NULL, '2019-05-06 01:35:14', 0, NULL, '192.168.3.172'),(882, 379, 387, 1, 206, '2019-05-06 01:35:14', NULL, '2019-05-06 01:35:14', 0, NULL, '192.168.3.172'),(883, 380, 387, 1, 206, '2019-05-06 01:35:14', NULL, '2019-05-06 01:35:14', 0, NULL, '192.168.3.172'),(884, 381, 387, 1, 206, '2019-05-06 01:35:14', NULL, '2019-05-06 01:35:14', 0, NULL, '192.168.3.172'),(885, 382, 387, 1, 206, '2019-05-06 01:35:14', NULL, '2019-05-06 01:35:14', 0, NULL, '192.168.3.172'),(886, 383, 387, 1, 206, '2019-05-06 01:35:14', NULL, '2019-05-06 01:35:14', 0, NULL, '192.168.3.172'),(887, 384, 387, 1, 206, '2019-05-06 01:35:14', NULL, '2019-05-06 01:35:14', 0, NULL, '192.168.3.172'),(888, 385, 387, 1, 206, '2019-05-06 01:35:14', NULL, '2019-05-06 01:35:14', 0, NULL, '192.168.3.172'),(889, 386, 387, 1, 206, '2019-05-06 01:35:14', NULL, '2019-05-06 01:35:14', 0, NULL, '192.168.3.172'),(890, 387, 387, 1, 206, '2019-05-06 01:35:14', NULL, '2019-05-06 01:35:14', 0, NULL, '192.168.3.172'),(891, 388, 387, 1, 206, '2019-05-06 01:35:14', NULL, '2019-05-06 01:35:14', 0, NULL, '192.168.3.172'),(892, 389, 387, 1, 206, '2019-05-06 01:35:14', NULL, '2019-05-06 01:35:14', 0, NULL, '192.168.3.172'),(893, 390, 387, 1, 206, '2019-05-06 01:35:14', NULL, '2019-05-06 01:35:14', 0, NULL, '192.168.3.172'),(894, 391, 387, 1, 206, '2019-05-06 01:35:14', NULL, '2019-05-06 01:35:14', 0, NULL, '192.168.3.172'),(895, 392, 387, 1, 206, '2019-05-06 01:35:14', NULL, '2019-05-06 01:35:14', 0, NULL, '192.168.3.172'),(896, 393, 387, 1, 206, '2019-05-06 01:35:14', NULL, '2019-05-06 01:35:14', 0, NULL, '192.168.3.172'),(897, 394, 387, 1, 206, '2019-05-06 01:35:14', NULL, '2019-05-06 01:35:14', 0, NULL, '192.168.3.172'),(898, 395, 387, 1, 206, '2019-05-06 01:35:14', NULL, '2019-05-06 01:35:14', 0, NULL, '192.168.3.172'),(899, 396, 387, 1, 206, '2019-05-06 01:35:14', NULL, '2019-05-06 01:35:14', 0, NULL, '192.168.3.172'),(900, 397, 387, 1, 206, '2019-05-06 01:35:14', NULL, '2019-05-06 01:35:14', 0, NULL, '192.168.3.172'),(901, 398, 387, 1, 206, '2019-05-06 01:35:14', NULL, '2019-05-06 01:35:14', 0, NULL, '192.168.3.172'),(902, 399, 387, 1, 206, '2019-05-06 01:35:14', NULL, '2019-05-06 01:35:14', 0, NULL, '192.168.3.172'),(903, 400, 387, 1, 206, '2019-05-06 01:35:14', NULL, '2019-05-06 01:35:14', 0, NULL, '192.168.3.172'),(904, 401, 387, 1, 206, '2019-05-06 01:35:14', NULL, '2019-05-06 01:35:14', 0, NULL, '192.168.3.172'),(905, 402, 387, 1, 206, '2019-05-06 01:35:14', NULL, '2019-05-06 01:35:14', 0, NULL, '192.168.3.172'),(906, 403, 387, 1, 206, '2019-05-06 01:35:14', NULL, '2019-05-06 01:35:14', 0, NULL, '192.168.3.172'),(907, 404, 387, 1, 206, '2019-05-06 01:35:14', NULL, '2019-05-06 01:35:14', 0, NULL, '192.168.3.172'),(908, 405, 387, 1, 206, '2019-05-06 01:35:14', NULL, '2019-05-06 01:35:14', 0, NULL, '192.168.3.172'),(909, 406, 387, 1, 206, '2019-05-06 01:35:14', NULL, '2019-05-06 01:35:14', 0, NULL, '192.168.3.172'),(910, 407, 387, 1, 206, '2019-05-06 01:35:14', NULL, '2019-05-06 01:35:14', 0, NULL, '192.168.3.172'),(911, 408, 387, 1, 206, '2019-05-06 01:35:14', NULL, '2019-05-06 01:35:14', 0, NULL, '192.168.3.172'),(912, 409, 387, 1, 206, '2019-05-06 01:35:14', NULL, '2019-05-06 01:35:14', 0, NULL, '192.168.3.172'),(913, 410, 387, 1, 206, '2019-05-06 01:35:14', NULL, '2019-05-06 01:35:14', 0, NULL, '192.168.3.172'),(914, 411, 387, 1, 206, '2019-05-06 01:35:14', NULL, '2019-05-06 01:35:14', 0, NULL, '192.168.3.172'),(915, 412, 387, 1, 206, '2019-05-06 01:35:14', NULL, '2019-05-06 01:35:14', 0, NULL, '192.168.3.172'),(916, 413, 387, 1, 206, '2019-05-06 01:35:14', NULL, '2019-05-06 01:35:14', 0, NULL, '192.168.3.172'),(917, 414, 387, 1, 206, '2019-05-06 01:35:14', NULL, '2019-05-06 01:35:14', 0, NULL, '192.168.3.172'),(918, 415, 387, 1, 206, '2019-05-06 01:35:14', NULL, '2019-05-06 01:35:14', 0, NULL, '192.168.3.172'),(919, 416, 387, 1, 206, '2019-05-06 01:35:14', NULL, '2019-05-06 01:35:14', 0, NULL, '192.168.3.172'),(920, 417, 387, 1, 206, '2019-05-06 01:35:14', NULL, '2019-05-06 01:35:14', 0, NULL, '192.168.3.172'),(921, 418, 387, 1, 206, '2019-05-06 01:35:14', NULL, '2019-05-06 01:35:14', 0, NULL, '192.168.3.172'),(922, 419, 387, 1, 206, '2019-05-06 01:35:14', NULL, '2019-05-06 01:35:14', 0, NULL, '192.168.3.172'),(923, 420, 387, 1, 206, '2019-05-06 01:35:14', NULL, '2019-05-06 01:35:14', 0, NULL, '192.168.3.172'),(924, 421, 387, 1, 206, '2019-05-06 01:35:14', NULL, '2019-05-06 01:35:14', 0, NULL, '192.168.3.172'),(925, 422, 387, 1, 206, '2019-05-06 01:35:14', NULL, '2019-05-06 01:35:14', 0, NULL, '192.168.3.172'),(926, 423, 387, 1, 206, '2019-05-06 01:35:14', NULL, '2019-05-06 01:35:14', 0, NULL, '192.168.3.172'),(927, 424, 387, 1, 206, '2019-05-06 01:35:14', NULL, '2019-05-06 01:35:14', 0, NULL, '192.168.3.172'),(928, 425, 387, 1, 206, '2019-05-06 01:35:14', NULL, '2019-05-06 01:35:14', 0, NULL, '192.168.3.172'),(929, 426, 387, 1, 206, '2019-05-06 01:35:14', NULL, '2019-05-06 01:35:14', 0, NULL, '192.168.3.172'),(930, 427, 387, 1, 206, '2019-05-06 01:35:14', NULL, '2019-05-06 01:35:14', 0, NULL, '192.168.3.172'),(931, 428, 387, 1, 206, '2019-05-06 01:35:14', NULL, '2019-05-06 01:35:14', 0, NULL, '192.168.3.172'),(932, 429, 387, 1, 206, '2019-05-06 01:35:14', NULL, '2019-05-06 01:35:14', 0, NULL, '192.168.3.172'),(933, 430, 387, 1, 206, '2019-05-06 01:35:14', NULL, '2019-05-06 01:35:14', 0, NULL, '192.168.3.172'),(934, 431, 387, 1, 206, '2019-05-06 01:35:14', NULL, '2019-05-06 01:35:14', 0, NULL, '192.168.3.172'),(935, 432, 387, 1, 206, '2019-05-06 01:35:14', NULL, '2019-05-06 01:35:14', 0, NULL, '192.168.3.172'),(936, 433, 387, 1, 206, '2019-05-06 01:35:14', NULL, '2019-05-06 01:35:14', 0, NULL, '192.168.3.172'),(937, 434, 387, 1, 206, '2019-05-06 01:35:14', NULL, '2019-05-06 01:35:14', 0, NULL, '192.168.3.172'),(938, 435, 387, 1, 206, '2019-05-06 01:35:14', NULL, '2019-05-06 01:35:14', 0, NULL, '192.168.3.172'),(939, 436, 387, 1, 206, '2019-05-06 01:35:14', NULL, '2019-05-06 01:35:14', 0, NULL, '192.168.3.172'),(940, 437, 387, 1, 206, '2019-05-06 01:35:14', NULL, '2019-05-06 01:35:14', 0, NULL, '192.168.3.172'),(941, 438, 387, 1, 206, '2019-05-06 01:35:14', NULL, '2019-05-06 01:35:14', 0, NULL, '192.168.3.172'),(942, 439, 387, 1, 206, '2019-05-06 01:35:14', NULL, '2019-05-06 01:35:14', 0, NULL, '192.168.3.172'),(943, 440, 387, 1, 206, '2019-05-06 01:35:14', NULL, '2019-05-06 01:35:14', 0, NULL, '192.168.3.172'),(944, 441, 387, 1, 206, '2019-05-06 01:35:14', NULL, '2019-05-06 01:35:14', 0, NULL, '192.168.3.172'),(945, 442, 387, 1, 206, '2019-05-06 01:35:14', NULL, '2019-05-06 01:35:14', 0, NULL, '192.168.3.172'),(946, 443, 387, 1, 206, '2019-05-06 01:35:14', NULL, '2019-05-06 01:35:14', 0, NULL, '192.168.3.172'),(947, 444, 387, 1, 206, '2019-05-06 01:35:14', NULL, '2019-05-06 01:35:14', 0, NULL, '192.168.3.172'),(948, 445, 387, 1, 206, '2019-05-06 01:35:14', NULL, '2019-05-06 01:35:14', 0, NULL, '192.168.3.172'),(949, 446, 387, 1, 206, '2019-05-06 01:35:14', NULL, '2019-05-06 01:35:14', 0, NULL, '192.168.3.172'),(950, 447, 387, 1, 206, '2019-05-06 01:35:14', NULL, '2019-05-06 01:35:14', 0, NULL, '192.168.3.172'),(951, 448, 387, 1, 206, '2019-05-06 01:35:14', NULL, '2019-05-06 01:35:14', 0, NULL, '192.168.3.172'),(952, 449, 387, 1, 206, '2019-05-06 01:35:14', NULL, '2019-05-06 01:35:14', 0, NULL, '192.168.3.172'),(953, 450, 387, 1, 206, '2019-05-06 01:35:14', NULL, '2019-05-06 01:35:14', 0, NULL, '192.168.3.172'),(954, 451, 387, 1, 206, '2019-05-06 01:35:14', NULL, '2019-05-06 01:35:14', 0, NULL, '192.168.3.172'),(955, 452, 387, 1, 206, '2019-05-06 01:35:14', NULL, '2019-05-06 01:35:14', 0, NULL, '192.168.3.172'),(956, 453, 387, 1, 206, '2019-05-06 01:35:14', NULL, '2019-05-06 01:35:14', 0, NULL, '192.168.3.172'),(957, 454, 387, 1, 206, '2019-05-06 01:35:14', NULL, '2019-05-06 01:35:14', 0, NULL, '192.168.3.172'),(958, 455, 387, 1, 206, '2019-05-06 01:35:14', NULL, '2019-05-06 01:35:14', 0, NULL, '192.168.3.172'),(959, 456, 387, 1, 206, '2019-05-06 01:35:14', NULL, '2019-05-06 01:35:14', 0, NULL, '192.168.3.172'),(960, 457, 387, 1, 206, '2019-05-06 01:35:14', NULL, '2019-05-06 01:35:14', 0, NULL, '192.168.3.172'),(961, 458, 387, 1, 206, '2019-05-06 01:35:14', NULL, '2019-05-06 01:35:14', 0, NULL, '192.168.3.172'),(962, 459, 387, 1, 206, '2019-05-06 01:35:14', NULL, '2019-05-06 01:35:14', 0, NULL, '192.168.3.172'),(963, 460, 387, 1, 206, '2019-05-06 01:35:14', NULL, '2019-05-06 01:35:14', 0, NULL, '192.168.3.172'),(964, 461, 387, 1, 206, '2019-05-06 01:35:14', NULL, '2019-05-06 01:35:14', 0, NULL, '192.168.3.172'),(965, 462, 387, 1, 206, '2019-05-06 01:35:14', NULL, '2019-05-06 01:35:14', 0, NULL, '192.168.3.172'),(966, 463, 387, 1, 206, '2019-05-06 01:35:14', NULL, '2019-05-06 01:35:14', 0, NULL, '192.168.3.172'),(967, 464, 387, 1, 206, '2019-05-06 01:35:14', NULL, '2019-05-06 01:35:14', 0, NULL, '192.168.3.172'),(968, 465, 387, 1, 206, '2019-05-06 01:35:14', NULL, '2019-05-06 01:35:14', 0, NULL, '192.168.3.172'),(969, 466, 387, 1, 206, '2019-05-06 01:35:14', NULL, '2019-05-06 01:35:14', 0, NULL, '192.168.3.172'),(970, 467, 387, 1, 206, '2019-05-06 01:35:14', NULL, '2019-05-06 01:35:14', 0, NULL, '192.168.3.172'),(971, 468, 387, 1, 206, '2019-05-06 01:35:14', NULL, '2019-05-06 01:35:14', 0, NULL, '192.168.3.172'),(972, 469, 387, 1, 206, '2019-05-06 01:35:14', NULL, '2019-05-06 01:35:14', 0, NULL, '192.168.3.172'),(973, 470, 387, 1, 206, '2019-05-06 01:35:14', NULL, '2019-05-06 01:35:14', 0, NULL, '192.168.3.172'),(974, 471, 387, 1, 206, '2019-05-06 01:35:14', NULL, '2019-05-06 01:35:14', 0, NULL, '192.168.3.172'),(975, 472, 387, 1, 206, '2019-05-06 01:35:14', NULL, '2019-05-06 01:35:14', 0, NULL, '192.168.3.172'),(976, 473, 387, 1, 206, '2019-05-06 01:35:14', NULL, '2019-05-06 01:35:14', 0, NULL, '192.168.3.172'),(977, 474, 387, 1, 206, '2019-05-06 01:35:14', NULL, '2019-05-06 01:35:14', 0, NULL, '192.168.3.172'),(978, 475, 387, 1, 206, '2019-05-06 01:35:14', NULL, '2019-05-06 01:35:14', 0, NULL, '192.168.3.172'),(979, 476, 387, 1, 206, '2019-05-06 01:35:14', NULL, '2019-05-06 01:35:14', 0, NULL, '192.168.3.172'),(980, 477, 387, 1, 206, '2019-05-06 01:35:14', NULL, '2019-05-06 01:35:14', 0, NULL, '192.168.3.172'),(981, 478, 387, 1, 206, '2019-05-06 01:35:14', NULL, '2019-05-06 01:35:14', 0, NULL, '192.168.3.172'),(982, 479, 387, 1, 206, '2019-05-06 01:35:14', NULL, '2019-05-06 01:35:14', 0, NULL, '192.168.3.172'),(983, 480, 387, 1, 206, '2019-05-06 01:35:14', NULL, '2019-05-06 01:35:14', 0, NULL, '192.168.3.172'),(984, 481, 387, 1, 206, '2019-05-06 01:35:14', NULL, '2019-05-06 01:35:14', 0, NULL, '192.168.3.172'),(985, 482, 387, 1, 206, '2019-05-06 01:35:14', NULL, '2019-05-06 01:35:14', 0, NULL, '192.168.3.172'),(986, 483, 387, 1, 206, '2019-05-06 01:35:14', NULL, '2019-05-06 01:35:14', 0, NULL, '192.168.3.172'),(987, 484, 387, 1, 206, '2019-05-06 01:35:14', NULL, '2019-05-06 01:35:14', 0, NULL, '192.168.3.172'),(988, 485, 387, 1, 206, '2019-05-06 01:35:14', NULL, '2019-05-06 01:35:14', 0, NULL, '192.168.3.172'),(989, 486, 387, 1, 206, '2019-05-06 01:35:14', NULL, '2019-05-06 01:35:14', 0, NULL, '192.168.3.172'),(990, 487, 387, 1, 206, '2019-05-06 01:35:14', NULL, '2019-05-06 01:35:14', 0, NULL, '192.168.3.172'),(991, 488, 387, 1, 206, '2019-05-06 01:35:14', NULL, '2019-05-06 01:35:14', 0, NULL, '192.168.3.172'),(992, 489, 387, 1, 206, '2019-05-06 01:35:14', NULL, '2019-05-06 01:35:14', 0, NULL, '192.168.3.172'),(993, 490, 387, 1, 206, '2019-05-06 01:35:14', NULL, '2019-05-06 01:35:14', 0, NULL, '192.168.3.172'),(994, 491, 387, 1, 206, '2019-05-06 01:35:14', NULL, '2019-05-06 01:35:14', 0, NULL, '192.168.3.172'),(995, 492, 387, 1, 206, '2019-05-06 01:35:14', NULL, '2019-05-06 01:35:14', 0, NULL, '192.168.3.172'),(996, 493, 387, 1, 206, '2019-05-06 01:35:14', NULL, '2019-05-06 01:35:14', 0, NULL, '192.168.3.172'),(997, 494, 387, 1, 206, '2019-05-06 01:35:14', NULL, '2019-05-06 01:35:14', 0, NULL, '192.168.3.172'),(998, 495, 387, 1, 206, '2019-05-06 01:35:14', NULL, '2019-05-06 01:35:14', 0, NULL, '192.168.3.172'),(999, 496, 387, 1, 206, '2019-05-06 01:35:14', NULL, '2019-05-06 01:35:14', 0, NULL, '192.168.3.172'),(1000, 497, 387, 1, 206, '2019-05-06 01:35:14', NULL, '2019-05-06 01:35:14', 0, NULL, '192.168.3.172'),(1001, 498, 387, 1, 206, '2019-05-06 01:35:14', NULL, '2019-05-06 01:35:14', 0, NULL, '192.168.3.172'),(1002, 499, 387, 1, 206, '2019-05-06 01:35:14', NULL, '2019-05-06 01:35:14', 0, NULL, '192.168.3.172'),(1003, 500, 387, 1, 206, '2019-05-06 01:35:14', NULL, '2019-05-06 01:35:14', 0, NULL, '192.168.3.172'),(1004, 501, 387, 1, 206, '2019-05-06 01:35:14', NULL, '2019-05-06 01:35:14', 0, NULL, '192.168.3.172'),(1005, 502, 387, 1, 206, '2019-05-06 01:35:14', NULL, '2019-05-06 01:35:14', 0, NULL, '192.168.3.172'),(1006, 503, 387, 1, 206, '2019-05-06 01:35:14', NULL, '2019-05-06 01:35:14', 0, NULL, '192.168.3.172'),(1007, 504, 387, 1, 206, '2019-05-06 01:35:14', NULL, '2019-05-06 01:35:14', 0, NULL, '192.168.3.172'),(1008, 505, 387, 1, 206, '2019-05-06 01:35:14', NULL, '2019-05-06 01:35:14', 0, NULL, '192.168.3.172'),(1009, 506, 387, 1, 206, '2019-05-06 01:35:14', NULL, '2019-05-06 01:35:14', 0, NULL, '192.168.3.172'),(1010, 507, 387, 1, 206, '2019-05-06 01:35:14', NULL, '2019-05-06 01:35:14', 0, NULL, '192.168.3.172'),(1011, 508, 387, 1, 206, '2019-05-06 01:35:14', NULL, '2019-05-06 01:35:14', 0, NULL, '192.168.3.172'),(1012, 509, 387, 1, 206, '2019-05-06 01:35:14', NULL, '2019-05-06 01:35:14', 0, NULL, '192.168.3.172'),(1013, 510, 387, 1, 206, '2019-05-06 01:35:14', NULL, '2019-05-06 01:35:14', 0, NULL, '192.168.3.172'),(1014, 511, 387, 1, 206, '2019-05-06 01:35:14', NULL, '2019-05-06 01:35:14', 0, NULL, '192.168.3.172'),(1015, 512, 387, 1, 206, '2019-05-06 01:35:14', NULL, '2019-05-06 01:35:14', 0, NULL, '192.168.3.172'),(1016, 513, 387, 1, 206, '2019-05-06 01:35:14', NULL, '2019-05-06 01:35:14', 0, NULL, '192.168.3.172'),(1017, 514, 387, 1, 206, '2019-05-06 01:35:14', NULL, '2019-05-06 01:35:14', 0, NULL, '192.168.3.172'),(1018, 515, 387, 1, 206, '2019-05-06 01:35:14', NULL, '2019-05-06 01:35:14', 0, NULL, '192.168.3.172'),(1019, 516, 387, 1, 206, '2019-05-06 01:35:14', NULL, '2019-05-06 01:35:14', 0, NULL, '192.168.3.172'),(1020, 517, 387, 1, 206, '2019-05-06 01:35:14', NULL, '2019-05-06 01:35:14', 0, NULL, '192.168.3.172'),(1021, 518, 387, 1, 206, '2019-05-06 01:35:14', NULL, '2019-05-06 01:35:14', 0, NULL, '192.168.3.172'),(1022, 519, 387, 1, 206, '2019-05-06 01:35:14', NULL, '2019-05-06 01:35:14', 0, NULL, '192.168.3.172'),(1023, 520, 387, 1, 206, '2019-05-06 01:35:14', NULL, '2019-05-06 01:35:14', 0, NULL, '192.168.3.172'),(1024, 521, 387, 1, 206, '2019-05-06 01:35:14', NULL, '2019-05-06 01:35:14', 0, NULL, '192.168.3.172'),(1025, 522, 387, 1, 206, '2019-05-06 01:35:14', NULL, '2019-05-06 01:35:14', 0, NULL, '192.168.3.172'),(1026, 523, 387, 1, 206, '2019-05-06 01:35:14', NULL, '2019-05-06 01:35:14', 0, NULL, '192.168.3.172'),(1027, 524, 387, 1, 206, '2019-05-06 01:35:14', NULL, '2019-05-06 01:35:14', 0, NULL, '192.168.3.172'),(1028, 525, 387, 1, 206, '2019-05-06 01:35:14', NULL, '2019-05-06 01:35:14', 0, NULL, '192.168.3.172'),(1029, 526, 387, 1, 206, '2019-05-06 01:35:14', NULL, '2019-05-06 01:35:14', 0, NULL, '192.168.3.172'),(1030, 527, 387, 1, 206, '2019-05-06 01:35:14', NULL, '2019-05-06 01:35:14', 0, NULL, '192.168.3.172'),(1031, 528, 387, 1, 206, '2019-05-06 01:35:14', NULL, '2019-05-06 01:35:14', 0, NULL, '192.168.3.172'),(1032, 529, 387, 1, 206, '2019-05-06 01:35:14', NULL, '2019-05-06 01:35:14', 0, NULL, '192.168.3.172'),(1033, 530, 387, 1, 206, '2019-05-06 01:35:14', NULL, '2019-05-06 01:35:14', 0, NULL, '192.168.3.172'),(1034, 531, 387, 1, 206, '2019-05-06 01:35:14', NULL, '2019-05-06 01:35:14', 0, NULL, '192.168.3.172'),(1035, 532, 387, 1, 206, '2019-05-06 01:35:14', NULL, '2019-05-06 01:35:14', 0, NULL, '192.168.3.172'),(1036, 533, 387, 1, 206, '2019-05-06 01:35:14', NULL, '2019-05-06 01:35:14', 0, NULL, '192.168.3.172'),(1037, 534, 387, 1, 206, '2019-05-06 01:35:14', NULL, '2019-05-06 01:35:14', 0, NULL, '192.168.3.172'),(1038, 535, 387, 1, 206, '2019-05-06 01:35:14', NULL, '2019-05-06 01:35:14', 0, NULL, '192.168.3.172'),(1039, 536, 387, 1, 206, '2019-05-06 01:35:14', NULL, '2019-05-06 01:35:14', 0, NULL, '192.168.3.172'),(1040, 537, 387, 1, 206, '2019-05-06 01:35:14', NULL, '2019-05-06 01:35:14', 0, NULL, '192.168.3.172'),(1041, 538, 387, 1, 206, '2019-05-06 01:35:14', NULL, '2019-05-06 01:35:14', 0, NULL, '192.168.3.172'),(1042, 539, 387, 1, 206, '2019-05-06 01:35:14', NULL, '2019-05-06 01:35:14', 0, NULL, '192.168.3.172'),(1043, 540, 387, 1, 206, '2019-05-06 01:35:14', NULL, '2019-05-06 01:35:14', 0, NULL, '192.168.3.172'),(1044, 541, 387, 1, 206, '2019-05-06 01:35:14', NULL, '2019-05-06 01:35:14', 0, NULL, '192.168.3.172'),(1045, 542, 387, 1, 206, '2019-05-06 01:35:14', NULL, '2019-05-06 01:35:14', 0, NULL, '192.168.3.172'),(1046, 543, 387, 1, 206, '2019-05-06 01:35:14', NULL, '2019-05-06 01:35:14', 0, NULL, '192.168.3.172'),(1047, 544, 387, 1, 206, '2019-05-06 01:35:14', NULL, '2019-05-06 01:35:14', 0, NULL, '192.168.3.172'),(1048, 545, 387, 1, 206, '2019-05-06 01:35:14', NULL, '2019-05-06 01:35:14', 0, NULL, '192.168.3.172'),(1049, 546, 387, 1, 206, '2019-05-06 01:35:14', NULL, '2019-05-06 01:35:14', 0, NULL, '192.168.3.172'),(1050, 547, 387, 1, 206, '2019-05-06 01:35:14', NULL, '2019-05-06 01:35:14', 0, NULL, '192.168.3.172'),(1051, 548, 387, 1, 206, '2019-05-06 01:35:14', NULL, '2019-05-06 01:35:14', 0, NULL, '192.168.3.172'),(1052, 549, 387, 1, 206, '2019-05-06 01:35:14', NULL, '2019-05-06 01:35:14', 0, NULL, '192.168.3.172'),(1053, 550, 387, 1, 206, '2019-05-06 01:35:14', NULL, '2019-05-06 01:35:14', 0, NULL, '192.168.3.172'),(1054, 551, 387, 1, 206, '2019-05-06 01:35:14', NULL, '2019-05-06 01:35:14', 0, NULL, '192.168.3.172'),(1055, 552, 387, 1, 206, '2019-05-06 01:35:14', NULL, '2019-05-06 01:35:14', 0, NULL, '192.168.3.172'),(1056, 553, 387, 1, 206, '2019-05-06 01:35:14', NULL, '2019-05-06 01:35:14', 0, NULL, '192.168.3.172'),(1057, 553, 345, NULL, 206, '2019-05-06 03:52:09', NULL, '2019-05-06 03:52:09', 0, NULL, '114.222.211.209'),(1058, 354, 345, NULL, 206, '2019-05-06 03:52:35', NULL, '2019-05-06 03:52:35', 0, NULL, '114.222.211.209'),(1059, 353, 345, NULL, 206, '2019-05-06 03:52:35', NULL, '2019-05-06 03:52:35', 0, NULL, '114.222.211.209'),(1082, 262, 297, NULL, 257, '2019-05-07 01:31:11', NULL, '2019-05-07 01:31:11', 0, NULL, '114.222.211.209'),(1083, 277, 389, NULL, 257, '2019-05-07 01:35:21', NULL, '2019-05-07 01:35:21', 0, NULL, '114.222.211.209'),(1084, 280, 392, NULL, 257, '2019-05-07 01:35:32', NULL, '2019-05-07 01:35:32', 0, NULL, '114.222.211.209'),(1085, 260, 393, NULL, 257, '2019-05-07 01:36:49', NULL, '2019-05-07 01:36:49', 0, NULL, '114.222.211.209'),(1086, 305, 393, NULL, 257, '2019-05-07 01:36:49', NULL, '2019-05-07 01:36:49', 0, NULL, '114.222.211.209'),(1087, 280, 390, NULL, 257, '2019-05-07 01:37:15', NULL, '2019-05-07 01:37:15', 0, NULL, '114.222.211.209'),(1101, 274, 233, 1, 247, '2019-05-07 02:37:17', NULL, '2019-05-07 02:37:17', 0, NULL, '192.168.3.161'),(1104, 276, 237, 1, 247, '2019-05-07 02:41:23', NULL, '2019-05-07 02:41:23', 0, NULL, '192.168.3.161'),(1111, 353, 385, NULL, 257, '2019-05-07 04:21:06', NULL, '2019-05-07 04:21:06', 0, NULL, '192.168.3.150'),(1113, 257, 385, NULL, 257, '2019-05-07 04:33:00', NULL, '2019-05-07 04:33:00', 0, NULL, '192.168.3.150'),(1114, 286, 199, NULL, 257, '2019-05-07 05:49:25', NULL, '2019-05-07 05:49:25', 0, NULL, '114.222.211.209'),(1115, 285, 199, NULL, 257, '2019-05-07 05:49:25', NULL, '2019-05-07 05:49:25', 0, NULL, '114.222.211.209'),(1116, 352, 199, NULL, 257, '2019-05-07 05:49:25', NULL, '2019-05-07 05:49:25', 0, NULL, '114.222.211.209'),(1117, 351, 199, NULL, 257, '2019-05-07 05:49:25', NULL, '2019-05-07 05:49:25', 0, NULL, '114.222.211.209'),(1118, 350, 199, NULL, 257, '2019-05-07 05:49:25', NULL, '2019-05-07 05:49:25', 0, NULL, '114.222.211.209'),(1119, 251, 199, NULL, 257, '2019-05-07 05:49:25', NULL, '2019-05-07 05:49:25', 0, NULL, '114.222.211.209'),(1121, 560, 239, 1, 247, '2019-05-08 03:57:05', NULL, '2019-05-08 03:57:05', 0, NULL, '114.222.211.209'),(1122, 247, 240, 1, 247, '2019-05-08 03:59:21', NULL, '2019-05-08 03:59:21', 0, NULL, '114.222.211.209');
UNLOCK TABLES;
COMMIT;
BEGIN;
LOCK TABLES `acm_cloud`.`wsd_sys_userorg_role` WRITE;
DELETE FROM `acm_cloud`.`wsd_sys_userorg_role`;
INSERT INTO `acm_cloud`.`wsd_sys_userorg_role` (`id`,`user_id`,`org_id`,`role_id`,`creator`,`creat_time`,`last_upd_user`,`last_upd_time`,`wsdver`,`sort_num`,`last_upd_ip`) VALUES (393, 2, 165, 8, NULL, '2019-03-26 14:13:55', NULL, NULL, 0, 0, '127.0.0.1'),(560, 274, 234, 181, 206, '2019-04-24 16:59:50', NULL, '2019-04-24 16:59:50', 0, NULL, '117.89.48.84'),(561, 275, 234, 182, 206, '2019-04-24 17:00:17', NULL, '2019-04-24 17:00:17', 0, NULL, '117.89.48.84'),(562, 276, 234, 182, 206, '2019-04-24 17:00:41', NULL, '2019-04-24 17:00:41', 0, NULL, '117.89.48.84'),(563, 277, 235, 181, 206, '2019-04-24 17:01:25', NULL, '2019-04-24 17:01:25', 0, NULL, '117.89.48.84'),(564, 278, 236, 181, 206, '2019-04-24 17:01:57', NULL, '2019-04-24 17:01:57', 0, NULL, '117.89.48.84'),(565, 279, 236, 182, 206, '2019-04-24 17:02:23', NULL, '2019-04-24 17:02:23', 0, NULL, '117.89.48.84'),(566, 280, 237, 181, 206, '2019-04-24 17:02:51', NULL, '2019-04-24 17:02:51', 0, NULL, '117.89.48.84'),(567, 281, 237, 182, 206, '2019-04-24 17:03:28', NULL, '2019-04-24 17:03:28', 0, NULL, '117.89.48.84'),(568, 282, 237, 182, 206, '2019-04-24 17:04:02', NULL, '2019-04-24 17:04:02', 0, NULL, '117.89.48.84'),(569, 283, 237, 182, 206, '2019-04-24 17:04:36', NULL, '2019-04-24 17:04:36', 0, NULL, '117.89.48.84'),(570, 284, 237, 182, 206, '2019-04-24 17:05:07', NULL, '2019-04-24 17:05:07', 0, NULL, '117.89.48.84'),(571, 285, 238, 181, 206, '2019-04-24 17:05:36', NULL, '2019-04-24 17:05:36', 0, NULL, '117.89.48.84'),(572, 286, 238, 182, 206, '2019-04-24 17:06:10', NULL, '2019-04-24 17:06:10', 0, NULL, '117.89.48.84'),(573, 287, 239, 181, 206, '2019-04-24 17:06:39', NULL, '2019-04-24 17:06:39', 0, NULL, '117.89.48.84'),(574, 288, 239, 182, 206, '2019-04-24 17:07:09', NULL, '2019-04-24 17:07:09', 0, NULL, '117.89.48.84'),(579, 254, 241, 181, 206, '2019-04-24 17:08:49', NULL, '2019-04-24 17:08:49', 0, NULL, '117.89.48.84'),(581, 256, 241, 182, 206, '2019-04-24 17:09:00', NULL, '2019-04-24 17:09:00', 0, NULL, '117.89.48.84'),(582, 257, 232, 181, 206, '2019-04-24 17:09:04', NULL, '2019-04-24 17:09:04', 0, NULL, '117.89.48.84'),(585, 260, 240, 181, 206, '2019-04-24 17:09:15', NULL, '2019-04-24 17:09:15', 0, NULL, '117.89.48.84'),(588, 263, 240, 182, 206, '2019-04-24 17:09:26', NULL, '2019-04-24 17:09:26', 0, NULL, '117.89.48.84'),(589, 264, 240, 182, 206, '2019-04-24 17:09:31', NULL, '2019-04-24 17:09:31', 0, NULL, '117.89.48.84'),(590, 265, 240, 181, 206, '2019-04-24 17:09:34', NULL, '2019-04-24 17:09:34', 0, NULL, '117.89.48.84'),(591, 266, 240, 182, 206, '2019-04-24 17:09:41', NULL, '2019-04-24 17:09:41', 0, NULL, '117.89.48.84'),(592, 267, 240, 182, 206, '2019-04-24 17:09:44', NULL, '2019-04-24 17:09:44', 0, NULL, '117.89.48.84'),(593, 268, 240, 182, 206, '2019-04-24 17:09:48', NULL, '2019-04-24 17:09:48', 0, NULL, '117.89.48.84'),(594, 269, 240, 182, 206, '2019-04-24 17:09:52', NULL, '2019-04-24 17:09:52', 0, NULL, '117.89.48.84'),(596, 271, 242, 181, 206, '2019-04-24 17:09:59', NULL, '2019-04-24 17:09:59', 0, NULL, '117.89.48.84'),(597, 272, 233, 181, 206, '2019-04-24 17:10:02', NULL, '2019-04-24 17:10:02', 0, NULL, '117.89.48.84'),(618, 252, 242, 182, 206, '2019-04-24 19:33:46', NULL, '2019-04-24 19:33:46', 0, NULL, '117.89.48.84'),(622, 273, 233, 181, 206, '2019-04-24 19:38:59', NULL, '2019-04-24 19:38:59', 0, NULL, '192.168.3.183'),(630, 257, 278, 181, 206, '2019-04-24 08:45:35', NULL, '2019-04-24 08:45:35', 0, NULL, '192.168.3.199'),(631, 265, 279, 181, 206, '2019-04-24 08:46:29', NULL, '2019-04-24 08:46:29', 0, NULL, '192.168.3.199'),(632, 264, 279, 182, 206, '2019-04-24 08:46:29', NULL, '2019-04-24 08:46:29', 0, NULL, '192.168.3.199'),(633, 263, 279, 182, 206, '2019-04-24 08:46:30', NULL, '2019-04-24 08:46:30', 0, NULL, '192.168.3.199'),(634, 262, 279, 181, 206, '2019-04-24 08:46:30', NULL, '2019-04-24 08:46:30', 0, NULL, '192.168.3.199'),(636, 260, 279, 181, 206, '2019-04-24 08:46:30', NULL, '2019-04-24 08:46:30', 0, NULL, '192.168.3.199'),(640, 257, 284, 181, 257, '2019-04-24 09:15:21', NULL, '2019-04-24 09:15:21', 0, NULL, '192.168.3.199'),(641, 270, 286, 181, 257, '2019-04-24 09:15:54', NULL, '2019-04-24 09:15:54', 0, NULL, '192.168.3.199'),(642, 269, 286, 182, 257, '2019-04-24 09:15:54', NULL, '2019-04-24 09:15:54', 0, NULL, '192.168.3.199'),(643, 268, 286, 182, 257, '2019-04-24 09:15:54', NULL, '2019-04-24 09:15:54', 0, NULL, '192.168.3.199'),(644, 267, 286, 182, 257, '2019-04-24 09:15:54', NULL, '2019-04-24 09:15:54', 0, NULL, '192.168.3.199'),(645, 266, 286, 182, 257, '2019-04-24 09:15:55', NULL, '2019-04-24 09:15:55', 0, NULL, '192.168.3.199'),(646, 265, 286, 181, 257, '2019-04-24 09:15:55', NULL, '2019-04-24 09:15:55', 0, NULL, '192.168.3.199'),(647, 264, 286, 182, 257, '2019-04-24 09:15:55', NULL, '2019-04-24 09:15:55', 0, NULL, '192.168.3.199'),(648, 263, 286, 182, 257, '2019-04-24 09:15:55', NULL, '2019-04-24 09:15:55', 0, NULL, '192.168.3.199'),(649, 262, 286, 181, 257, '2019-04-24 09:15:55', NULL, '2019-04-24 09:15:55', 0, NULL, '192.168.3.199'),(651, 260, 286, 181, 257, '2019-04-24 09:15:56', NULL, '2019-04-24 09:15:56', 0, NULL, '192.168.3.199'),(654, 257, 296, 181, 257, '2019-04-24 09:40:20', NULL, '2019-04-24 09:40:20', 0, NULL, '192.168.3.199'),(655, 256, 297, 182, 257, '2019-04-24 09:40:40', NULL, '2019-04-24 09:40:40', 0, NULL, '192.168.3.199'),(656, 255, 297, 181, 257, '2019-04-24 09:40:40', NULL, '2019-04-24 09:40:40', 0, NULL, '192.168.3.199'),(657, 254, 297, 181, 257, '2019-04-24 09:40:41', NULL, '2019-04-24 09:40:41', 0, NULL, '192.168.3.199'),(658, 253, 297, 181, 257, '2019-04-24 09:40:41', NULL, '2019-04-24 09:40:41', 0, NULL, '192.168.3.199'),(659, 252, 297, 181, 257, '2019-04-24 09:40:41', NULL, '2019-04-24 09:40:41', 0, NULL, '192.168.3.199'),(660, 263, 297, 182, 257, '2019-04-24 09:41:05', NULL, '2019-04-24 09:41:05', 0, NULL, '192.168.3.199'),(664, 256, 302, 182, 257, '2019-04-24 09:41:21', NULL, '2019-04-24 09:41:21', 0, NULL, '192.168.3.199'),(665, 255, 302, 181, 257, '2019-04-24 09:41:21', NULL, '2019-04-24 09:41:21', 0, NULL, '192.168.3.199'),(666, 254, 302, 181, 257, '2019-04-24 09:41:21', NULL, '2019-04-24 09:41:21', 0, NULL, '192.168.3.199'),(668, 252, 302, 181, 257, '2019-04-24 09:41:21', NULL, '2019-04-24 09:41:21', 0, NULL, '192.168.3.199'),(701, 302, 233, 181, 206, '2019-04-24 21:22:57', NULL, '2019-04-24 21:22:57', 0, NULL, '117.89.48.84'),(704, 304, 240, 181, 206, '2019-04-24 21:29:05', NULL, '2019-04-24 21:29:05', 0, NULL, '117.89.48.84'),(706, 305, 240, 181, 206, '2019-04-24 21:29:54', NULL, '2019-04-24 21:29:54', 0, NULL, '117.89.48.84'),(709, 307, 239, 182, 206, '2019-04-24 21:32:01', NULL, '2019-04-24 21:32:01', 0, NULL, '117.89.48.84'),(718, 252, 241, 181, 206, '2019-04-25 00:46:50', NULL, '2019-04-25 00:46:50', 0, NULL, '192.168.3.135'),(720, 253, 241, 182, 206, '2019-04-25 02:17:36', NULL, '2019-04-25 02:17:36', 0, NULL, '117.89.48.84'),(721, 253, 241, 181, 206, '2019-04-25 02:17:36', NULL, '2019-04-25 02:17:36', 0, NULL, '117.89.48.84'),(722, 255, 241, 181, 206, '2019-04-25 02:18:01', NULL, '2019-04-25 02:18:01', 0, NULL, '117.89.48.84'),(723, 255, 241, 185, 206, '2019-04-25 02:18:01', NULL, '2019-04-25 02:18:01', 0, NULL, '117.89.48.84'),(725, 262, 240, 181, 206, '2019-04-25 02:26:15', NULL, '2019-04-25 02:26:15', 0, NULL, '117.89.48.84'),(728, 270, 240, 181, 206, '2019-04-25 02:32:50', NULL, '2019-04-25 02:32:50', 0, NULL, '117.89.48.84'),(730, 311, 234, 181, 206, '2019-04-25 02:58:26', NULL, '2019-04-25 02:58:26', 0, NULL, '117.89.48.84'),(731, 304, 333, 181, 257, '2019-04-25 03:21:08', NULL, '2019-04-25 03:21:08', 0, NULL, '192.168.3.101'),(732, 649, 333, 181, 257, '2019-04-25 03:21:13', NULL, '2019-04-25 03:21:13', 0, NULL, '192.168.3.101'),(735, 260, 339, 181, 206, '2019-04-25 05:11:10', NULL, '2019-04-25 05:11:10', 0, NULL, '117.89.48.84'),(736, 263, 339, 182, 206, '2019-04-25 05:11:10', NULL, '2019-04-25 05:11:10', 0, NULL, '117.89.48.84'),(737, 264, 339, 182, 206, '2019-04-25 05:11:10', NULL, '2019-04-25 05:11:10', 0, NULL, '117.89.48.84'),(738, 265, 339, 181, 206, '2019-04-25 05:11:10', NULL, '2019-04-25 05:11:10', 0, NULL, '117.89.48.84'),(739, 266, 339, 182, 206, '2019-04-25 05:11:10', NULL, '2019-04-25 05:11:10', 0, NULL, '117.89.48.84'),(740, 267, 339, 182, 206, '2019-04-25 05:11:10', NULL, '2019-04-25 05:11:10', 0, NULL, '117.89.48.84'),(741, 268, 339, 182, 206, '2019-04-25 05:11:10', NULL, '2019-04-25 05:11:10', 0, NULL, '117.89.48.84'),(742, 269, 339, 182, 206, '2019-04-25 05:11:10', NULL, '2019-04-25 05:11:10', 0, NULL, '117.89.48.84'),(743, 304, 339, 181, 206, '2019-04-25 05:11:10', NULL, '2019-04-25 05:11:10', 0, NULL, '117.89.48.84'),(744, 305, 339, 181, 206, '2019-04-25 05:11:10', NULL, '2019-04-25 05:11:10', 0, NULL, '117.89.48.84'),(745, 306, 339, 181, 206, '2019-04-25 05:11:10', NULL, '2019-04-25 05:11:10', 0, NULL, '117.89.48.84'),(746, 262, 339, 181, 206, '2019-04-25 05:11:10', NULL, '2019-04-25 05:11:10', 0, NULL, '117.89.48.84'),(747, 270, 339, 181, 206, '2019-04-25 05:11:10', NULL, '2019-04-25 05:11:10', 0, NULL, '117.89.48.84'),(748, 272, 340, 181, 206, '2019-04-25 05:12:06', NULL, '2019-04-25 05:12:06', 0, NULL, '117.89.48.84'),(749, 273, 340, 181, 206, '2019-04-25 05:12:06', NULL, '2019-04-25 05:12:06', 0, NULL, '117.89.48.84'),(750, 302, 340, 181, 206, '2019-04-25 05:12:06', NULL, '2019-04-25 05:12:06', 0, NULL, '117.89.48.84'),(751, 280, 341, 181, 206, '2019-04-25 05:14:09', NULL, '2019-04-25 05:14:09', 0, NULL, '117.89.48.84'),(752, 281, 341, 182, 206, '2019-04-25 05:14:09', NULL, '2019-04-25 05:14:09', 0, NULL, '117.89.48.84'),(753, 282, 341, 182, 206, '2019-04-25 05:14:09', NULL, '2019-04-25 05:14:09', 0, NULL, '117.89.48.84'),(754, 283, 341, 182, 206, '2019-04-25 05:14:09', NULL, '2019-04-25 05:14:09', 0, NULL, '117.89.48.84'),(755, 284, 341, 182, 206, '2019-04-25 05:14:09', NULL, '2019-04-25 05:14:09', 0, NULL, '117.89.48.84'),(759, 257, 344, 181, 206, '2019-04-25 05:33:07', NULL, '2019-04-25 05:33:07', 0, NULL, '127.0.0.1'),(760, 206, 344, 196, 206, '2019-04-25 05:33:07', NULL, '2019-04-25 05:33:07', 0, NULL, '127.0.0.1'),(771, 260, 348, 181, 257, '2019-04-25 22:52:15', NULL, '2019-04-25 22:52:15', 0, NULL, '192.168.3.101'),(772, 263, 348, 182, 257, '2019-04-25 22:52:15', NULL, '2019-04-25 22:52:15', 0, NULL, '192.168.3.101'),(773, 264, 348, 182, 257, '2019-04-25 22:52:15', NULL, '2019-04-25 22:52:15', 0, NULL, '192.168.3.101'),(774, 265, 348, 181, 257, '2019-04-25 22:52:16', NULL, '2019-04-25 22:52:16', 0, NULL, '192.168.3.101'),(775, 266, 348, 182, 257, '2019-04-25 22:52:16', NULL, '2019-04-25 22:52:16', 0, NULL, '192.168.3.101'),(776, 267, 348, 182, 257, '2019-04-25 22:52:16', NULL, '2019-04-25 22:52:16', 0, NULL, '192.168.3.101'),(777, 268, 348, 182, 257, '2019-04-25 22:52:16', NULL, '2019-04-25 22:52:16', 0, NULL, '192.168.3.101'),(778, 269, 348, 182, 257, '2019-04-25 22:52:17', NULL, '2019-04-25 22:52:17', 0, NULL, '192.168.3.101'),(779, 304, 348, 181, 257, '2019-04-25 22:52:17', NULL, '2019-04-25 22:52:17', 0, NULL, '192.168.3.101'),(780, 305, 348, 181, 257, '2019-04-25 22:52:17', NULL, '2019-04-25 22:52:17', 0, NULL, '192.168.3.101'),(781, 306, 348, 181, 257, '2019-04-25 22:52:17', NULL, '2019-04-25 22:52:17', 0, NULL, '192.168.3.101'),(782, 262, 348, 181, 257, '2019-04-25 22:52:17', NULL, '2019-04-25 22:52:17', 0, NULL, '192.168.3.101'),(783, 270, 348, 181, 257, '2019-04-25 22:52:18', NULL, '2019-04-25 22:52:18', 0, NULL, '192.168.3.101'),(784, 247, 348, 181, 257, '2019-04-25 22:52:18', NULL, '2019-04-25 22:52:18', 0, NULL, '192.168.3.101'),(785, 304, 346, 181, 257, '2019-04-25 23:00:01', NULL, '2019-04-25 23:00:01', 0, NULL, '192.168.3.101'),(786, 697, 346, 181, 257, '2019-04-25 23:00:05', NULL, '2019-04-25 23:00:05', 0, NULL, '192.168.3.101'),(787, 697, 346, 182, 257, '2019-04-25 23:00:05', NULL, '2019-04-25 23:00:05', 0, NULL, '192.168.3.101'),(788, 697, 346, 184, 257, '2019-04-25 23:00:07', NULL, '2019-04-25 23:00:07', 0, NULL, '192.168.3.101'),(789, 273, 346, 181, 257, '2019-04-25 23:01:31', NULL, '2019-04-25 23:01:31', 0, NULL, '192.168.3.101'),(790, 272, 346, 181, 257, '2019-04-25 23:01:31', NULL, '2019-04-25 23:01:31', 0, NULL, '192.168.3.101'),(791, 698, 346, 181, 257, '2019-04-25 23:01:37', NULL, '2019-04-25 23:01:37', 0, NULL, '192.168.3.101'),(792, 698, 346, 182, 257, '2019-04-25 23:01:38', NULL, '2019-04-25 23:01:38', 0, NULL, '192.168.3.101'),(793, 272, 349, 181, 257, '2019-04-25 23:02:15', NULL, '2019-04-25 23:02:15', 0, NULL, '192.168.3.101'),(794, 273, 349, 181, 257, '2019-04-25 23:02:15', NULL, '2019-04-25 23:02:15', 0, NULL, '192.168.3.101'),(795, 302, 349, 181, 257, '2019-04-25 23:02:15', NULL, '2019-04-25 23:02:15', 0, NULL, '192.168.3.101'),(796, 271, 350, 181, 257, '2019-04-25 23:13:45', NULL, '2019-04-25 23:13:45', 0, NULL, '192.168.3.101'),(797, 278, 354, 181, 257, '2019-04-25 23:17:57', NULL, '2019-04-25 23:17:57', 0, NULL, '192.168.3.101'),(798, 279, 354, 182, 257, '2019-04-25 23:17:57', NULL, '2019-04-25 23:17:57', 0, NULL, '192.168.3.101'),(799, 273, 352, 181, 257, '2019-04-26 00:46:00', NULL, '2019-04-26 00:46:00', 0, NULL, '192.168.3.101'),(800, 272, 352, 181, 257, '2019-04-26 00:46:00', NULL, '2019-04-26 00:46:00', 0, NULL, '192.168.3.101'),(801, 255, 355, 181, 257, '2019-04-26 01:12:57', NULL, '2019-04-26 01:12:57', 0, NULL, '192.168.3.101'),(802, 254, 355, 181, 257, '2019-04-26 01:12:57', NULL, '2019-04-26 01:12:57', 0, NULL, '192.168.3.101'),(803, 253, 355, 181, 257, '2019-04-26 01:12:58', NULL, '2019-04-26 01:12:58', 0, NULL, '192.168.3.101'),(804, 252, 355, 181, 257, '2019-04-26 01:12:58', NULL, '2019-04-26 01:12:58', 0, NULL, '192.168.3.101'),(805, 256, 356, 182, 257, '2019-04-26 01:14:00', NULL, '2019-04-26 01:14:00', 0, NULL, '192.168.3.101'),(806, 266, 356, 182, 257, '2019-04-26 01:14:01', NULL, '2019-04-26 01:14:01', 0, NULL, '192.168.3.101'),(807, 274, 357, 181, 257, '2019-04-26 01:15:54', NULL, '2019-04-26 01:15:54', 0, NULL, '192.168.3.101'),(808, 277, 357, 181, 257, '2019-04-26 01:15:54', NULL, '2019-04-26 01:15:54', 0, NULL, '192.168.3.101'),(809, 257, 357, 181, 257, '2019-04-26 01:15:54', NULL, '2019-04-26 01:15:54', 0, NULL, '192.168.3.101'),(810, 255, 358, 181, 257, '2019-04-26 01:15:54', NULL, '2019-04-26 01:15:54', 0, NULL, '192.168.3.101'),(811, 254, 358, 181, 257, '2019-04-26 01:15:55', NULL, '2019-04-26 01:15:55', 0, NULL, '192.168.3.101'),(812, 253, 358, 181, 257, '2019-04-26 01:15:55', NULL, '2019-04-26 01:15:55', 0, NULL, '192.168.3.101'),(813, 252, 358, 181, 257, '2019-04-26 01:15:55', NULL, '2019-04-26 01:15:55', 0, NULL, '192.168.3.101'),(814, 256, 359, 182, 257, '2019-04-26 01:17:22', NULL, '2019-04-26 01:17:22', 0, NULL, '192.168.3.101'),(815, 266, 359, 182, 257, '2019-04-26 01:17:22', NULL, '2019-04-26 01:17:22', 0, NULL, '192.168.3.101'),(816, 270, 360, 181, 257, '2019-04-26 01:17:22', NULL, '2019-04-26 01:17:22', 0, NULL, '192.168.3.101'),(817, 265, 360, 181, 257, '2019-04-26 01:17:22', NULL, '2019-04-26 01:17:22', 0, NULL, '192.168.3.101'),(818, 264, 360, 182, 257, '2019-04-26 01:17:23', NULL, '2019-04-26 01:17:23', 0, NULL, '192.168.3.101'),(819, 263, 360, 182, 257, '2019-04-26 01:17:23', NULL, '2019-04-26 01:17:23', 0, NULL, '192.168.3.101'),(820, 262, 360, 181, 257, '2019-04-26 01:17:23', NULL, '2019-04-26 01:17:23', 0, NULL, '192.168.3.101'),(821, 306, 360, 181, 257, '2019-04-26 01:17:23', NULL, '2019-04-26 01:17:23', 0, NULL, '192.168.3.101'),(822, 260, 360, 181, 257, '2019-04-26 01:17:23', NULL, '2019-04-26 01:17:23', 0, NULL, '192.168.3.101'),(823, 305, 360, 181, 257, '2019-04-26 01:17:24', NULL, '2019-04-26 01:17:24', 0, NULL, '192.168.3.101'),(824, 304, 360, 181, 257, '2019-04-26 01:17:24', NULL, '2019-04-26 01:17:24', 0, NULL, '192.168.3.101'),(825, 268, 360, 182, 257, '2019-04-26 01:17:24', NULL, '2019-04-26 01:17:24', 0, NULL, '192.168.3.101'),(826, 267, 360, 182, 257, '2019-04-26 01:17:24', NULL, '2019-04-26 01:17:24', 0, NULL, '192.168.3.101'),(827, 274, 361, 181, 257, '2019-04-26 01:20:00', NULL, '2019-04-26 01:20:00', 0, NULL, '192.168.3.101'),(828, 275, 361, 182, 257, '2019-04-26 01:20:00', NULL, '2019-04-26 01:20:00', 0, NULL, '192.168.3.101'),(829, 276, 361, 182, 257, '2019-04-26 01:20:00', NULL, '2019-04-26 01:20:00', 0, NULL, '192.168.3.101'),(830, 311, 361, 181, 257, '2019-04-26 01:20:00', NULL, '2019-04-26 01:20:00', 0, NULL, '192.168.3.101'),(831, 247, 364, 181, 206, '2019-04-26 05:01:47', NULL, '2019-04-26 05:01:47', 0, NULL, '192.168.3.101'),(832, 305, 364, 181, 206, '2019-04-26 05:01:48', NULL, '2019-04-26 05:01:48', 0, NULL, '192.168.3.101'),(833, 304, 364, 181, 206, '2019-04-26 05:01:48', NULL, '2019-04-26 05:01:48', 0, NULL, '192.168.3.101'),(834, 260, 362, 181, 206, '2019-04-26 05:05:40', NULL, '2019-04-26 05:05:40', 0, NULL, '192.168.3.101'),(835, 247, 362, 181, 206, '2019-04-26 05:05:41', NULL, '2019-04-26 05:05:41', 0, NULL, '192.168.3.101'),(836, 305, 362, 181, 206, '2019-04-26 05:05:41', NULL, '2019-04-26 05:05:41', 0, NULL, '192.168.3.101'),(837, 304, 362, 181, 206, '2019-04-26 05:05:42', NULL, '2019-04-26 05:05:42', 0, NULL, '192.168.3.101'),(838, 741, 362, 181, 206, '2019-04-26 05:05:49', NULL, '2019-04-26 05:05:49', 0, NULL, '192.168.3.101'),(839, 741, 362, 182, 206, '2019-04-26 05:05:50', NULL, '2019-04-26 05:05:50', 0, NULL, '192.168.3.101'),(842, 742, 362, 181, 206, '2019-04-26 05:05:57', NULL, '2019-04-26 05:05:57', 0, NULL, '192.168.3.101'),(844, 743, 362, 181, 206, '2019-04-26 05:05:59', NULL, '2019-04-26 05:05:59', 0, NULL, '192.168.3.101'),(845, 743, 362, 182, 206, '2019-04-26 05:05:59', NULL, '2019-04-26 05:05:59', 0, NULL, '192.168.3.101'),(846, 743, 362, 185, 206, '2019-04-26 05:06:01', NULL, '2019-04-26 05:06:01', 0, NULL, '192.168.3.101'),(847, 744, 362, 181, 206, '2019-04-26 05:06:03', NULL, '2019-04-26 05:06:03', 0, NULL, '192.168.3.101'),(855, 744, 362, 182, 206, '2019-04-26 05:08:27', NULL, '2019-04-26 05:08:27', 0, NULL, '192.168.3.101'),(856, 744, 362, 184, 206, '2019-04-26 05:08:29', NULL, '2019-04-26 05:08:29', 0, NULL, '192.168.3.101'),(857, 304, 365, 181, 206, '2019-04-26 05:11:37', NULL, '2019-04-26 05:11:37', 0, NULL, '114.222.211.209'),(858, 745, 365, 181, 206, '2019-04-26 05:11:41', NULL, '2019-04-26 05:11:41', 0, NULL, '114.222.211.209'),(863, 742, 362, 184, 206, '2019-04-26 05:36:10', NULL, '2019-04-26 05:36:10', 0, NULL, '114.222.211.209'),(864, 305, 363, 181, 206, '2019-04-26 06:25:37', NULL, '2019-04-26 06:25:37', 0, NULL, '192.168.3.101'),(865, 304, 363, 181, 206, '2019-04-26 06:25:38', NULL, '2019-04-26 06:25:38', 0, NULL, '192.168.3.101'),(866, 747, 363, 181, 206, '2019-04-26 06:25:50', NULL, '2019-04-26 06:25:50', 0, NULL, '192.168.3.101'),(868, 746, 363, 181, 206, '2019-04-26 06:28:10', NULL, '2019-04-26 06:28:10', 0, NULL, '192.168.3.101'),(869, 746, 363, 182, 206, '2019-04-26 06:28:10', NULL, '2019-04-26 06:28:10', 0, NULL, '192.168.3.101'),(870, 305, 364, 181, 206, '2019-04-26 06:29:00', NULL, '2019-04-26 06:29:00', 0, NULL, '192.168.3.101'),(871, 304, 364, 181, 206, '2019-04-26 06:29:00', NULL, '2019-04-26 06:29:00', 0, NULL, '192.168.3.101'),(873, 206, 364, 196, 206, '2019-04-26 06:30:15', NULL, '2019-04-26 06:30:15', 0, NULL, '192.168.3.101'),(874, 206, 364, 184, 206, '2019-04-26 06:30:15', NULL, '2019-04-26 06:30:15', 0, NULL, '192.168.3.101'),(875, 206, 364, 185, 206, '2019-04-26 06:30:15', NULL, '2019-04-26 06:30:15', 0, NULL, '192.168.3.101'),(876, 750, 364, 196, 206, '2019-04-26 06:30:22', NULL, '2019-04-26 06:30:22', 0, NULL, '192.168.3.101'),(877, 750, 364, 184, 206, '2019-04-26 06:30:22', NULL, '2019-04-26 06:30:22', 0, NULL, '192.168.3.101'),(878, 750, 364, 185, 206, '2019-04-26 06:30:22', NULL, '2019-04-26 06:30:22', 0, NULL, '192.168.3.101'),(879, 750, 364, 182, 206, '2019-04-26 06:30:22', NULL, '2019-04-26 06:30:22', 0, NULL, '192.168.3.101'),(880, 745, 365, 185, 206, '2019-04-26 06:34:56', NULL, '2019-04-26 06:34:56', 0, NULL, '114.222.211.209'),(882, 206, 366, 196, 206, '2019-04-26 07:06:17', NULL, '2019-04-26 07:06:17', 0, NULL, '192.168.3.101'),(883, 305, 366, 185, 206, '2019-04-26 07:06:17', NULL, '2019-04-26 07:06:17', 0, NULL, '192.168.3.101'),(884, 305, 366, 184, 206, '2019-04-26 07:06:17', NULL, '2019-04-26 07:06:17', 0, NULL, '192.168.3.101'),(885, 304, 366, 181, 206, '2019-04-26 07:06:18', NULL, '2019-04-26 07:06:18', 0, NULL, '192.168.3.101'),(886, 305, 363, 181, 257, '2019-04-26 07:11:40', NULL, '2019-04-26 07:11:40', 0, NULL, '192.168.3.101'),(887, 305, 363, 182, 257, '2019-04-26 07:11:40', NULL, '2019-04-26 07:11:40', 0, NULL, '192.168.3.101'),(888, 304, 363, 181, 257, '2019-04-26 07:11:40', NULL, '2019-04-26 07:11:40', 0, NULL, '192.168.3.101'),(889, 755, 363, 181, 257, '2019-04-26 07:11:44', NULL, '2019-04-26 07:11:44', 0, NULL, '192.168.3.101'),(890, 755, 363, 181, 257, '2019-04-26 07:11:44', NULL, '2019-04-26 07:11:44', 0, NULL, '192.168.3.101'),(891, 755, 363, 184, 257, '2019-04-26 07:11:44', NULL, '2019-04-26 07:11:44', 0, NULL, '192.168.3.101'),(892, 260, 368, 181, 257, '2019-04-26 07:20:40', NULL, '2019-04-26 07:20:40', 0, NULL, '192.168.3.101'),(893, 247, 368, 181, 257, '2019-04-26 07:20:40', NULL, '2019-04-26 07:20:40', 0, NULL, '192.168.3.101'),(894, 305, 368, 181, 257, '2019-04-26 07:20:40', NULL, '2019-04-26 07:20:40', 0, NULL, '192.168.3.101'),(895, 304, 368, 181, 257, '2019-04-26 07:20:40', NULL, '2019-04-26 07:20:40', 0, NULL, '192.168.3.101'),(896, 756, 368, 181, 257, '2019-04-26 07:20:44', NULL, '2019-04-26 07:20:44', 0, NULL, '192.168.3.101'),(897, 756, 368, 182, 257, '2019-04-26 07:20:45', NULL, '2019-04-26 07:20:45', 0, NULL, '192.168.3.101'),(898, 757, 368, 181, 257, '2019-04-26 07:20:47', NULL, '2019-04-26 07:20:47', 0, NULL, '192.168.3.101'),(899, 757, 368, 182, 257, '2019-04-26 07:20:47', NULL, '2019-04-26 07:20:47', 0, NULL, '192.168.3.101'),(900, 758, 368, 181, 257, '2019-04-26 07:20:49', NULL, '2019-04-26 07:20:49', 0, NULL, '192.168.3.101'),(901, 758, 368, 182, 257, '2019-04-26 07:20:49', NULL, '2019-04-26 07:20:49', 0, NULL, '192.168.3.101'),(902, 759, 368, 181, 257, '2019-04-26 07:20:51', NULL, '2019-04-26 07:20:51', 0, NULL, '192.168.3.101'),(903, 759, 368, 182, 257, '2019-04-26 07:20:51', NULL, '2019-04-26 07:20:51', 0, NULL, '192.168.3.101'),(904, 755, 368, 181, 257, '2019-04-26 07:29:58', NULL, '2019-04-26 07:29:58', 0, NULL, '192.168.3.101'),(905, 755, 368, 181, 257, '2019-04-26 07:29:58', NULL, '2019-04-26 07:29:58', 0, NULL, '192.168.3.101'),(906, 755, 368, 182, 257, '2019-04-26 07:29:59', NULL, '2019-04-26 07:29:59', 0, NULL, '192.168.3.101'),(907, 754, 363, 181, 257, '2019-04-26 07:35:20', NULL, '2019-04-26 07:35:20', 0, NULL, '192.168.3.101'),(908, 754, 363, 181, 257, '2019-04-26 07:35:20', NULL, '2019-04-26 07:35:20', 0, NULL, '192.168.3.101'),(909, 754, 363, 182, 257, '2019-04-26 07:35:20', NULL, '2019-04-26 07:35:20', 0, NULL, '192.168.3.101'),(910, 754, 363, 185, 257, '2019-04-26 07:35:20', NULL, '2019-04-26 07:35:20', 0, NULL, '192.168.3.101'),(911, 747, 363, 184, 257, '2019-04-26 07:42:05', NULL, '2019-04-26 07:42:05', 0, NULL, '192.168.3.101'),(912, 260, 368, 182, 257, '2019-04-26 07:42:58', NULL, '2019-04-26 07:42:58', 0, NULL, '192.168.3.101'),(913, 247, 368, 185, 257, '2019-04-26 07:43:05', NULL, '2019-04-26 07:43:05', 0, NULL, '192.168.3.101'),(914, 247, 368, 184, 257, '2019-04-26 07:43:10', NULL, '2019-04-26 07:43:10', 0, NULL, '192.168.3.101'),(915, 270, 368, 181, 257, '2019-04-26 07:43:41', NULL, '2019-04-26 07:43:41', 0, NULL, '192.168.3.101'),(916, 269, 368, 182, 257, '2019-04-26 07:43:41', NULL, '2019-04-26 07:43:41', 0, NULL, '192.168.3.101'),(917, 268, 368, 182, 257, '2019-04-26 07:43:41', NULL, '2019-04-26 07:43:41', 0, NULL, '192.168.3.101'),(919, 304, 199, 181, 257, '2019-04-26 07:45:38', NULL, '2019-04-26 07:45:38', 0, NULL, '192.168.3.101'),(924, 305, 199, 184, 257, '2019-04-26 07:46:08', NULL, '2019-04-26 07:46:08', 0, NULL, '192.168.3.101'),(925, 254, 373, 181, 257, '2019-04-26 07:48:15', NULL, '2019-04-26 07:48:15', 0, NULL, '192.168.3.101'),(926, 256, 373, 182, 257, '2019-04-26 07:48:15', NULL, '2019-04-26 07:48:15', 0, NULL, '192.168.3.101'),(927, 252, 373, 181, 257, '2019-04-26 07:48:15', NULL, '2019-04-26 07:48:15', 0, NULL, '192.168.3.101'),(928, 253, 373, 182, 257, '2019-04-26 07:48:15', NULL, '2019-04-26 07:48:15', 0, NULL, '192.168.3.101'),(930, 255, 373, 181, 257, '2019-04-26 07:48:16', NULL, '2019-04-26 07:48:16', 0, NULL, '192.168.3.101'),(954, 251, 231, 181, 206, '2019-04-26 23:07:24', NULL, '2019-04-26 23:07:24', 0, NULL, '192.168.3.135'),(955, 251, 231, 184, 206, '2019-04-26 23:07:24', NULL, '2019-04-26 23:07:24', 0, NULL, '192.168.3.135'),(974, 305, 369, 181, 257, '2019-04-28 03:11:49', NULL, '2019-04-28 03:11:49', 0, NULL, '192.168.3.105'),(975, 304, 369, 181, 257, '2019-04-28 03:11:49', NULL, '2019-04-28 03:11:49', 0, NULL, '192.168.3.105'),(976, 260, 377, 181, 257, '2019-04-28 07:12:07', NULL, '2019-04-28 07:12:07', 0, NULL, '192.168.3.105'),(977, 263, 377, 182, 257, '2019-04-28 07:12:07', NULL, '2019-04-28 07:12:07', 0, NULL, '192.168.3.105'),(978, 264, 377, 182, 257, '2019-04-28 07:12:07', NULL, '2019-04-28 07:12:07', 0, NULL, '192.168.3.105'),(979, 265, 377, 181, 257, '2019-04-28 07:12:07', NULL, '2019-04-28 07:12:07', 0, NULL, '192.168.3.105'),(980, 266, 377, 182, 257, '2019-04-28 07:12:07', NULL, '2019-04-28 07:12:07', 0, NULL, '192.168.3.105'),(981, 267, 377, 182, 257, '2019-04-28 07:12:08', NULL, '2019-04-28 07:12:08', 0, NULL, '192.168.3.105'),(982, 268, 377, 182, 257, '2019-04-28 07:12:08', NULL, '2019-04-28 07:12:08', 0, NULL, '192.168.3.105'),(983, 269, 377, 182, 257, '2019-04-28 07:12:08', NULL, '2019-04-28 07:12:08', 0, NULL, '192.168.3.105'),(984, 304, 377, 181, 257, '2019-04-28 07:12:08', NULL, '2019-04-28 07:12:08', 0, NULL, '192.168.3.105'),(985, 305, 377, 181, 257, '2019-04-28 07:12:08', NULL, '2019-04-28 07:12:08', 0, NULL, '192.168.3.105'),(986, 306, 377, 181, 257, '2019-04-28 07:12:08', NULL, '2019-04-28 07:12:08', 0, NULL, '192.168.3.105'),(987, 262, 377, 181, 257, '2019-04-28 07:12:09', NULL, '2019-04-28 07:12:09', 0, NULL, '192.168.3.105'),(988, 270, 377, 181, 257, '2019-04-28 07:12:09', NULL, '2019-04-28 07:12:09', 0, NULL, '192.168.3.105'),(989, 247, 377, 181, 257, '2019-04-28 07:12:09', NULL, '2019-04-28 07:12:09', 0, NULL, '192.168.3.105'),(990, 268, 376, 182, 257, '2019-04-28 07:12:55', NULL, '2019-04-28 07:12:55', 0, NULL, '192.168.3.105'),(991, 304, 376, 181, 257, '2019-04-28 07:12:55', NULL, '2019-04-28 07:12:55', 0, NULL, '192.168.3.105'),(995, 263, 297, 182, 257, '2019-04-29 00:38:08', NULL, '2019-04-29 00:38:08', 0, NULL, '192.168.3.105'),(996, 262, 297, 181, 257, '2019-04-29 00:38:08', NULL, '2019-04-29 00:38:08', 0, NULL, '192.168.3.105'),(997, 306, 297, 181, 257, '2019-04-29 00:38:08', NULL, '2019-04-29 00:38:08', 0, NULL, '192.168.3.105'),(998, 260, 297, 181, 257, '2019-04-29 00:38:08', NULL, '2019-04-29 00:38:08', 0, NULL, '192.168.3.105'),(999, 304, 297, 181, 257, '2019-04-29 00:38:08', NULL, '2019-04-29 00:38:08', 0, NULL, '192.168.3.105'),(1000, 247, 297, 181, 257, '2019-04-29 00:38:08', NULL, '2019-04-29 00:38:08', 0, NULL, '192.168.3.105'),(1001, 305, 297, 181, 257, '2019-04-29 00:38:08', NULL, '2019-04-29 00:38:08', 0, NULL, '192.168.3.105'),(1003, 272, 383, 181, 206, '2019-04-29 06:01:20', NULL, '2019-04-29 06:01:20', 0, NULL, '114.222.211.209'),(1004, 273, 383, 181, 206, '2019-04-29 06:01:20', NULL, '2019-04-29 06:01:20', 0, NULL, '114.222.211.209'),(1005, 302, 383, 181, 206, '2019-04-29 06:01:20', NULL, '2019-04-29 06:01:20', 0, NULL, '114.222.211.209'),(1006, 206, 384, 196, 206, '2019-04-29 06:02:01', NULL, '2019-04-29 06:02:01', 0, NULL, '114.222.211.209'),(1008, 206, 232, 196, 206, '2019-04-29 21:15:01', NULL, '2019-04-29 21:15:01', 0, NULL, '114.222.211.209'),(1009, 350, 231, 185, 206, '2019-04-29 21:24:33', NULL, '2019-04-29 21:24:33', 0, NULL, '114.222.211.209'),(1010, 351, 231, 188, 206, '2019-04-29 21:25:05', NULL, '2019-04-29 21:25:05', 0, NULL, '114.222.211.209'),(1011, 352, 231, 213, 206, '2019-04-29 21:25:33', NULL, '2019-04-29 21:25:33', 0, NULL, '114.222.211.209'),(1012, 247, 385, 181, 206, '2019-04-29 22:28:05', NULL, '2019-04-29 22:28:05', 0, NULL, '114.222.211.209'),(1013, 247, 385, 182, 206, '2019-04-29 22:28:05', NULL, '2019-04-29 22:28:05', 0, NULL, '114.222.211.209'),(1014, 247, 385, 184, 206, '2019-04-29 22:28:05', NULL, '2019-04-29 22:28:05', 0, NULL, '114.222.211.209'),(1015, 247, 385, 185, 206, '2019-04-29 22:28:05', NULL, '2019-04-29 22:28:05', 0, NULL, '114.222.211.209'),(1016, 247, 385, 188, 206, '2019-04-29 22:28:05', NULL, '2019-04-29 22:28:05', 0, NULL, '114.222.211.209'),(1017, 305, 385, 181, 206, '2019-04-29 22:28:05', NULL, '2019-04-29 22:28:05', 0, NULL, '114.222.211.209'),(1018, 304, 385, 181, 206, '2019-04-29 22:28:05', NULL, '2019-04-29 22:28:05', 0, NULL, '114.222.211.209'),(1019, 304, 386, 181, 206, '2019-04-29 22:47:47', NULL, '2019-04-29 22:47:47', 0, NULL, '114.222.211.209'),(1020, 304, 386, 182, 206, '2019-04-29 22:48:03', NULL, '2019-04-29 22:48:03', 0, NULL, '114.222.211.209'),(1021, 304, 386, 184, 206, '2019-04-29 22:48:04', NULL, '2019-04-29 22:48:04', 0, NULL, '114.222.211.209'),(1022, 304, 386, 185, 206, '2019-04-29 22:48:07', NULL, '2019-04-29 22:48:07', 0, NULL, '114.222.211.209'),(1024, 304, 386, 188, 206, '2019-04-29 22:49:05', NULL, '2019-04-29 22:49:05', 0, NULL, '114.222.211.209'),(1025, 304, 386, 196, 206, '2019-04-29 22:49:07', NULL, '2019-04-29 22:49:07', 0, NULL, '114.222.211.209'),(1026, 304, 386, 213, 206, '2019-04-29 22:49:08', NULL, '2019-04-29 22:49:08', 0, NULL, '114.222.211.209'),(1027, 334, 236, 196, 206, '2019-05-05 20:46:19', NULL, '2019-05-05 20:46:19', 0, NULL, '114.222.211.209'),(1028, 306, 240, 181, 206, '2019-05-05 21:26:16', NULL, '2019-05-05 21:26:16', 0, NULL, '192.168.3.172'),(1029, 306, 240, 196, 206, '2019-05-05 21:26:16', NULL, '2019-05-05 21:26:16', 0, NULL, '192.168.3.172'),(1030, 353, 387, 181, 206, '2019-05-06 01:35:14', NULL, '2019-05-06 01:35:14', 0, NULL, '192.168.3.172'),(1031, 354, 387, 181, 206, '2019-05-06 01:35:14', NULL, '2019-05-06 01:35:14', 0, NULL, '192.168.3.172'),(1032, 355, 387, 181, 206, '2019-05-06 01:35:14', NULL, '2019-05-06 01:35:14', 0, NULL, '192.168.3.172'),(1033, 356, 387, 181, 206, '2019-05-06 01:35:14', NULL, '2019-05-06 01:35:14', 0, NULL, '192.168.3.172'),(1034, 357, 387, 181, 206, '2019-05-06 01:35:14', NULL, '2019-05-06 01:35:14', 0, NULL, '192.168.3.172'),(1035, 358, 387, 181, 206, '2019-05-06 01:35:14', NULL, '2019-05-06 01:35:14', 0, NULL, '192.168.3.172'),(1036, 359, 387, 181, 206, '2019-05-06 01:35:14', NULL, '2019-05-06 01:35:14', 0, NULL, '192.168.3.172'),(1037, 360, 387, 181, 206, '2019-05-06 01:35:14', NULL, '2019-05-06 01:35:14', 0, NULL, '192.168.3.172'),(1038, 361, 387, 181, 206, '2019-05-06 01:35:14', NULL, '2019-05-06 01:35:14', 0, NULL, '192.168.3.172'),(1039, 362, 387, 181, 206, '2019-05-06 01:35:14', NULL, '2019-05-06 01:35:14', 0, NULL, '192.168.3.172'),(1040, 363, 387, 181, 206, '2019-05-06 01:35:14', NULL, '2019-05-06 01:35:14', 0, NULL, '192.168.3.172'),(1041, 364, 387, 181, 206, '2019-05-06 01:35:14', NULL, '2019-05-06 01:35:14', 0, NULL, '192.168.3.172'),(1042, 365, 387, 181, 206, '2019-05-06 01:35:14', NULL, '2019-05-06 01:35:14', 0, NULL, '192.168.3.172'),(1043, 366, 387, 181, 206, '2019-05-06 01:35:14', NULL, '2019-05-06 01:35:14', 0, NULL, '192.168.3.172'),(1044, 367, 387, 181, 206, '2019-05-06 01:35:14', NULL, '2019-05-06 01:35:14', 0, NULL, '192.168.3.172'),(1045, 368, 387, 181, 206, '2019-05-06 01:35:14', NULL, '2019-05-06 01:35:14', 0, NULL, '192.168.3.172'),(1046, 369, 387, 181, 206, '2019-05-06 01:35:14', NULL, '2019-05-06 01:35:14', 0, NULL, '192.168.3.172'),(1047, 370, 387, 181, 206, '2019-05-06 01:35:14', NULL, '2019-05-06 01:35:14', 0, NULL, '192.168.3.172'),(1048, 371, 387, 181, 206, '2019-05-06 01:35:14', NULL, '2019-05-06 01:35:14', 0, NULL, '192.168.3.172'),(1049, 372, 387, 181, 206, '2019-05-06 01:35:14', NULL, '2019-05-06 01:35:14', 0, NULL, '192.168.3.172'),(1050, 373, 387, 181, 206, '2019-05-06 01:35:14', NULL, '2019-05-06 01:35:14', 0, NULL, '192.168.3.172'),(1051, 374, 387, 181, 206, '2019-05-06 01:35:14', NULL, '2019-05-06 01:35:14', 0, NULL, '192.168.3.172'),(1052, 375, 387, 181, 206, '2019-05-06 01:35:14', NULL, '2019-05-06 01:35:14', 0, NULL, '192.168.3.172'),(1053, 376, 387, 181, 206, '2019-05-06 01:35:14', NULL, '2019-05-06 01:35:14', 0, NULL, '192.168.3.172'),(1054, 377, 387, 181, 206, '2019-05-06 01:35:14', NULL, '2019-05-06 01:35:14', 0, NULL, '192.168.3.172'),(1055, 378, 387, 181, 206, '2019-05-06 01:35:14', NULL, '2019-05-06 01:35:14', 0, NULL, '192.168.3.172'),(1056, 379, 387, 181, 206, '2019-05-06 01:35:14', NULL, '2019-05-06 01:35:14', 0, NULL, '192.168.3.172'),(1057, 380, 387, 181, 206, '2019-05-06 01:35:14', NULL, '2019-05-06 01:35:14', 0, NULL, '192.168.3.172'),(1058, 381, 387, 181, 206, '2019-05-06 01:35:14', NULL, '2019-05-06 01:35:14', 0, NULL, '192.168.3.172'),(1059, 382, 387, 181, 206, '2019-05-06 01:35:14', NULL, '2019-05-06 01:35:14', 0, NULL, '192.168.3.172'),(1060, 383, 387, 181, 206, '2019-05-06 01:35:14', NULL, '2019-05-06 01:35:14', 0, NULL, '192.168.3.172'),(1061, 384, 387, 181, 206, '2019-05-06 01:35:14', NULL, '2019-05-06 01:35:14', 0, NULL, '192.168.3.172'),(1062, 385, 387, 181, 206, '2019-05-06 01:35:14', NULL, '2019-05-06 01:35:14', 0, NULL, '192.168.3.172'),(1063, 386, 387, 181, 206, '2019-05-06 01:35:14', NULL, '2019-05-06 01:35:14', 0, NULL, '192.168.3.172'),(1064, 387, 387, 181, 206, '2019-05-06 01:35:14', NULL, '2019-05-06 01:35:14', 0, NULL, '192.168.3.172'),(1065, 388, 387, 181, 206, '2019-05-06 01:35:14', NULL, '2019-05-06 01:35:14', 0, NULL, '192.168.3.172'),(1066, 389, 387, 181, 206, '2019-05-06 01:35:14', NULL, '2019-05-06 01:35:14', 0, NULL, '192.168.3.172'),(1067, 390, 387, 181, 206, '2019-05-06 01:35:14', NULL, '2019-05-06 01:35:14', 0, NULL, '192.168.3.172'),(1068, 391, 387, 181, 206, '2019-05-06 01:35:14', NULL, '2019-05-06 01:35:14', 0, NULL, '192.168.3.172'),(1069, 392, 387, 181, 206, '2019-05-06 01:35:14', NULL, '2019-05-06 01:35:14', 0, NULL, '192.168.3.172'),(1070, 393, 387, 181, 206, '2019-05-06 01:35:14', NULL, '2019-05-06 01:35:14', 0, NULL, '192.168.3.172'),(1071, 394, 387, 181, 206, '2019-05-06 01:35:14', NULL, '2019-05-06 01:35:14', 0, NULL, '192.168.3.172'),(1072, 395, 387, 181, 206, '2019-05-06 01:35:14', NULL, '2019-05-06 01:35:14', 0, NULL, '192.168.3.172'),(1073, 396, 387, 181, 206, '2019-05-06 01:35:14', NULL, '2019-05-06 01:35:14', 0, NULL, '192.168.3.172'),(1074, 397, 387, 181, 206, '2019-05-06 01:35:14', NULL, '2019-05-06 01:35:14', 0, NULL, '192.168.3.172'),(1075, 398, 387, 181, 206, '2019-05-06 01:35:14', NULL, '2019-05-06 01:35:14', 0, NULL, '192.168.3.172'),(1076, 399, 387, 181, 206, '2019-05-06 01:35:14', NULL, '2019-05-06 01:35:14', 0, NULL, '192.168.3.172'),(1077, 400, 387, 181, 206, '2019-05-06 01:35:14', NULL, '2019-05-06 01:35:14', 0, NULL, '192.168.3.172'),(1078, 401, 387, 181, 206, '2019-05-06 01:35:14', NULL, '2019-05-06 01:35:14', 0, NULL, '192.168.3.172'),(1079, 402, 387, 181, 206, '2019-05-06 01:35:14', NULL, '2019-05-06 01:35:14', 0, NULL, '192.168.3.172'),(1080, 403, 387, 181, 206, '2019-05-06 01:35:14', NULL, '2019-05-06 01:35:14', 0, NULL, '192.168.3.172'),(1081, 404, 387, 181, 206, '2019-05-06 01:35:14', NULL, '2019-05-06 01:35:14', 0, NULL, '192.168.3.172'),(1082, 405, 387, 181, 206, '2019-05-06 01:35:14', NULL, '2019-05-06 01:35:14', 0, NULL, '192.168.3.172'),(1083, 406, 387, 181, 206, '2019-05-06 01:35:14', NULL, '2019-05-06 01:35:14', 0, NULL, '192.168.3.172'),(1084, 407, 387, 181, 206, '2019-05-06 01:35:14', NULL, '2019-05-06 01:35:14', 0, NULL, '192.168.3.172'),(1085, 408, 387, 181, 206, '2019-05-06 01:35:14', NULL, '2019-05-06 01:35:14', 0, NULL, '192.168.3.172'),(1086, 409, 387, 181, 206, '2019-05-06 01:35:14', NULL, '2019-05-06 01:35:14', 0, NULL, '192.168.3.172'),(1087, 410, 387, 181, 206, '2019-05-06 01:35:14', NULL, '2019-05-06 01:35:14', 0, NULL, '192.168.3.172'),(1088, 411, 387, 181, 206, '2019-05-06 01:35:14', NULL, '2019-05-06 01:35:14', 0, NULL, '192.168.3.172'),(1089, 412, 387, 181, 206, '2019-05-06 01:35:14', NULL, '2019-05-06 01:35:14', 0, NULL, '192.168.3.172'),(1090, 413, 387, 181, 206, '2019-05-06 01:35:14', NULL, '2019-05-06 01:35:14', 0, NULL, '192.168.3.172'),(1091, 414, 387, 181, 206, '2019-05-06 01:35:14', NULL, '2019-05-06 01:35:14', 0, NULL, '192.168.3.172'),(1092, 415, 387, 181, 206, '2019-05-06 01:35:14', NULL, '2019-05-06 01:35:14', 0, NULL, '192.168.3.172'),(1093, 416, 387, 181, 206, '2019-05-06 01:35:14', NULL, '2019-05-06 01:35:14', 0, NULL, '192.168.3.172'),(1094, 417, 387, 181, 206, '2019-05-06 01:35:14', NULL, '2019-05-06 01:35:14', 0, NULL, '192.168.3.172'),(1095, 418, 387, 181, 206, '2019-05-06 01:35:14', NULL, '2019-05-06 01:35:14', 0, NULL, '192.168.3.172'),(1096, 419, 387, 181, 206, '2019-05-06 01:35:14', NULL, '2019-05-06 01:35:14', 0, NULL, '192.168.3.172'),(1097, 420, 387, 181, 206, '2019-05-06 01:35:14', NULL, '2019-05-06 01:35:14', 0, NULL, '192.168.3.172'),(1098, 421, 387, 181, 206, '2019-05-06 01:35:14', NULL, '2019-05-06 01:35:14', 0, NULL, '192.168.3.172'),(1099, 422, 387, 181, 206, '2019-05-06 01:35:14', NULL, '2019-05-06 01:35:14', 0, NULL, '192.168.3.172'),(1100, 423, 387, 181, 206, '2019-05-06 01:35:14', NULL, '2019-05-06 01:35:14', 0, NULL, '192.168.3.172'),(1101, 424, 387, 181, 206, '2019-05-06 01:35:14', NULL, '2019-05-06 01:35:14', 0, NULL, '192.168.3.172'),(1102, 425, 387, 181, 206, '2019-05-06 01:35:14', NULL, '2019-05-06 01:35:14', 0, NULL, '192.168.3.172'),(1103, 426, 387, 181, 206, '2019-05-06 01:35:14', NULL, '2019-05-06 01:35:14', 0, NULL, '192.168.3.172'),(1104, 427, 387, 181, 206, '2019-05-06 01:35:14', NULL, '2019-05-06 01:35:14', 0, NULL, '192.168.3.172'),(1105, 428, 387, 181, 206, '2019-05-06 01:35:14', NULL, '2019-05-06 01:35:14', 0, NULL, '192.168.3.172'),(1106, 429, 387, 181, 206, '2019-05-06 01:35:14', NULL, '2019-05-06 01:35:14', 0, NULL, '192.168.3.172'),(1107, 430, 387, 181, 206, '2019-05-06 01:35:14', NULL, '2019-05-06 01:35:14', 0, NULL, '192.168.3.172'),(1108, 431, 387, 181, 206, '2019-05-06 01:35:14', NULL, '2019-05-06 01:35:14', 0, NULL, '192.168.3.172'),(1109, 432, 387, 181, 206, '2019-05-06 01:35:14', NULL, '2019-05-06 01:35:14', 0, NULL, '192.168.3.172'),(1110, 433, 387, 181, 206, '2019-05-06 01:35:14', NULL, '2019-05-06 01:35:14', 0, NULL, '192.168.3.172'),(1111, 434, 387, 181, 206, '2019-05-06 01:35:14', NULL, '2019-05-06 01:35:14', 0, NULL, '192.168.3.172'),(1112, 435, 387, 181, 206, '2019-05-06 01:35:14', NULL, '2019-05-06 01:35:14', 0, NULL, '192.168.3.172'),(1113, 436, 387, 181, 206, '2019-05-06 01:35:14', NULL, '2019-05-06 01:35:14', 0, NULL, '192.168.3.172'),(1114, 437, 387, 181, 206, '2019-05-06 01:35:14', NULL, '2019-05-06 01:35:14', 0, NULL, '192.168.3.172'),(1115, 438, 387, 181, 206, '2019-05-06 01:35:14', NULL, '2019-05-06 01:35:14', 0, NULL, '192.168.3.172'),(1116, 439, 387, 181, 206, '2019-05-06 01:35:14', NULL, '2019-05-06 01:35:14', 0, NULL, '192.168.3.172'),(1117, 440, 387, 181, 206, '2019-05-06 01:35:14', NULL, '2019-05-06 01:35:14', 0, NULL, '192.168.3.172'),(1118, 441, 387, 181, 206, '2019-05-06 01:35:14', NULL, '2019-05-06 01:35:14', 0, NULL, '192.168.3.172'),(1119, 442, 387, 181, 206, '2019-05-06 01:35:14', NULL, '2019-05-06 01:35:14', 0, NULL, '192.168.3.172'),(1120, 443, 387, 181, 206, '2019-05-06 01:35:14', NULL, '2019-05-06 01:35:14', 0, NULL, '192.168.3.172'),(1121, 444, 387, 181, 206, '2019-05-06 01:35:14', NULL, '2019-05-06 01:35:14', 0, NULL, '192.168.3.172'),(1122, 445, 387, 181, 206, '2019-05-06 01:35:14', NULL, '2019-05-06 01:35:14', 0, NULL, '192.168.3.172'),(1123, 446, 387, 181, 206, '2019-05-06 01:35:14', NULL, '2019-05-06 01:35:14', 0, NULL, '192.168.3.172'),(1124, 447, 387, 181, 206, '2019-05-06 01:35:14', NULL, '2019-05-06 01:35:14', 0, NULL, '192.168.3.172'),(1125, 448, 387, 181, 206, '2019-05-06 01:35:14', NULL, '2019-05-06 01:35:14', 0, NULL, '192.168.3.172'),(1126, 449, 387, 181, 206, '2019-05-06 01:35:14', NULL, '2019-05-06 01:35:14', 0, NULL, '192.168.3.172'),(1127, 450, 387, 181, 206, '2019-05-06 01:35:14', NULL, '2019-05-06 01:35:14', 0, NULL, '192.168.3.172'),(1128, 451, 387, 181, 206, '2019-05-06 01:35:14', NULL, '2019-05-06 01:35:14', 0, NULL, '192.168.3.172'),(1129, 452, 387, 181, 206, '2019-05-06 01:35:14', NULL, '2019-05-06 01:35:14', 0, NULL, '192.168.3.172'),(1130, 453, 387, 181, 206, '2019-05-06 01:35:14', NULL, '2019-05-06 01:35:14', 0, NULL, '192.168.3.172'),(1131, 454, 387, 181, 206, '2019-05-06 01:35:14', NULL, '2019-05-06 01:35:14', 0, NULL, '192.168.3.172'),(1132, 455, 387, 181, 206, '2019-05-06 01:35:14', NULL, '2019-05-06 01:35:14', 0, NULL, '192.168.3.172'),(1133, 456, 387, 181, 206, '2019-05-06 01:35:14', NULL, '2019-05-06 01:35:14', 0, NULL, '192.168.3.172'),(1134, 457, 387, 181, 206, '2019-05-06 01:35:14', NULL, '2019-05-06 01:35:14', 0, NULL, '192.168.3.172'),(1135, 458, 387, 181, 206, '2019-05-06 01:35:14', NULL, '2019-05-06 01:35:14', 0, NULL, '192.168.3.172'),(1136, 459, 387, 181, 206, '2019-05-06 01:35:14', NULL, '2019-05-06 01:35:14', 0, NULL, '192.168.3.172'),(1137, 460, 387, 181, 206, '2019-05-06 01:35:14', NULL, '2019-05-06 01:35:14', 0, NULL, '192.168.3.172'),(1138, 461, 387, 181, 206, '2019-05-06 01:35:14', NULL, '2019-05-06 01:35:14', 0, NULL, '192.168.3.172'),(1139, 462, 387, 181, 206, '2019-05-06 01:35:14', NULL, '2019-05-06 01:35:14', 0, NULL, '192.168.3.172'),(1140, 463, 387, 181, 206, '2019-05-06 01:35:14', NULL, '2019-05-06 01:35:14', 0, NULL, '192.168.3.172'),(1141, 464, 387, 181, 206, '2019-05-06 01:35:14', NULL, '2019-05-06 01:35:14', 0, NULL, '192.168.3.172'),(1142, 465, 387, 181, 206, '2019-05-06 01:35:14', NULL, '2019-05-06 01:35:14', 0, NULL, '192.168.3.172'),(1143, 466, 387, 181, 206, '2019-05-06 01:35:14', NULL, '2019-05-06 01:35:14', 0, NULL, '192.168.3.172'),(1144, 467, 387, 181, 206, '2019-05-06 01:35:14', NULL, '2019-05-06 01:35:14', 0, NULL, '192.168.3.172'),(1145, 468, 387, 181, 206, '2019-05-06 01:35:14', NULL, '2019-05-06 01:35:14', 0, NULL, '192.168.3.172'),(1146, 469, 387, 181, 206, '2019-05-06 01:35:14', NULL, '2019-05-06 01:35:14', 0, NULL, '192.168.3.172'),(1147, 470, 387, 181, 206, '2019-05-06 01:35:14', NULL, '2019-05-06 01:35:14', 0, NULL, '192.168.3.172'),(1148, 471, 387, 181, 206, '2019-05-06 01:35:14', NULL, '2019-05-06 01:35:14', 0, NULL, '192.168.3.172'),(1149, 472, 387, 181, 206, '2019-05-06 01:35:14', NULL, '2019-05-06 01:35:14', 0, NULL, '192.168.3.172'),(1150, 473, 387, 181, 206, '2019-05-06 01:35:14', NULL, '2019-05-06 01:35:14', 0, NULL, '192.168.3.172'),(1151, 474, 387, 181, 206, '2019-05-06 01:35:14', NULL, '2019-05-06 01:35:14', 0, NULL, '192.168.3.172'),(1152, 475, 387, 181, 206, '2019-05-06 01:35:14', NULL, '2019-05-06 01:35:14', 0, NULL, '192.168.3.172'),(1153, 476, 387, 181, 206, '2019-05-06 01:35:14', NULL, '2019-05-06 01:35:14', 0, NULL, '192.168.3.172'),(1154, 477, 387, 181, 206, '2019-05-06 01:35:14', NULL, '2019-05-06 01:35:14', 0, NULL, '192.168.3.172'),(1155, 478, 387, 181, 206, '2019-05-06 01:35:14', NULL, '2019-05-06 01:35:14', 0, NULL, '192.168.3.172'),(1156, 479, 387, 181, 206, '2019-05-06 01:35:14', NULL, '2019-05-06 01:35:14', 0, NULL, '192.168.3.172'),(1157, 480, 387, 181, 206, '2019-05-06 01:35:14', NULL, '2019-05-06 01:35:14', 0, NULL, '192.168.3.172'),(1158, 481, 387, 181, 206, '2019-05-06 01:35:14', NULL, '2019-05-06 01:35:14', 0, NULL, '192.168.3.172'),(1159, 482, 387, 181, 206, '2019-05-06 01:35:14', NULL, '2019-05-06 01:35:14', 0, NULL, '192.168.3.172'),(1160, 483, 387, 181, 206, '2019-05-06 01:35:14', NULL, '2019-05-06 01:35:14', 0, NULL, '192.168.3.172'),(1161, 484, 387, 181, 206, '2019-05-06 01:35:14', NULL, '2019-05-06 01:35:14', 0, NULL, '192.168.3.172'),(1162, 485, 387, 181, 206, '2019-05-06 01:35:14', NULL, '2019-05-06 01:35:14', 0, NULL, '192.168.3.172'),(1163, 486, 387, 181, 206, '2019-05-06 01:35:14', NULL, '2019-05-06 01:35:14', 0, NULL, '192.168.3.172'),(1164, 487, 387, 181, 206, '2019-05-06 01:35:14', NULL, '2019-05-06 01:35:14', 0, NULL, '192.168.3.172'),(1165, 488, 387, 181, 206, '2019-05-06 01:35:14', NULL, '2019-05-06 01:35:14', 0, NULL, '192.168.3.172'),(1166, 489, 387, 181, 206, '2019-05-06 01:35:14', NULL, '2019-05-06 01:35:14', 0, NULL, '192.168.3.172'),(1167, 490, 387, 181, 206, '2019-05-06 01:35:14', NULL, '2019-05-06 01:35:14', 0, NULL, '192.168.3.172'),(1168, 491, 387, 181, 206, '2019-05-06 01:35:14', NULL, '2019-05-06 01:35:14', 0, NULL, '192.168.3.172'),(1169, 492, 387, 181, 206, '2019-05-06 01:35:14', NULL, '2019-05-06 01:35:14', 0, NULL, '192.168.3.172'),(1170, 493, 387, 181, 206, '2019-05-06 01:35:14', NULL, '2019-05-06 01:35:14', 0, NULL, '192.168.3.172'),(1171, 494, 387, 181, 206, '2019-05-06 01:35:14', NULL, '2019-05-06 01:35:14', 0, NULL, '192.168.3.172'),(1172, 495, 387, 181, 206, '2019-05-06 01:35:14', NULL, '2019-05-06 01:35:14', 0, NULL, '192.168.3.172'),(1173, 496, 387, 181, 206, '2019-05-06 01:35:14', NULL, '2019-05-06 01:35:14', 0, NULL, '192.168.3.172'),(1174, 497, 387, 181, 206, '2019-05-06 01:35:14', NULL, '2019-05-06 01:35:14', 0, NULL, '192.168.3.172'),(1175, 498, 387, 181, 206, '2019-05-06 01:35:14', NULL, '2019-05-06 01:35:14', 0, NULL, '192.168.3.172'),(1176, 499, 387, 181, 206, '2019-05-06 01:35:14', NULL, '2019-05-06 01:35:14', 0, NULL, '192.168.3.172'),(1177, 500, 387, 181, 206, '2019-05-06 01:35:14', NULL, '2019-05-06 01:35:14', 0, NULL, '192.168.3.172'),(1178, 501, 387, 181, 206, '2019-05-06 01:35:14', NULL, '2019-05-06 01:35:14', 0, NULL, '192.168.3.172'),(1179, 502, 387, 181, 206, '2019-05-06 01:35:14', NULL, '2019-05-06 01:35:14', 0, NULL, '192.168.3.172'),(1180, 503, 387, 181, 206, '2019-05-06 01:35:14', NULL, '2019-05-06 01:35:14', 0, NULL, '192.168.3.172'),(1181, 504, 387, 181, 206, '2019-05-06 01:35:14', NULL, '2019-05-06 01:35:14', 0, NULL, '192.168.3.172'),(1182, 505, 387, 181, 206, '2019-05-06 01:35:14', NULL, '2019-05-06 01:35:14', 0, NULL, '192.168.3.172'),(1183, 506, 387, 181, 206, '2019-05-06 01:35:14', NULL, '2019-05-06 01:35:14', 0, NULL, '192.168.3.172'),(1184, 507, 387, 181, 206, '2019-05-06 01:35:14', NULL, '2019-05-06 01:35:14', 0, NULL, '192.168.3.172'),(1185, 508, 387, 181, 206, '2019-05-06 01:35:14', NULL, '2019-05-06 01:35:14', 0, NULL, '192.168.3.172'),(1186, 509, 387, 181, 206, '2019-05-06 01:35:14', NULL, '2019-05-06 01:35:14', 0, NULL, '192.168.3.172'),(1187, 510, 387, 181, 206, '2019-05-06 01:35:14', NULL, '2019-05-06 01:35:14', 0, NULL, '192.168.3.172'),(1188, 511, 387, 181, 206, '2019-05-06 01:35:14', NULL, '2019-05-06 01:35:14', 0, NULL, '192.168.3.172'),(1189, 512, 387, 181, 206, '2019-05-06 01:35:14', NULL, '2019-05-06 01:35:14', 0, NULL, '192.168.3.172'),(1190, 513, 387, 181, 206, '2019-05-06 01:35:14', NULL, '2019-05-06 01:35:14', 0, NULL, '192.168.3.172'),(1191, 514, 387, 181, 206, '2019-05-06 01:35:14', NULL, '2019-05-06 01:35:14', 0, NULL, '192.168.3.172'),(1192, 515, 387, 181, 206, '2019-05-06 01:35:14', NULL, '2019-05-06 01:35:14', 0, NULL, '192.168.3.172'),(1193, 516, 387, 181, 206, '2019-05-06 01:35:14', NULL, '2019-05-06 01:35:14', 0, NULL, '192.168.3.172'),(1194, 517, 387, 181, 206, '2019-05-06 01:35:14', NULL, '2019-05-06 01:35:14', 0, NULL, '192.168.3.172'),(1195, 518, 387, 181, 206, '2019-05-06 01:35:14', NULL, '2019-05-06 01:35:14', 0, NULL, '192.168.3.172'),(1196, 519, 387, 181, 206, '2019-05-06 01:35:14', NULL, '2019-05-06 01:35:14', 0, NULL, '192.168.3.172'),(1197, 520, 387, 181, 206, '2019-05-06 01:35:14', NULL, '2019-05-06 01:35:14', 0, NULL, '192.168.3.172'),(1198, 521, 387, 181, 206, '2019-05-06 01:35:14', NULL, '2019-05-06 01:35:14', 0, NULL, '192.168.3.172'),(1199, 522, 387, 181, 206, '2019-05-06 01:35:14', NULL, '2019-05-06 01:35:14', 0, NULL, '192.168.3.172'),(1200, 523, 387, 181, 206, '2019-05-06 01:35:14', NULL, '2019-05-06 01:35:14', 0, NULL, '192.168.3.172'),(1201, 524, 387, 181, 206, '2019-05-06 01:35:14', NULL, '2019-05-06 01:35:14', 0, NULL, '192.168.3.172'),(1202, 525, 387, 181, 206, '2019-05-06 01:35:14', NULL, '2019-05-06 01:35:14', 0, NULL, '192.168.3.172'),(1203, 526, 387, 181, 206, '2019-05-06 01:35:14', NULL, '2019-05-06 01:35:14', 0, NULL, '192.168.3.172'),(1204, 527, 387, 181, 206, '2019-05-06 01:35:14', NULL, '2019-05-06 01:35:14', 0, NULL, '192.168.3.172'),(1205, 528, 387, 181, 206, '2019-05-06 01:35:14', NULL, '2019-05-06 01:35:14', 0, NULL, '192.168.3.172'),(1206, 529, 387, 181, 206, '2019-05-06 01:35:14', NULL, '2019-05-06 01:35:14', 0, NULL, '192.168.3.172'),(1207, 530, 387, 181, 206, '2019-05-06 01:35:14', NULL, '2019-05-06 01:35:14', 0, NULL, '192.168.3.172'),(1208, 531, 387, 181, 206, '2019-05-06 01:35:14', NULL, '2019-05-06 01:35:14', 0, NULL, '192.168.3.172'),(1209, 532, 387, 181, 206, '2019-05-06 01:35:14', NULL, '2019-05-06 01:35:14', 0, NULL, '192.168.3.172'),(1210, 533, 387, 181, 206, '2019-05-06 01:35:14', NULL, '2019-05-06 01:35:14', 0, NULL, '192.168.3.172'),(1211, 534, 387, 181, 206, '2019-05-06 01:35:14', NULL, '2019-05-06 01:35:14', 0, NULL, '192.168.3.172'),(1212, 535, 387, 181, 206, '2019-05-06 01:35:14', NULL, '2019-05-06 01:35:14', 0, NULL, '192.168.3.172'),(1213, 536, 387, 181, 206, '2019-05-06 01:35:14', NULL, '2019-05-06 01:35:14', 0, NULL, '192.168.3.172'),(1214, 537, 387, 181, 206, '2019-05-06 01:35:14', NULL, '2019-05-06 01:35:14', 0, NULL, '192.168.3.172'),(1215, 538, 387, 181, 206, '2019-05-06 01:35:14', NULL, '2019-05-06 01:35:14', 0, NULL, '192.168.3.172'),(1216, 539, 387, 181, 206, '2019-05-06 01:35:14', NULL, '2019-05-06 01:35:14', 0, NULL, '192.168.3.172'),(1217, 540, 387, 181, 206, '2019-05-06 01:35:14', NULL, '2019-05-06 01:35:14', 0, NULL, '192.168.3.172'),(1218, 541, 387, 181, 206, '2019-05-06 01:35:14', NULL, '2019-05-06 01:35:14', 0, NULL, '192.168.3.172'),(1219, 542, 387, 181, 206, '2019-05-06 01:35:14', NULL, '2019-05-06 01:35:14', 0, NULL, '192.168.3.172'),(1220, 543, 387, 181, 206, '2019-05-06 01:35:14', NULL, '2019-05-06 01:35:14', 0, NULL, '192.168.3.172'),(1221, 544, 387, 181, 206, '2019-05-06 01:35:14', NULL, '2019-05-06 01:35:14', 0, NULL, '192.168.3.172'),(1222, 545, 387, 181, 206, '2019-05-06 01:35:14', NULL, '2019-05-06 01:35:14', 0, NULL, '192.168.3.172'),(1223, 546, 387, 181, 206, '2019-05-06 01:35:14', NULL, '2019-05-06 01:35:14', 0, NULL, '192.168.3.172'),(1224, 547, 387, 181, 206, '2019-05-06 01:35:14', NULL, '2019-05-06 01:35:14', 0, NULL, '192.168.3.172'),(1225, 548, 387, 181, 206, '2019-05-06 01:35:14', NULL, '2019-05-06 01:35:14', 0, NULL, '192.168.3.172'),(1226, 549, 387, 181, 206, '2019-05-06 01:35:14', NULL, '2019-05-06 01:35:14', 0, NULL, '192.168.3.172'),(1227, 550, 387, 181, 206, '2019-05-06 01:35:14', NULL, '2019-05-06 01:35:14', 0, NULL, '192.168.3.172'),(1228, 551, 387, 181, 206, '2019-05-06 01:35:14', NULL, '2019-05-06 01:35:14', 0, NULL, '192.168.3.172'),(1229, 552, 387, 181, 206, '2019-05-06 01:35:14', NULL, '2019-05-06 01:35:14', 0, NULL, '192.168.3.172'),(1230, 553, 387, 181, 206, '2019-05-06 01:35:14', NULL, '2019-05-06 01:35:14', 0, NULL, '192.168.3.172'),(1231, 556, 387, 182, 206, '2019-05-06 02:23:38', NULL, '2019-05-06 02:23:38', 0, NULL, '114.222.211.209'),(1232, 553, 345, 181, 206, '2019-05-06 03:52:09', NULL, '2019-05-06 03:52:09', 0, NULL, '114.222.211.209'),(1233, 354, 345, 181, 206, '2019-05-06 03:52:35', NULL, '2019-05-06 03:52:35', 0, NULL, '114.222.211.209'),(1234, 353, 345, 181, 206, '2019-05-06 03:52:35', NULL, '2019-05-06 03:52:35', 0, NULL, '114.222.211.209'),(1235, 305, 369, 182, 206, '2019-05-06 04:00:33', NULL, '2019-05-06 04:00:33', 0, NULL, '192.168.2.12'),(1236, 305, 369, 184, 206, '2019-05-06 04:00:35', NULL, '2019-05-06 04:00:35', 0, NULL, '192.168.2.12'),(1239, 257, 199, 181, 206, '2019-05-06 04:32:20', NULL, '2019-05-06 04:32:20', 0, NULL, '114.222.211.209'),(1240, 206, 199, 196, 206, '2019-05-06 04:32:20', NULL, '2019-05-06 04:32:20', 0, NULL, '114.222.211.209'),(1241, 285, 395, 181, 257, '2019-05-07 01:21:34', NULL, '2019-05-07 01:21:34', 0, NULL, '114.222.211.209'),(1242, 286, 395, 182, 257, '2019-05-07 01:21:34', NULL, '2019-05-07 01:21:34', 0, NULL, '114.222.211.209'),(1243, 260, 397, 181, 257, '2019-05-07 01:21:57', NULL, '2019-05-07 01:21:57', 0, NULL, '114.222.211.209'),(1244, 305, 397, 181, 257, '2019-05-07 01:21:57', NULL, '2019-05-07 01:21:57', 0, NULL, '114.222.211.209'),(1245, 285, 396, 181, 257, '2019-05-07 01:21:57', NULL, '2019-05-07 01:21:57', 0, NULL, '114.222.211.209'),(1246, 280, 396, 181, 257, '2019-05-07 01:21:57', NULL, '2019-05-07 01:21:57', 0, NULL, '114.222.211.209'),(1247, 257, 398, 181, 257, '2019-05-07 01:28:14', NULL, '2019-05-07 01:28:14', 0, NULL, '114.222.211.209'),(1248, 263, 399, 182, 257, '2019-05-07 01:28:14', NULL, '2019-05-07 01:28:14', 0, NULL, '114.222.211.209'),(1249, 263, 399, 182, 257, '2019-05-07 01:28:14', NULL, '2019-05-07 01:28:14', 0, NULL, '114.222.211.209'),(1250, 263, 399, 182, 257, '2019-05-07 01:28:14', NULL, '2019-05-07 01:28:14', 0, NULL, '114.222.211.209'),(1251, 263, 399, 182, 257, '2019-05-07 01:28:14', NULL, '2019-05-07 01:28:14', 0, NULL, '114.222.211.209'),(1252, 262, 399, 181, 257, '2019-05-07 01:28:14', NULL, '2019-05-07 01:28:14', 0, NULL, '114.222.211.209'),(1253, 306, 399, 181, 257, '2019-05-07 01:28:14', NULL, '2019-05-07 01:28:14', 0, NULL, '114.222.211.209'),(1254, 260, 399, 181, 257, '2019-05-07 01:28:14', NULL, '2019-05-07 01:28:14', 0, NULL, '114.222.211.209'),(1255, 304, 399, 181, 257, '2019-05-07 01:28:14', NULL, '2019-05-07 01:28:14', 0, NULL, '114.222.211.209'),(1256, 247, 399, 181, 257, '2019-05-07 01:28:14', NULL, '2019-05-07 01:28:14', 0, NULL, '114.222.211.209'),(1257, 305, 399, 181, 257, '2019-05-07 01:28:14', NULL, '2019-05-07 01:28:14', 0, NULL, '114.222.211.209'),(1258, 256, 400, 182, 257, '2019-05-07 01:28:14', NULL, '2019-05-07 01:28:14', 0, NULL, '114.222.211.209'),(1259, 255, 400, 181, 257, '2019-05-07 01:28:14', NULL, '2019-05-07 01:28:14', 0, NULL, '114.222.211.209'),(1260, 254, 400, 181, 257, '2019-05-07 01:28:14', NULL, '2019-05-07 01:28:14', 0, NULL, '114.222.211.209'),(1261, 252, 400, 181, 257, '2019-05-07 01:28:14', NULL, '2019-05-07 01:28:14', 0, NULL, '114.222.211.209'),(1262, 262, 297, 181, 257, '2019-05-07 01:30:06', NULL, '2019-05-07 01:30:06', 0, NULL, '114.222.211.209'),(1263, 262, 297, 181, 257, '2019-05-07 01:31:11', NULL, '2019-05-07 01:31:11', 0, NULL, '114.222.211.209'),(1264, 277, 389, 181, 257, '2019-05-07 01:35:21', NULL, '2019-05-07 01:35:21', 0, NULL, '114.222.211.209'),(1265, 280, 392, 181, 257, '2019-05-07 01:35:32', NULL, '2019-05-07 01:35:32', 0, NULL, '114.222.211.209'),(1266, 260, 393, 181, 257, '2019-05-07 01:36:49', NULL, '2019-05-07 01:36:49', 0, NULL, '114.222.211.209'),(1267, 305, 393, 181, 257, '2019-05-07 01:36:49', NULL, '2019-05-07 01:36:49', 0, NULL, '114.222.211.209'),(1268, 280, 390, 181, 257, '2019-05-07 01:37:15', NULL, '2019-05-07 01:37:15', 0, NULL, '114.222.211.209'),(1298, 274, 233, 181, 247, '2019-05-07 02:37:17', NULL, '2019-05-07 02:37:17', 0, NULL, '192.168.3.161'),(1301, 276, 237, 181, 247, '2019-05-07 02:41:23', NULL, '2019-05-07 02:41:23', 0, NULL, '192.168.3.161'),(1306, 304, 385, 181, 257, '2019-05-07 03:59:22', NULL, '2019-05-07 03:59:22', 0, NULL, '192.168.3.150'),(1307, 304, 385, 181, 257, '2019-05-07 04:01:18', NULL, '2019-05-07 04:01:18', 0, NULL, '192.168.3.150'),(1308, 304, 385, 181, 257, '2019-05-07 04:10:06', NULL, '2019-05-07 04:10:06', 0, NULL, '192.168.3.150'),(1309, 304, 385, 181, 257, '2019-05-07 04:17:03', NULL, '2019-05-07 04:17:03', 0, NULL, '192.168.3.150'),(1310, 353, 385, 181, 257, '2019-05-07 04:21:06', NULL, '2019-05-07 04:21:06', 0, NULL, '192.168.3.150'),(1313, 257, 385, 181, 257, '2019-05-07 04:33:00', NULL, '2019-05-07 04:33:00', 0, NULL, '192.168.3.150'),(1314, 286, 199, 182, 257, '2019-05-07 05:49:25', NULL, '2019-05-07 05:49:25', 0, NULL, '114.222.211.209'),(1315, 285, 199, 181, 257, '2019-05-07 05:49:25', NULL, '2019-05-07 05:49:25', 0, NULL, '114.222.211.209'),(1316, 352, 199, 213, 257, '2019-05-07 05:49:25', NULL, '2019-05-07 05:49:25', 0, NULL, '114.222.211.209'),(1317, 351, 199, 182, 257, '2019-05-07 05:49:25', NULL, '2019-05-07 05:49:25', 0, NULL, '114.222.211.209'),(1318, 350, 199, 185, 257, '2019-05-07 05:49:25', NULL, '2019-05-07 05:49:25', 0, NULL, '114.222.211.209'),(1319, 251, 199, 181, 257, '2019-05-07 05:49:25', NULL, '2019-05-07 05:49:25', 0, NULL, '114.222.211.209'),(1320, 251, 199, 184, 257, '2019-05-07 05:49:25', NULL, '2019-05-07 05:49:25', 0, NULL, '114.222.211.209'),(1321, 560, 239, 182, 247, '2019-05-08 03:57:05', NULL, '2019-05-08 03:57:05', 0, NULL, '114.222.211.209'),(1322, 247, 240, 181, 247, '2019-05-08 03:59:21', NULL, '2019-05-08 03:59:21', 0, NULL, '114.222.211.209'),(1323, 247, 240, 184, 247, '2019-05-08 03:59:21', NULL, '2019-05-08 03:59:21', 0, NULL, '114.222.211.209');
UNLOCK TABLES;
COMMIT;
